7974
1527
1607
1603
2064
1607
1468
1507
2001
2108
1965
1585
1962
1968
2005
1675
2062
2062
1490
1960
1961
1566
2092
2185
1531
1649
1486
2085
1447
1542
1674
1488
1534
1955
1655
1503
1561
1994
1863
1450
1488
1532
1941
1998
2045
1476
1995
2021
1958
1969
2071
1432
1485
1537
2060
2050
1522
1499
1492
2180
1462
1589
1556
2054
1481
1492
1537
1639
1509
2006
2020
1438
2021
2049
1522
2213
2051
1917
1422
1916
2120
2185
2021
1963
1962
1786
1647
1529
2010
1932
1602
1438
1455
1955
1580
1498
1487
2035
1566
1553
1539
1966
2156
1467
1906
1987
2076
1691
1981
1975
2056
1504
1746
1567
1917
1507
2092
2088
1545
2088
2070
1487
1566
1452
1829
1593
1533
1501
2045
1633
2048
2077
2039
1520
2072
1996
1937
1546
1501
1538
2182
1939
1431
1627
1558
2002
1578
1423
1983
2003
1548
2041
1983
1475
1891
2074
1997
1565
2053
2557
1984
2072
1765
2091
2022
2043
1494
1946
1929
1556
2052
2038
1628
1468
1463
1976
1579
1546
1515
1976
2060
1496
2088
2078
2023
1448
1961
1921
1863
1531
1972
1879
1975
2076
1564
2032
2069
2017
1501
2008
2026
1623
1554
1570
2056
1624
1446
1960
1555
1510
1508
1858
1937
1980
1545
2083
1939
2036
1429
1997
1999
2081
1553
2023
2026
1956
1948
1557
2002
1949
1935
1470
1716
1724
2094
1510
1517
1471
1972
1556
1945
2547
1439
1463
1512
2146
2038
2151
1557
2032
1985
1906
1486
2082
1971
1943
1626
1666
1578
1591
2074
1498
1496
1485
2071
1550
1517
1625
1953
1907
1476
2050
1696
2156
2035
1870
1590
1913
2039
2082
1543
1937
2025
2089
1448
1548
1519
2049
1936
1666
2008
1980
1938
1512
1887
1922
2019
1578
2042
2072
2050
1463
1873
1920
1580
2064
2074
1479
1444
1482
1989
1551
1527
1511
1886
1464
1448
1562
2110
1592
1646
1458
2189
1526
1571
1509
1975
1465
1444
1528
1993
2079
2095
1549
1945
2573
1672
1950
1907
1922
1450
1954
2049
1529
1976
2106
1492
1445
1422
1529
1514
2596
1950
1981
1605
1936
2102
1980
1454
1995
2020
2118
1490
1987
2012
1955
1492
1998
1536
1630
1465
1981
1484
1516
1517
1984
1514
1484
1425
1937
1449
1554
2078
2042
1483
2038
2181
1553
1517
1455
1932
1571
1456
1538
2076
1563
1485
1497
1904
1961
1727
1939
1881
1907
1464
1936
2107
2069
1512
2016
1955
2002
1414
2245
1914
2519
1950
1636
1994
2029
2052
1500
1976
2033
2032
2042
1565
1950
1978
1479
2018
1534
1570
1514
1997
1410
1505
1498
2016
1991
2002
1491
1848
1916
1905
2235
1531
1536
1611
2088
2086
1609
1530
1621
2067
1486
1445
1668
2017
1550
1555
1643
1944
1541
2005
1989
1947
1461
1924
1928
2063
1550
2064
2070
1989
1581
1975
2130
2063
2067
1493
1986
2037
1956
1556
2004
2103
1994
1420
2019
2314
2038
1531
2032
1864
1662
1558
1577
1992
1453
1503
1696
2093
2020
1496
1945
1939
1903
1447
1951
2003
1955
1488
2059
2133
2209
1590
1523
1533
2064
1908
1561
1569
1567
1517
1568
1927
1551
1558
1536
1985
1587
2168
1937
1525
2055
2133
1515
2079
2125
1974
1523
2081
1520
1487
2064
2013
2172
1553
1953
1970
1593
1448
2041
2029
1543
1546
1960
1871
1486
2125
1614
1464
1474
1490
1550
2079
2051
1585
1497
1426
2039
1973
1603
1541
1470
1914
1956
1951
1926
1619
2022
2095
1447
2021
2065
1519
1989
1534
1970
1459
1718
1649
2004
1836
1432
1489
1508
2009
2043
1575
1668
1611
1890
1997
2114
1559
2535
2047
1569
1603
1541
2135
1966
1475
1482
1497
2134
1964
1693
1506
1998
1946
1470
1613
2087
1919
1393
1910
2100
1527
2147
2076
1503
1987
1916
1521
1956
2027
1964
1536
1941
2058
1483
2069
1965
1940
2012
1960
2046
1520
2181
1959
2061
1489
2006
2101
2042
1559
1847
1892
1462
1949
2050
1497
2031
1846
1422
1857
1971
2077
1477
1974
2025
2174
1749
2063
2053
1997
1890
1931
1504
2026
2061
1522
1962
1922
1477
2077
1994
1954
1493
1461
1458
1943
2000
1480
1442
1447
1901
1605
2056
1458
1467
1557
2001
1478
1963
1503
1536
1445
2023
1430
2066
2127
2075
1516
1475
1435
2033
2151
1537
1480
1387
1423
1910
1693
1547
1486
1935
1462
1487
2038
2112
901
1981
1435
2015
2055
2165
1528
1999
1938
1880
1425
2061
2105
1474
1996
2059
1418
1512
1664
2081
2009
1403
1559
1504
1967
1970
1523
1510
1417
1453
1402
1997
1941
1452
1934
1618
2059
2036
2438
1489
2004
2047
1531
2100
1441
1977
1546
1405
1481
1927
2013
1545
1416
1522
1997
1914
1527
1535
1566
2078
1980
1465
1574
1551
2026
2578
1458
1483
1561
1982
2001
1515
1435
1467
1911
1970
1603
1497
1485
1977
1981
1988
1501
2012
1941
1421
1963
1483
2095
1529
1953
1877
1816
1530
1384
1511
1946
1983
2021
1471
2034
1506
1657
2097
1431
1446
1388
1515
1524
2091
1499
1486
1424
1598
1515
2085
1441
1405
1392
1959
1494
2109
1977
1514
1955
1943
1543
1945
1975
1428
1942
1474
1505
2142
1963
1459
1858
1905
1385
2056
2022
2037
1621
1412
1394
2065
1966
1519
1870
1409
1445
1716
1455
1486
2270
1453
1417
1416
1416
1526
2079
2056
2025
1509
2034
2198
2014
2005
1407
1449
1426
2022
1941
1506
1465
1453
1993
2047
1542
1583
1574
2000
1964
1516
1524
1524
2268
1480
1887
1900
1871
1477
2082
2039
1951
1463
2034
1967
1966
1980
839
1485
1421
2001
1928
1479
1466
2105
1414
2682
2057
2075
1444
1976
2040
1886
1499
2030
2005
1433
1870
1934
1447
1526
1639
2490
1926
1511
1517
1458
2117
1968
1479
1426
1431
1971
1954
1585
1643
2043
1383
2039
2222
1527
1961
1859
1398
1926
2014
2010
1521
1971
1413
1989
2046
2031
1427
2521
1919
2040
1654
2075
1535
2014
1412
1886
1922
1511
2041
1547
2039
2025
1402
2091
2007
2043
1480
2031
1886
1955
1515
1987
2001
2167
1455
2207
2045
1475
1957
2054
1415
2132
2072
1548
1979
1430
1422
1855
1385
1458
1485
2007
1575
1456
1427
1986
1487
1441
1427
2017
1423
1964
1477
1642
965
1601
1407
2032
2009
1977
1522
1588
1427
1506
1451
2036
1940
1427
1431
2096
1964
2045
1619
1473
2337
2093
1449
1951
2037
1453
1430
1444
1524
1990
2022
1502
2256
1438
1447
1409
2008
2145
1946
1525
1995
1544
1488
1565
2195
1954
2041
1861
1841
1462
1522
1580
1491
1444
1433
2166
1509
1469
1446
1483
1563
1486
1500
2035
1989
1514
1447
1477
1503
2059
1525
2630
1871
1576
1488
1473
1445
1926
1515
1864
1420
2046
1570
2068
2073
912
2047
2134
1490
1874
1439
1897
787
2053
2216
1471
1966
1506
1483
1922
1432
1918
2101
1496
2000
2115
2023
1514
2054
1979
1411
1849
1506
1459
1535
1919
1479
2023
1447
2079
1518
1997
2539
1446
1904
892
1941
2041
1530
2082
1516
1408
1907
862
1971
1967
1486
1962
1529
2077
2020
1483
1427
1959
1939
2027
2126
1952
2029
1477
1439
2049
2005
1945
1428
2028
1382
2104
2003
1633
1979
1990
1503
1464
2034
1996
2079
1490
2042
2057
1582
1549
2033
1901
1380
1407
1983
2099
1491
1576
1494
2107
1996
2057
2065
2050
1450
1458
1422
2060
1460
1967
2063
1981
1434
1405
1413
1938
1516
1952
1860
2130
1521
1484
2076
2027
1991
1456
2011
2076
1971
1474
1977
1480
1927
1960
1538
1916
1937
1968
1372
2153
2086
2001
1912
2083
1427
1452
1390
1995
2054
2052
1940
1979
1653
1968
2061
1497
1403
1433
1441
1596
1660
2073
1980
1488
1473
1930
1475
1494
1403
1614
1410
2080
887
846
1540
1487
1913
1847
1887
1935
893
1466
1443
1554
1508
1674
2176
1490
1902
1384
1949
1936
1535
1435
1516
1526
1967
1594
2056
1925
1410
2067
1533
1490
2040
1517
2155
2069
1443
1910
1418
1571
1930
1500
1832
1546
1549
1556
1905
1580
1376
1448
2025
1434
1579
1499
2081
1457
1472
1495
2090
2015
1428
1447
1477
1514
1921
1444
1990
1975
1444
1903
1408
1498
1639
2064
1489
1544
2087
2117
1469
1464
1377
1443
1499
1934
2032
904
2002
1477
1525
1519
1529
1971
2029
1436
1851
1549
1574
1447
2016
2038
1977
1436
1996
1450
1691
1516
2081
2016
1931
2104
1485
1906
1982
1878
1985
1459
1657
1596
2047
1776
2012
2795
1918
1487
1557
1494
1858
1588
2096
2046
1997
1490
1440
1422
1880
1479
2044
1959
2026
1549
1524
2010
1993
1996
1539
2007
1870
1956
1574
2169
2034
1973
1395
2687
1548
1486
1915
1408
1421
2104
2083
1937
1891
2132
1497
1445
2014
2011
2116
2012
1967
2002
1567
1971
1539
1896
1871
1856
1904
1451
2201
1468
2067
1998
1460
2036
2249
1472
1905
1424
1965
2050
1459
2095
1530
1655
1902
1458
1928
1899
1499
2450
1449
1534
2035
2085
1486
1583
1939
2008
2032
1954
1994
1983
1613
1447
1868
2054
2181
1475
1416
2071
1416
2123
1985
1504
2095
1902
1406
2051
1981
1512
1544
2002
1969
2207
2065
1934
1482
1914
1439
1409
1458
1512
1992
2020
1588
1501
2039
1522
1491
1501
1942
1498
1393
2143
891
1942
1567
1944
1422
1500
1436
1412
937
1393
1366
1673
2072
1515
1952
1608
1425
2038
1416
1446
1514
1556
1536
1472
1391
2070
2032
2265
1926
1410
1398
1508
1478
1427
1992
1969
1403
1860
1416
1455
1496
2010
1455
2084
1510
2102
1476
1412
1378
1867
1435
1441
2099
2009
1952
1623
1381
1492
2611
1500
1808
1413
2027
1487
1482
1466
1578
1446
1443
1420
1419
2061
2138
1451
1448
1521
1954
1954
1511
1474
1388
1844
1428
1954
1498
2035
918
2091
2051
1508
1563
1860
1944
806
1875
2027
1486
1978
2088
1457
1462
1991
2179
1454
2016
2141
1398
2077
1923
1524
2172
1950
1871
1944
1436
1995
2327
1640
1476
1909
1934
1530
2122
1439
1928
2002
1414
890
1917
1962
884
2173
2045
1407
817
2178
1481
2585
1854
1945
1990
1950
1551
1451
1912
1928
1448
1980
2120
2005
1970
1919
2007
2064
1643
2216
2056
1409
1931
1981
1969
1969
1923
1966
1439
2078
2023
1455
2042
2114
1982
1927
1507
1557
1476
1469
1824
1391
2005
2023
1992
1492
1576
1542
1892
1577
2146
2160
1393
1986
1502
1507
1501
2036
1523
2193
1959
1987
1998
1439
1647
2080
1413
1560
2081
1968
923
2067
1883
850
1954
1486
2004
2043
911
2097
2143
2118
2008
1565
1941
1543
1401
1957
2056
1996
1640
1469
1952
2046
2177
1972
1496
2019
1975
1541
1529
1979
2039
1555
1433
1414
1944
1502
1477
2099
1509
2044
1428
1509
1549
1480
1429
1419
1498
1977
2068
2072
1588
1680
1463
1956
2017
1476
1548
1573
2029
2056
1719
2021
1484
1992
1947
1397
2033
1431
2135
2028
1575
2215
1651
2174
1936
1449
1466
1407
2050
1609
2106
1473
2137
1476
1415
1426
2014
1503
1454
1593
1554
1970
1602
2312
1541
1441
1484
1889
1444
1514
1502
2035
1505
1458
1936
1547
2005
1485
1417
1471
1454
1519
1491
1461
1508
2100
1390
1877
829
848
2041
1485
1383
1520
1749
1520
1492
1432
1856
1869
809
1926
1512
925
912
1509
1466
1529
1481
1959
2037
1397
1883
1503
1693
1456
2154
1962
1973
1376
2012
1457
1517
2033
1388
1529
1668
1550
2106
2019
1901
1380
1857
1909
2076
2198
1480
1709
1571
2096
1498
2029
1999
2068
1915
1492
1477
1440
2205
1615
2015
1905
1899
2057
2137
1548
1939
1523
2013
1981
1930
1955
781
1369
1934
1940
1938
2162
1534
2094
2045
2076
2018
1452
2023
1874
1438
1979
2145
1982
2001
1952
1922
1965
1595
2009
2190
1457
1404
2029
2075
1926
1980
1436
2007
1948
1594
1474
2040
1489
2148
2040
1960
2043
1594
1907
1438
1889
1908
2081
1989
1462
2049
1495
2034
1838
1418
2089
2047
2151
1974
1653
2003
2029
1962
1917
1396
1924
1862
1450
2096
2039
2088
2101
1966
1479
2037
1504
1965
1963
2009
1921
1929
1492
2024
1994
2010
2148
2055
1488
1820
1911
2091
2110
2110
2018
1672
2020
1989
1489
1907
1417
1854
1892
1468
1471
1921
2000
1592
2064
1527
1482
2091
2031
1888
1941
2014
2061
2067
1535
1689
1606
1883
1955
1493
1515
1433
1412
1967
1911
2135
2051
2027
1456
1947
2029
1460
1984
2087
1437
1418
1967
1553
1473
1522
1507
1416
1925
1448
2083
2033
2085
1984
2046
1439
2715
2085
1508
1994
1885
1920
1890
2136
2067
1507
2193
1973
1448
1971
1503
1512
1449
2095
1924
1547
1930
2082
1478
1406
2032
1994
1541
2137
1554
1935
1906
1418
1445
2247
2068
1406
2008
1428
2107
2042
2106
2117
1901
1410
1413
1457
2073
2151
1438
1454
1565
2086
2166
2003
2040
2026
2010
1421
1542
1491
2060
2102
1425
1384
1453
1533
2013
1960
1824
1442
1443
1534
1541
1496
1985
1398
1985
1930
2138
1928
1480
1916
1992
2132
1504
1498
1495
1960
1885
1406
2084
2038
1520
1519
1493
1407
2121
1521
1480
1587
1432
1427
1979
1471
1584
1486
2086
1393
1412
1404
2029
2032
1438
1930
1918
2037
1529
2069
1510
2037
1429
1395
1466
1504
1939
1611
1905
1958
2677
1977
1546
1429
1946
1421
1433
1639
1571
2077
1967
1563
1402
1389
2056
1457
1982
1867
1912
2038
1498
1525
2018
1612
1411
1394
1508
1443
1463
2037
1894
1419
1594
1487
1951
1882
1977
1459
1484
1944
1513
1955
1434
2022
1932
1929
918
2017
1954
1488
1464
2126
2061
2045
1473
1474
2059
1988
1516
1490
1487
2017
1577
1402
1497
2100
1465
1582
1472
1873
1926
1963
2021
1488
1963
1947
1457
1993
2090
1497
1447
1436
2061
2537
2098
1509
1491
2025
1981
1895
1632
2005
2107
1518
1505
1394
1457
2124
2100
1493
1970
2157
2068
2160
1540
2107
1889
1512
1473
1417
1525
1974
1464
2205
1477
2089
1972
2136
2108
2067
2016
1467
1487
1427
2127
2062
1452
1388
1692
2033
1983
1871
1813
1461
1445
1515
1913
1960
1461
1992
2071
2015
1967
1475
1433
1881
1900
1641
1505
1556
2071
2013
2061
1832
1708
1602
1505
1970
2030
1414
1515
2095
1960
1997
791
1950
2075
1937
1956
1476
1938
1913
1443
1415
2122
1484
1452
1477
1483
1591
2086
1485
2016
2014
1411
2051
2138
2005
1510
2059
1957
1414
1483
2011
1956
1456
1372
1442
2020
1605
1675
1452
1436
1959
2041
1393
1447
1456
1995
1438
2006
2067
2125
2002
969
1413
2155
1417
1506
870
949
1499
1998
1924
1463
1542
1536
2102
1844
2003
1421
1479
2097
1509
1951
1400
1402
1362
1942
1943
1945
1938
1484
1550
1556
2033
2058
1902
1428
1402
1487
2040
1576
1485
1581
1415
1486
1641
1501
1429
1508
1420
1458
1575
1523
2069
1438
1464
1450
1425
1504
1481
1936
1438
1925
1971
2002
2125
1461
1430
1979
1991
1511
1505
1544
1459
1993
1915
1569
1955
1981
1422
1855
1472
1444
1640
1530
1531
1483
1591
1874
1408
1493
1615
2549
1509
1525
1550
2051
904
2081
1882
2176
1934
1469
2026
1459
1498
1448
2028
2072
2067
1542
2048
1936
1994
1474
1983
1952
1448
1939
1853
1411
2005
2049
1511
1472
2035
2153
1519
2179
2278
1485
1953
1884
1902
2023
2080
2166
1962
1884
1856
1471
2095
1949
1896
1482
1839
1998
2061
1521
1979
2096
1423
1433
1452
2204
1516
2034
1470
1494
1486
2041
1522
1492
2074
2019
1387
1517
1949
2052
1982
2025
1951
1482
2210
2053
1980
1446
2050
1480
1949
1515
1621
1435
1449
2032
1971
2014
1949
1948
1901
1943
1519
2009
1546
1973
1467
1981
2018
1467
1701
1510
1451
2068
1462
1978
1492
1505
1548
1395
2157
2016
2096
1953
1921
1414
811
883
1416
2021
2091
1417
1405
1481
1541
1960
2034
2091
1907
2020
1400
1473
1456
1482
1989
2016
1437
1460
2172
1521
1392
2035
1975
2073
2049
1519
1458
1456
1498
1380
1492
2015
1991
1988
2007
1454
1541
1482
2191
1979
1415
842
1950
2085
2001
1524
2093
1905
1915
1951
1602
1460
1602
1480
862
1428
1536
1523
1486
2062
1399
1419
1387
1500
2124
1462
1438
2164
2126
1933
2015
1986
1403
1429
1582
1518
1458
1522
1501
1459
1356
2091
1618
1543
1910
1991
1957
1481
2056
2051
2145
1978
1411
1520
1413
1512
1944
2503
1602
1501
1556
1453
1512
1519
1967
2001
1946
4485
1931
1944
1544
1440
1947
2070
1985
2044
1431
1995
1473
1986
2033
2126
1624
2031
1414
1865
1401
1976
2154
1935
1436
2005
1559
1539
1517
1548
2134
1461
1401
2093
1505
1584
1475
1542
2198
2765
1600
2024
1902
1870
1900
1465
1948
2055
1994
1461
1921
1450
2003
1587
1511
1456
1886
1905
2016
2068
2080
2013
1980
1438
1395
906
1992
917
1961
1916
829
1437
1487
1586
1986
1442
1459
935
1509
925
1456
1437
1919
1862
2049
1491
2198
2513
1563
1501
1515
908
2050
2092
1474
1392
1403
1502
1549
2067
2102
1938
1874
1983
1961
2125
1979
1375
1389
2034
2106
1522
1692
1422
1394
1443
1974
2044
1946
1884
1464
2089
1599
1672
2016
1543
2080
2004
1369
1514
1528
1946
1521
1464
1828
1901
1532
1919
1981
1925
2008
2061
2057
2061
2139
2033
1431
1911
1908
1987
2104
2600
2009
2093
1978
2014
2007
1685
1997
1421
1935
1519
1493
1445
2098
2030
1879
2120
2073
2014
1972
1940
1978
2217
1688
1508
1579
1473
2030
1991
1462
1674
1475
1453
2001
2013
2018
1632
1477
2113
1988
1520
1447
2025
1467
1557
945
1433
1562
1471
1747
1503
1935
1927
1968
1988
1981
1517
1989
1960
2010
1557
1987
1527
1475
1472
1438
1944
2062
1489
1530
2026
1436
1448
1389
1546
2040
1971
1547
2134
1875
2570
1974
1528
1481
1428
1416
1496
1517
2080
2024
1902
2018
1418
1397
1493
2021
2489
1443
1470
1967
1946
2057
2002
1999
2051
1387
1660
1510
1514
1509
829
1533
1497
2007
1571
814
839
1424
1450
1976
1665
907
1473
1868
1901
1635
2060
2037
2080
1429
1598
1562
1946
1500
1614
1418
1393
2054
1429
1503
2006
2112
2034
1589
1959
1940
1523
1570
1873
1948
1505
1610
1995
2110
2299
1955
1388
1421
1978
2006
2077
1392
2067
1944
2026
1519
1477
1359
1382
2041
1953
2163
1478
892
1474
868
2673
2043
1979
1402
1423
1979
2132
1969
1976
1679
1948
1942
1935
1978
2090
1962
1456
1860
1574
1988
2288
2039
1967
1387
1384
2005
1447
1947
1965
1979
1480
2048
2041
1951
1557
1466
1585
1381
2051
2005
2122
2097
1457
1439
1395
2061
1569
1507
2750
1874
2023
1989
1677
1531
2071
1980
1409
1923
1872
1473
1939
1985
1656
1415
2748
1982
1962
1964
2067
1374
1939
1947
1651
1507
1888
1901
1918
1899
1472
2031
1486
1909
1644
2089
2001
1945
1440
1971
1985
1944
1457
1521
1501
2109
1980
1422
2063
2021
1502
1833
1447
1855
1543
1466
1493
2051
1486
1939
4674
1453
2077
1517
2491
1468
1554
1925
2123
2060
1424
1955
1398
1438
1468
2102
1488
1496
879
1397
1561
1759
1888
1892
1427
1891
1500
1743
1655
1501
1483
1946
1898
1428
1990
1875
1729
1895
1586
1625
1483
1437
2031
1940
1481
1452
1415
2089
1981
2034
1911
2063
2044
1546
1494
1508
1420
1582
2080
1468
1503
1481
1463
1415
1398
1389
1450
1959
1516
1449
2005
1516
1551
1565
1984
1464
1373
1382
1506
1496
1998
1653
1924
2067
1503
1540
1491
1850
1970
2006
1974
2180
1970
1546
1590
1948
2065
1417
879
883
1410
1372
1537
1993
1483
2018
2021
1561
1402
1433
1539
1985
1493
2012
1472
1408
1497
1641
1497
2052
1892
1421
1489
1496
1461
1990
2086
1952
1436
2028
2089
1473
1490
1848
1958
2003
1495
1672
2038
1956
1395
1966
1950
1952
902
1930
1961
1461
1545
2085
2108
1936
2024
2033
1984
1978
1995
1970
2132
1986
1421
1995
1490
2097
1514
1920
1587
1923
2018
1492
2066
2052
2124
1416
1605
1545
2059
2078
1518
1876
1934
1982
1878
2001
1436
1502
2199
2061
2147
2218
1986
1580
1391
1422
1443
2003
2626
1437
2051
2063
1931
2006
1940
1839
2098
1951
1609
1474
1490
1532
2101
1951
2149
1540
1457
2015
1858
1444
1966
1974
1455
1992
1569
1862
1885
2175
2017
2156
1972
1881
1667
2061
2132
2053
1982
1423
1432
1975
1476
2047
1927
1952
1514
1456
2682
1927
1606
1944
1410
1665
1483
1480
2026
1522
1473
1548
1407
1452
1480
1536
1955
1443
1522
2024
917
2030
820
853
1385
1440
1455
2085
897
1994
2061
1479
1540
1520
1912
1992
2029
1881
2029
1563
1477
1503
1536
1975
1451
1417
1453
1521
1542
1520
1496
1518
1528
2052
1926
1415
1377
1441
2016
938
1500
1486
1479
1401
1535
1471
1986
2107
1458
1405
1483
1508
1458
2070
1475
1613
1362
1883
1452
1511
1455
1940
1608
1680
2113
1583
1469
1849
1399
1455
1508
2005
1994
1922
1477
1929
1699
1506
1547
2516
1408
1432
1513
1445
1447
941
2023
1947
1403
1995
1642
1499
1402
1456
1508
2085
2050
1479
2112
1387
1398
1440
1461
1962
1475
1493
1635
1957
2043
2018
1912
1869
1929
1926
2039
2041
1987
2140
2118
1904
2039
1993
2000
1505
2041
1907
2129
1931
1529
1446
1993
1878
2022
2049
2060
1503
866
1493
1456
1973
2143
1498
2188
1389
1482
2216
2137
1502
2085
1960
1488
1407
1400
1431
1946
1488
2044
1869
2034
1494
2078
2071
1487
1901
1851
2118
1471
1515
2029
1695
2077
2017
1945
1927
1904
1853
1556
1923
1495
1448
2070
2024
2070
1971
1377
1419
1466
2124
1536
1525
1605
1607
2102
2064
2077
2016
1874
2012
1455
2098
1490
2042
1471
1953
1629
1925
1853
1985
1954
2036
1950
1941
1993
2001
2045
886
1407
811
1957
1522
2520
1931
1678
2067
1549
2207
2036
2034
1416
1428
2080
1501
2051
1572
1990
1886
2546
1882
1506
1877
1384
1408
1522
1511
2062
2124
2052
1979
1880
1452
2109
1514
1512
1926
1981
2046
2083
1445
2040
1399
1384
1440
1579
1524
1526
1515
1495
1576
1582
1493
1473
1452
1859
1453
1508
1511
1930
1477
1490
1434
1966
1860
1979
1935
1543
1400
1618
1528
1491
1512
1449
1419
1869
2037
1502
1498
1504
2190
1931
2009
2672
1519
1480
1431
1408
1980
2113
1607
1465
1941
1518
1565
1439
1888
1953
1709
1986
1577
1545
1995
1984
1539
1412
1550
1431
1491
1941
1496
1970
1458
1928
1465
2141
1993
2059
2050
2049
1367
1512
1996
2053
1496
1461
1404
794
821
1565
1466
1972
1999
2005
1679
1484
1457
1454
1420
1399
1540
1466
1513
1508
1668
1518
1559
1512
2088
1940
1452
1969
1900
2116
2092
2038
1507
1659
1588
2008
1432
1489
1523
1577
2163
2091
1964
2040
1995
2073
1994
2054
1866
1475
2031
2046
1965
1986
2068
1981
1972
1847
1871
1968
1906
1982
1520
1451
1491
1499
1890
888
1587
1461
1519
2055
1403
1488
1532
1468
2148
1986
2005
2037
1438
1429
1476
2272
1530
1500
1405
1697
2190
1902
1830
1421
1868
1919
2028
2099
2090
2001
1969
1878
1928
2082
2097
1458
1985
2042
2005
2021
1515
879
1371
1486
1852
1939
1985
1922
1904
1507
1440
1515
1490
2037
1585
1447
2033
1557
1470
1992
2048
902
2018
1925
1399
947
1522
1461
1994
2117
1912
1943
2085
1940
1970
1997
1991
1974
2079
1582
1995
1938
1517
1522
1918
1917
2009
1478
1405
1468
1501
2037
2039
1489
1409
1937
1479
1477
1535
2502
1441
2170
1470
1477
2151
2003
1406
893
1423
905
1519
1486
1483
1460
874
1502
1501
1941
1333
1890
1975
2056
1574
1478
2075
2085
1417
1449
879
1482
1542
1519
1428
2078
2180
1950
1586
1465
1407
1420
1401
1465
1481
1963
1994
1462
1430
1950
1555
1524
1829
1483
1437
1528
1494
2069
2089
2007
1952
1875
1938
1498
1510
1562
1894
2203
2048
1963
1498
1553
1440
1863
1445
1516
2024
1531
1464
1447
1449
1507
1514
1469
1379
1422
1446
1504
975
1463
909
1930
2028
1945
2025
1491
1664
1536
1506
1513
1578
1387
1409
2076
2067
1499
1473
1427
1882
2059
1930
2026
1962
2058
2026
2083
1539
1528
1526
2040
1413
1405
1423
2203
1490
2048
1986
1485
790
1509
1997
1948
1927
2042
1945
2033
1531
1522
1527
1433
1407
1416
1921
1984
1494
1925
1463
1924
2061
1462
2074
2019
2010
854
1438
2017
1489
1531
1487
2072
1459
2710
2159
2071
1464
1887
1840
1879
1550
2113
2059
1957
1405
2000
1957
1473
2097
2010
1576
1453
2085
1966
2118
1660
1446
1436
1379
1543
2069
2027
1513
1904
1469
1943
2032
1943
1463
1432
1442
907
1902
1571
2111
2118
1445
851
1380
1947
2017
1863
1487
1447
1974
1985
1666
1466
1442
1442
1969
2092
1485
2007
1598
1443
2027
2655
1645
2030
2167
1426
882
2017
1528
2086
2023
1433
1987
1839
1918
2058
1478
1461
1974
1932
1507
1982
2043
1528
1629
1450
2016
1505
2242
2063
1586
2103
1419
1966
1938
1959
1405
1877
1643
1492
2051
1588
1992
1452
1820
1415
1381
942
1943
1953
2034
1462
1515
2093
2012
1928
1886
874
1954
1741
2077
2066
1455
1499
1602
1536
1511
1517
1950
1946
1408
1439
1965
1928
1952
2047
1971
1622
1383
1482
2008
1452
1970
1594
1537
1499
2106
1945
1944
1951
1998
1478
2058
1990
1951
1938
1454
1905
1626
1484
1434
1881
2172
1450
1475
1493
2152
1469
1422
2030
1414
1501
1952
1471
1540
1457
1481
1927
1533
1950
2043
1962
1871
1520
1994
2016
2137
1447
1518
1540
2738
1944
1457
2102
1939
1907
1564
1505
1488
1888
1916
1911
1383
1962
2003
1456
1529
2010
1559
1543
2136
2104
1921
1420
1369
1446
1466
1567
1522
1927
1991
2582
1536
1892
1878
1422
1448
1484
1970
1542
2089
1974
2041
1447
822
944
2092
1913
1912
1504
1455
1492
2027
1944
1401
1492
1425
1481
2051
1483
1948
1517
1390
2086
2237
1512
1920
2123
1431
1466
2096
1523
2037
1941
1409
1847
1854
1583
2029
2049
1975
2041
2078
1673
1506
1504
1990
1428
1450
1486
2015
2039
1476
1950
1460
1440
1516
1908
1870
831
1440
1468
2103
2126
2077
1543
1926
1433
1439
1491
1479
1952
2028
1459
2132
1930
1912
1489
1935
1412
1412
1526
1487
2082
1519
1432
1370
2151
1490
1992
1991
1450
1987
1611
2120
2069
2118
1473
1845
1567
1397
1970
1957
1543
1491
1455
2077
2071
1479
1483
836
2018
1944
2172
1936
2015
1733
1921
2119
1990
1567
1521
1450
1898
889
1643
1962
1938
1539
1599
861
2072
1435
2110
1454
1442
1441
1986
1485
1449
1508
1454
2015
1410
1434
1511
2078
1998
2005
1498
1868
1900
2043
1555
1419
1978
2018
1427
2037
2072
2094
2158
1963
1462
1433
2061
1990
1933
2125
1519
1532
1503
2220
2023
1446
2002
1954
1478
2078
1919
1512
1978
1903
1637
2074
1531
1962
1399
1938
1471
1980
1528
1514
2059
1533
1967
2074
1512
1513
2032
1924
1959
2172
1446
1507
2023
2010
2012
2034
1488
2145
1649
2002
2065
1410
2065
1573
2076
1414
1934
2003
2037
1962
1975
1481
1534
1852
1851
1381
2024
1491
1910
1966
2046
1602
936
2101
1520
2046
1450
1383
1503
1969
1996
1474
2056
1387
2795
1486
1502
1578
2019
1913
1920
1971
2108
2049
1973
1441
1444
1409
1968
1464
1929
1975
1929
1516
2010
2021
1937
1916
1430
1403
2133
2108
1489
1476
2021
1399
1500
2109
1919
1900
1450
847
1626
2056
2058
2069
2000
1930
1470
1971
1500
905
1883
1963
2009
1561
1556
2102
1441
1852
1912
2003
1508
2072
1996
1961
2036
1408
1600
1495
907
1447
1944
1453
2051
2022
1556
1499
1445
1424
857
1832
1959
907
1372
1568
1988
2051
891
1604
1459
1424
1965
2082
2087
1986
2017
858
1470
1374
2015
2159
1589
1510
1423
1414
2023
1545
2045
1888
1450
1887
1428
1392
1907
1494
1891
1913
1491
1518
1539
2074
2042
1401
1967
1949
1501
1532
2341
1625
1419
1414
2596
1730
1499
1492
1962
1448
1984
2138
2059
1505
1473
1906
1445
826
1926
2022
1421
1909
1490
2122
1452
1674
1476
1437
1445
1959
2034
1944
1495
1553
1898
1906
1943
1553
2045
1540
1423
2158
1966
1584
919
1476
1448
1391
1415
1906
1938
1955
1983
1602
1473
1525
2019
2168
2022
1965
1493
1903
1960
1506
1476
1511
1903
1876
2027
2145
2015
1971
1548
1460
1975
1551
1978
2062
1572
2034
2138
1979
2040
1491
1445
1879
1526
1500
1926
1510
1965
1532
1421
1895
2041
1484
1983
1467
1475
1944
1458
1538
1961
1971
1385
2070
2035
2044
1549
907
1635
1954
1915
1407
1955
1974
1486
1958
1485
1552
1487
1588
2118
2021
1861
1425
906
2011
1498
2072
1978
1395
1944
2095
1935
1904
1916
1460
845
968
1512
1581
1424
1375
1989
1399
1948
2064
1388
1404
1547
1500
1666
2095
2073
1483
1429
1441
2212
1992
1519
1687
1493
1474
1911
1679
1549
1909
1894
1958
1955
2122
2088
2095
1432
1426
2083
1404
2041
2122
1432
1441
1467
1566
2031
1522
2109
1889
2132
1433
966
2123
1461
2048
1437
1488
1502
2096
2214
1426
1972
1438
2028
1467
1620
1966
1925
2003
1906
1882
1963
1500
1497
1465
1987
1532
2088
2023
1951
1456
2022
1964
1970
1458
1525
2030
1903
1890
1471
1530
1671
1995
1590
1427
2081
1569
2095
2000
2019
1387
1427
1834
2026
1957
1454
1966
1998
1582
1469
1616
2082
2078
1950
2074
1490
1992
1913
2021
1458
1410
2675
1657
1502
1900
1933
1391
926
963
2078
1592
2019
1946
865
1381
1535
1502
2088
1455
1939
2032
2066
2075
1505
1961
1563
1409
1925
1510
1670
2112
1478
1995
1470
2055
1967
1885
1869
1434
1485
2007
2190
1567
1953
2049
2128
1397
946
1527
2065
1906
1651
2052
2018
1559
1695
2006
1453
1968
1990
1528
1519
1571
1999
1565
2020
2020
1964
1617
1879
1455
902
2080
1511
2047
1968
1884
838
808
1513
1460
2637
1936
1934
1992
1946
1511
847
1963
2096
1925
1504
2058
1528
2036
2057
1414
1514
1546
1517
1452
1481
1974
2146
1489
1930
1507
1515
1451
1894
1858
1945
1796
2010
2049
1605
1456
1503
2063
1453
1507
1981
2053
1949
2112
1516
2092
1535
2109
2000
1973
1491
1867
870
1501
2058
2144
2041
2109
892
2054
1990
1896
1569
1478
1951
1423
1933
1534
2090
2076
1603
1920
1418
1994
1998
2138
2026
1540
2077
1913
1946
1918
1988
1452
1441
1953
1550
2062
1452
2109
2043
1434
1382
1448
1471
1499
2792
1893
2109
2046
1520
1523
1404
1432
1958
1937
1893
1496
1980
2012
1935
1597
2737
1541
1969
1600
1437
1396
2016
1588
1445
2055
2078
2067
1386
1856
1944
1958
1479
1863
2055
1545
2039
905
2124
1402
1998
1560
2163
1986
1484
2067
1522
2014
1521
1470
1512
1937
1445
1977
2091
2217
1441
1539
2111
1412
1861
1418
1917
2034
1513
1861
1597
1516
2064
1463
1968
2015
1854
1429
1908
2034
1495
1502
1903
1441
2578
1958
1485
1937
1429
1470
1552
2125
1447
2058
1449
2006
1416
2136
1466
1461
1491
1446
2081
2076
2022
1995
1427
1422
1888
1613
1476
1508
1492
1607
1929
1430
2154
1531
1445
1413
1923
1436
1973
1425
1945
2080
2035
1980
1949
1971
1928
1505
1526
1455
1978
1939
1991
1487
1993
1405
1422
1414
2066
2126
1527
2093
1495
2022
1517
1554
1591
1399
1977
1367
2104
2060
1491
1550
2012
1902
1954
1851
1477
2068
1470
1990
2178
1958
1510
1950
2052
2066
1965
806
846
2051
1490
2053
1446
1445
2249
1523
1963
1414
2015
1936
1941
1553
1450
1979
1450
1886
1900
1938
1584
1486
1631
1399
2119
2096
1983
1976
1664
1437
1416
1430
2086
2287
2024
1502
1937
1936
2098
1524
1943
1603
2117
1408
1519
960
2104
1489
2139
2046
1495
1939
1969
1959
1985
1462
2041
1380
2055
1474
2012
1444
2066
1441
2013
1960
1474
2081
1486
1959
1505
1607
1596
1944
1447
2033
2118
1525
1525
1939
1563
1853
1388
1974
1964
2093
1460
1477
1493
2039
1619
1495
2075
1392
1393
1446
2026
2116
1555
2124
1473
2057
2017
1986
1589
1888
1497
1402
2050
2050
1997
1582
1518
1421
862
2003
2069
2143
1930
1834
1561
1490
970
1964
2146
1960
1562
2048
1572
1951
2027
2002
2105
1400
1509
2038
2015
1454
1459
1996
1956
1520
1517
1938
1482
2130
1398
1891
2012
2162
1513
1999
1514
1923
1469
2308
1514
1929
1409
1412
1482
1549
1926
896
1924
1567
2046
1658
1507
1886
1955
2168
2075
1507
1892
1552
1884
1924
1891
1432
1988
2082
2583
1967
2078
2050
1549
2049
1520
1401
2040
1432
1460
1518
1494
1574
2014
863
2058
1504
1900
1927
1454
1434
1926
1488
1941
2142
1452
1448
2087
1452
1524
2079
2120
1823
1946
1727
1559
1971
1430
1960
1360
2004
1446
1492
1978
1974
2030
1375
2713
1502
1477
1452
1988
1435
2079
1480
2061
1490
1927
833
1453
1471
885
1954
1990
1941
1989
1507
1614
2058
1497
1623
1930
1423
2015
2013
2134
1486
2034
1412
2006
1509
2014
1976
1449
1408
1949
1961
1932
2012
1482
1575
1378
1933
2094
2099
1506
1546
1556
2095
1525
1560
2050
1852
1856
2077
1436
2084
1551
1985
895
822
1974
1507
1965
1425
1442
1899
1520
2136
2017
1486
910
830
1424
1561
1641
2036
1454
1990
1534
1493
2142
1468
1905
1906
1453
1425
1466
1944
1475
1985
1458
1994
1496
2024
1934
1508
2111
1926
2186
2132
2020
1509
1465
2014
1883
1447
1890
1665
1923
1805
1536
1495
2060
1468
2059
2146
1937
2070
2035
1663
1619
1769
1483
1870
2110
1536
1973
1856
2083
1423
1983
1643
1661
2065
1417
2047
1875
1859
1978
1576
1518
1864
2115
875
1522
1955
1494
1864
1396
1401
2053
1547
2065
1536
2081
1409
1491
1532
1985
1457
2076
1967
2064
1923
1871
1530
1954
1422
1866
1975
1548
2053
1516
1449
2080
1497
2073
2142
1451
1862
1386
1462
2020
1517
1984
1507
2088
1494
1585
2003
1510
1909
1870
1405
1488
2022
1542
1490
1477
1896
1430
817
864
1961
2315
1986
1546
1536
1500
1449
1957
1412
846
2000
2000
2087
2147
1506
1921
1451
1486
1573
1485
1902
1929
1398
1919
1469
1979
1485
2202
1434
1388
2039
1993
1564
1871
1959
1528
2057
2181
1542
1592
1963
1856
1407
1962
1532
1474
1994
2169
1988
1511
2057
2038
1540
1960
1408
2087
2020
1483
913
1989
1976
1364
1976
1457
1962
1960
1400
1980
1954
2015
2057
2034
1894
1939
1874
876
908
2149
1480
2010
1442
1641
2066
2103
1455
1925
1396
1964
1484
1489
1992
2070
1447
1425
1925
1497
1985
1481
1689
2043
1460
2045
2037
1479
1454
1850
1414
1461
1505
1503
1545
1502
2131
2112
1512
1976
1880
1974
1435
1996
1537
1468
2128
1492
1842
1914
1844
1993
1519
2109
1890
1548
1948
1523
2111
1551
2025
1941
2071
1493
2277
1460
1487
1434
2022
1530
2022
1484
1359
1876
1867
1957
1929
1589
2050
1548
1982
1977
2004
1954
1566
2500
1488
1556
2087
2007
1507
1910
1400
1853
1419
1430
1944
1502
2119
1599
1415
2294
2150
1544
1939
2059
1425
1515
1542
1504
1487
1533
1878
1385
1846
1562
1532
1985
1441
2051
1422
1981
936
1456
1372
1943
1408
2006
1477
1970
1972
1496
2020
1469
2010
2034
1903
1957
1390
1493
1943
1936
1512
1968
1511
1960
2013
2008
1665
2307
1568
1568
1962
2185
895
2034
1407
1977
1954
1479
2037
1909
1657
2027
1930
1481
1534
2245
1920
2002
1927
2090
1653
1926
910
1891
1976
1409
1440
1469
2117
1958
1977
2179
2027
2067
1508
1462
2013
1400
1970
1550
1527
1920
1937
1452
1862
2155
1939
1488
1433
2021
1930
2396
2183
1449
1504
2021
1411
1424
1849
1495
2006
2087
1429
2043
1513
1968
1652
1885
1894
1386
1443
1497
2018
1517
1989
2133
1401
2266
1997
1448
2040
1984
1397
2235
2113
1452
2025
963
1437
1872
1922
1532
1502
1977
1449
1558
2054
925
2024
1424
1591
2048
2019
1959
1509
1901
877
2097
2053
1515
1445
2151
2088
1496
1949
1925
1504
1949
1893
1989
1507
1541
2007
2055
1953
1483
2159
1565
2007
2018
1438
1470
1567
1536
1504
1977
1419
1963
1444
2025
1507
2004
1464
1526
1982
1516
1982
943
2001
1967
1587
2113
1501
1501
1859
1443
1401
1468
1530
1489
1882
1899
1398
1508
2067
2066
1945
1924
1456
1502
2016
1515
1988
2563
1898
1498
1531
1531
1476
1501
1456
1403
1901
1512
1463
1942
2074
1977
2017
2008
1991
2137
1466
1371
1384
1473
1512
2033
1932
1917
1486
1467
1380
2039
2062
1446
1946
2023
2037
1508
2145
1593
1575
1407
1379
2129
1494
1450
1496
1424
1970
1967
1529
1927
818
1901
1886
1702
1553
1999
1494
2050
1397
1971
2037
1505
919
2110
1968
1414
1994
1446
2043
2167
1409
1425
1396
1495
1474
2065
2182
1993
2065
1575
1487
1616
1899
1890
1403
1444
1631
1481
1673
1443
1527
1446
2012
2050
891
2418
1973
1491
1658
1934
1488
2139
1887
2038
1459
2005
2040
2087
1947
1585
1395
2562
1535
2096
2090
1923
1472
1931
2080
1679
1470
2012
2253
1429
1933
1966
1489
2098
1856
1468
1552
1522
1933
1692
1923
2023
1528
2015
2072
2068
1491
2011
1981
1980
1532
1993
1433
1891
1916
1452
1977
1509
1905
889
1394
1438
1911
2067
2086
1971
2063
1919
1592
1952
1526
1476
1455
1927
1908
1513
4676
1521
921
1958
1425
2008
1616
1489
1459
1910
2082
2001
1527
1530
2039
1527
1394
2001
1401
2134
2085
1454
1429
2095
1523
2049
2055
1930
1430
1902
1905
2056
2008
1502
2249
2025
2054
1505
1943
1947
1409
1419
1540
909
1534
2079
1489
1946
1886
1423
1412
1523
2002
2070
2042
1579
2050
2093
2141
1478
1419
1439
1452
1478
1945
1464
1458
1439
1492
2019
2045
1959
1960
1398
1460
2061
1530
2030
2038
1460
1485
2004
1423
2017
2101
1962
1482
1447
1583
1996
1512
1663
1857
902
1828
2069
1500
1522
1474
1419
1910
2021
1543
1993
1396
2152
1410
2030
2003
1660
1566
1449
1416
1497
2004
2155
1706
2454
1425
1900
1676
1537
935
1964
1948
1582
1859
936
1892
2046
1482
1413
1962
1641
1544
1965
1411
1859
1943
1480
1529
2114
1994
1927
1892
1501
1373
1982
1512
1665
2223
2004
1555
1502
1481
1568
1537
1463
1844
1492
1492
1952
2024
1452
1373
1473
2017
2301
1462
1587
1927
1453
2225
2042
1463
1956
1374
1568
1830
1582
2139
1945
1871
2087
2100
2280
2033
1452
2002
1470
1434
1510
2098
1963
1469
1439
1391
1564
2027
1494
1878
1393
1398
1499
1990
2020
2025
2018
1952
2002
1446
2059
2063
1457
1555
2032
2033
1496
2110
1485
1407
1867
1905
2126
2112
1583
1524
1998
1998
1536
1498
1994
2002
1411
1434
1432
1494
2094
1527
1435
2015
1864
2035
2032
1930
1548
1439
1886
1553
2073
2055
2045
872
1996
1855
1937
2047
1499
1508
1999
1447
2561
2059
1945
1472
1864
2000
1998
1683
1671
1695
2065
1963
1427
1922
1958
1460
1473
1451
2003
1544
1506
1983
1451
1895
1973
1430
2097
1554
2123
2114
2089
1990
2107
1502
2170
1974
1390
1481
1511
1486
1541
2029
1451
1894
1453
1933
1524
2082
1403
1439
1947
2156
957
2061
2024
1918
1463
1540
1953
2043
2013
1499
2041
1869
1513
1537
2109
1951
1478
2224
1472
1673
2089
1552
1442
1962
1455
1847
1558
1494
1472
1435
1485
1893
1985
1498
1495
1998
1991
1957
2044
2028
1495
2159
1904
1997
1493
1576
1534
1438
1399
1870
1941
1982
1520
947
867
2025
1439
1395
2106
1518
1966
1438
2018
2041
1524
2093
1487
1508
1427
1427
1508
1923
1001
1488
1460
1425
2007
2003
2020
1938
1425
830
2079
1528
2125
1558
1472
1890
2046
1916
2090
1638
1445
1429
1598
1553
1518
1944
1948
1397
1536
1916
2065
1553
1507
1506
1971
2042
1483
1519
1471
1896
1583
1882
1939
1528
1524
2071
1440
1925
1859
1917
1510
1965
1871
2006
2167
2067
1532
1525
1554
1978
1927
1927
1708
1973
1509
2000
1453
1450
2182
1719
2055
1991
2030
1425
1483
2055
1987
1943
1448
1396
1939
1455
1661
1505
1984
2185
1484
1536
1469
2098
1436
2034
1858
1400
1551
913
1661
1463
2025
1957
2622
1664
1912
1881
1643
1481
1998
1513
1750
1938
1419
1378
2002
1967
2052
1492
2026
1990
1959
1627
2110
1531
1445
1439
878
1385
1954
1473
1481
1484
857
1405
1929
1552
1538
1974
1416
1417
1965
2114
2027
2051
1437
1414
2005
832
2136
2056
1465
1482
1512
1607
1464
2039
1498
1889
874
1380
1992
1931
2011
2127
2055
1461
1466
2718
2066
1874
1910
1464
1481
2086
1943
2032
1454
1383
1589
1864
1523
2075
1357
2132
1475
2067
2039
1516
2103
1437
1482
1427
1487
1505
1994
1490
1445
1454
1641
1957
1982
1843
1861
1462
1503
1988
1587
1522
1452
1986
1453
930
2030
1465
1918
1908
2105
1588
1523
2030
1512
1890
1461
1813
2043
1510
1559
1492
1479
1890
2046
2092
1482
1460
1404
1408
2036
2005
1539
1946
1433
1416
1421
1382
1500
1981
1442
1878
2053
2076
1491
2009
1950
1952
1437
2093
2105
2069
1533
1499
1924
1822
2638
1692
1981
1950
806
2209
1900
2182
1511
2077
1482
1434
2041
1430
1656
2038
1460
2035
1461
1495
1465
1535
909
1910
1885
1493
1496
1909
2101
2085
1541
1596
1577
1682
1542
2084
1881
1446
2009
2092
2056
1518
1502
1413
1426
1382
1496
2031
1409
1427
1874
1991
1499
2119
2183
2012
1449
1383
1481
2054
1943
1477
1445
1453
1452
1540
1950
1563
1921
1938
1548
1518
1526
1588
1867
1958
2125
1913
1467
1462
2003
1432
1904
2027
1560
2090
1463
1452
1978
1418
2068
1480
1528
2044
1936
1910
2621
1974
1983
1615
1605
1404
2005
1506
2110
1927
1435
1528
1861
1492
2010
1980
1442
1907
1535
1543
2146
1951
1499
1437
1420
1430
1530
1479
2075
2026
2011
1882
2593
2031
2297
1452
1905
1407
1995
1997
2130
1677
1445
1941
2049
1451
2153
1901
1606
1409
2073
1539
1547
1488
1948
1914
1940
1417
1994
1563
2113
1511
1454
1999
1517
2268
1449
1838
1453
1934
1964
1553
2089
1529
2026
1441
1381
1519
1967
1976
1470
1464
1979
1581
921
1990
1451
2025
1417
1412
863
1967
1694
1509
2093
1428
2141
2040
2298
1592
1916
1937
2025
1950
1443
1499
1908
1582
1986
1436
1521
1548
2095
1415
2085
1502
1974
1547
1472
1407
1848
1917
2072
1493
2007
1511
1607
1964
2176
2083
1470
1867
1885
1859
1503
2044
1562
2098
1595
883
2009
1479
1459
2081
2053
1383
1549
1967
1962
2055
2058
1409
1851
1879
1990
1503
2051
2056
2116
1427
1567
1485
1897
1435
1868
1920
1631
1976
1604
1352
1492
1975
1887
1562
1922
2093
1547
1941
1564
2071
2110
2056
1552
1813
1826
1435
1452
2109
1511
1945
1462
2059
1518
2060
1531
1438
1454
1441
1546
2036
1444
2045
1616
2097
850
1417
1949
2025
1444
2031
1562
2039
2000
862
1431
1407
841
865
1439
1946
1520
1966
903
1395
1975
1943
1495
1957
1970
1457
2050
1503
1955
1988
1475
1868
1536
1467
1993
1038
2038
1434
2015
2111
1981
2080
2071
1422
2046
2137
1559
1513
2071
1476
1935
1435
1522
1532
1488
1402
1887
1870
1534
2113
1509
2018
2013
2084
1930
1449
1999
1507
1484
1970
1518
1947
1938
1538
2017
1983
1562
2043
1461
2127
1552
1507
1488
843
1928
1460
1899
1482
1943
1553
907
1921
1473
2036
2027
1492
1428
2097
2126
2082
1473
1848
1538
1919
1518
1511
2058
1373
1933
1424
1494
2028
2018
1979
1499
1925
2018
1518
2705
1419
2003
1383
1492
2064
1939
1926
1465
1969
1393
1402
2081
1505
1635
1420
1647
1537
2077
1986
1488
1389
1865
1891
1446
2322
917
2032
2046
2023
2170
1587
1501
1413
2056
1887
1555
2016
1481
2023
1532
1477
1886
2000
1483
1988
1925
1420
2042
1529
2061
2135
2191
1390
1991
1864
1435
1499
1897
1528
2000
1946
1677
1593
2054
1437
2007
1417
2048
1524
2096
1961
1935
1460
2015
1445
1881
1462
1461
1876
1591
1520
2130
1479
1945
1376
1561
1424
1902
1492
1514
2110
1444
2053
2563
2001
1590
1485
1428
1868
2010
1617
1491
2050
2117
1467
1419
1433
1939
1495
1973
1441
2727
1507
1534
2094
2183
2094
1389
2020
1624
1542
2009
1547
1956
1428
1964
2010
1910
1409
1441
1951
2096
1507
891
2051
2008
1938
1900
1403
2178
1477
1504
1904
1506
1978
883
1956
1489
2060
1960
1384
2038
1728
2048
1504
1474
1444
1496
2081
1512
1907
1393
1941
1483
1943
1627
2182
1502
1956
2081
1429
1458
2099
1533
1993
1562
1499
2062
2128
1458
1440
1960
1888
1947
1515
1919
2124
2022
2024
2084
1527
1864
1452
2108
1480
2013
1535
1499
1505
2059
1961
1503
1898
1460
1993
2538
1421
1555
1559
1539
1500
1886
836
1971
1433
1472
2072
2200
963
1916
1907
1477
1971
1480
1891
1976
880
970
1529
1461
1032
2104
898
1924
783
914
1507
1471
2584
1986
2028
1597
2030
1455
1993
1960
1438
1918
1475
1982
1610
1916
1408
1633
1958
2029
1428
1987
2017
1490
1999
2085
1491
2053
1878
1955
1973
1916
1689
1584
2036
1425
2122
1633
1610
860
1952
772
819
2047
2154
1632
903
2071
1876
2017
1468
1483
1684
1856
1416
2047
1543
1470
2098
1646
2069
1424
1382
1452
2060
1512
1411
1549
1466
2148
1565
2080
1488
1922
2023
1445
2097
1434
1918
1432
1873
1542
1535
1513
1479
1867
1401
2020
1523
1464
2082
1462
1460
1978
1401
1447
2092
1529
1958
1512
1522
2061
1496
1433
816
2030
1947
1936
2148
1510
2080
1929
1946
1508
1506
2116
1824
2103
2031
1443
1986
2108
1970
948
1869
1370
1954
2112
1990
2135
1428
2135
1506
1510
2029
1412
2008
1386
1973
1881
1475
1471
1918
1536
2003
1598
2088
1987
1466
1436
1965
1497
2117
921
1983
1468
1438
1950
2230
1987
1521
1907
1430
1920
1708
1978
1519
1875
1474
1984
1401
2196
2290
1987
2019
939
1928
2724
2013
1472
1904
1460
1424
1960
1457
2086
1464
1531
2007
1866
1891
1498
1966
2535
1501
1569
2105
1506
2083
1526
1385
1948
1391
1452
1521
2015
1504
899
1988
1969
1472
1981
2132
1443
1892
1975
1502
1551
1998
1514
1517
1872
1435
902
2070
2675
1365
2021
1494
2199
1503
1981
1419
1374
1433
1473
2117
1641
1508
861
1886
1482
1554
1902
1379
1923
1448
910
1945
1460
2064
1997
1475
1985
1938
1927
1471
1596
1644
1508
1514
1572
1477
2049
1375
1987
866
1482
2051
2035
2100
1916
1942
1713
2083
2689
1386
1460
1946
1517
2093
1507
1551
1924
1438
1917
1439
1423
1981
1561
1442
2084
2015
2072
1966
1447
1908
2029
2020
1448
2105
1980
2058
1459
1971
2585
2635
1448
1918
1478
1967
2032
2057
2060
1529
1954
1436
1403
1866
1878
1952
2059
1461
2044
2061
2041
1482
1909
1414
1840
1594
1453
2188
2044
1508
1936
1923
1534
2073
2033
1415
1986
1968
2121
1511
1481
1958
1661
1877
1418
1417
1635
1997
1656
1389
1937
1526
1983
1473
1587
1965
2044
1476
1971
906
1460
1516
2121
1671
1975
1494
1480
1892
1531
1896
868
1497
1453
2083
1480
1460
2167
1436
1973
1496
2034
1973
2043
1948
1516
1570
1908
1377
1507
1492
1925
1523
1962
1479
1503
1446
2073
1498
1517
1989
1940
1690
2151
1972
1476
2126
2068
1444
1610
1989
1479
1462
1975
1576
1946
1928
2111
2028
1964
1618
791
908
1501
2111
1559
1969
1496
1409
1523
1550
1527
1862
1417
1892
1591
1456
1967
1516
1900
1955
1401
2005
1935
1966
2014
1405
2096
1436
1480
2093
1464
1949
817
1457
2086
2056
1970
1516
1911
2222
1526
2080
1960
1451
1426
1975
1507
2061
856
1924
1437
1455
1392
1486
2146
1995
1457
1868
1532
1958
1536
943
1941
1397
1493
1903
1460
2038
1634
1635
1966
1990
1538
2050
1873
1901
1957
2006
958
2203
1504
957
1485
913
1905
1464
924
2071
1626
2110
2072
2025
1399
1930
1929
1508
1531
1987
1427
1844
853
1394
1994
1449
1413
1920
1977
2728
1455
2131
1480
2040
1907
1836
2132
1469
940
2075
2006
1409
2613
1944
1578
1451
1850
1889
1476
1558
1533
2137
1450
1949
1997
1451
2120
1958
1915
1444
1515
2024
2016
2034
1628
2040
1436
1985
1952
1935
1500
1510
2061
1428
2115
1581
2090
2019
1848
1458
1952
1969
2039
2066
1501
2014
1413
1909
2045
1991
1991
1446
2136
1529
2140
2092
1507
1416
1898
1393
1471
2007
2089
1497
1422
1977
1494
1563
2070
1953
1375
2047
1933
2016
1503
2022
879
1388
1448
1867
1982
1500
1457
1981
1982
2111
1546
1530
1461
1889
1927
1409
1938
2075
1520
1511
1997
1429
1472
2107
1995
1960
1433
1931
1885
1959
1675
1494
1445
1430
1864
1955
1502
2040
1339
1912
1920
2109
1525
1610
1978
1953
1441
1921
1533
1521
2007
1932
1982
848
1957
1605
1951
1421
1431
1419
1904
1490
2134
1446
1441
1483
883
1916
1519
1629
2020
1426
1983
1982
2017
1516
1902
1408
1440
1430
1473
1960
1486
2060
1483
1613
1510
2234
1452
1955
1387
2017
1430
2112
1558
1508
1459
1395
1639
1878
1506
1486
1358
1458
2034
1952
1517
1593
1433
1483
1885
1422
1571
934
1511
1493
1861
1395
1947
1540
1977
2038
1429
1955
2076
2076
2123
1467
1454
1908
1987
1952
1942
1904
1430
1998
2052
1513
2090
1575
1515
1437
1967
2038
1545
1443
1924
1991
2074
1906
1880
2204
1958
1418
1930
1454
1466
1948
1512
1470
1425
1402
1403
1445
1527
1509
1538
1882
1487
1986
2013
2094
2102
1424
1503
1650
2239
2136
2115
1484
1455
1926
2011
2038
1549
1513
1861
1473
1544
1507
1546
2095
1986
1932
2021
1426
2127
1465
1459
1914
1905
1976
1525
1497
2038
1825
1936
1409
1502
1492
1967
2075
1541
1949
1939
1644
1599
1874
1561
2073
2001
2003
1478
2115
2000
1987
1439
868
1553
1949
2407
1615
1459
2025
1502
2050
1994
1439
2051
1390
2289
1998
2062
1976
1430
1404
2548
1542
1518
1521
1470
1908
2060
1544
1480
2022
1875
1433
1426
1497
1472
1936
1467
1918
1968
1560
1908
2121
1522
1934
2010
2102
1911
1895
1982
1621
2003
2021
1997
1505
1562
1907
1376
1917
1478
2068
2122
2080
915
1967
2062
1920
1546
1930
2260
1841
1486
1501
1496
1497
1593
1890
1958
1454
1505
1493
1509
1500
1475
1847
1468
2072
2028
1445
1991
2003
2113
1997
1532
1495
1945
2010
1957
1857
1946
1504
1430
2087
2027
1521
2079
1528
1523
1427
1944
2038
938
1467
1977
1483
2054
1920
2034
2057
1539
1868
1435
1471
1618
1470
1520
1486
1453
1402
1900
1380
2067
2075
2001
2022
1999
2678
2015
1974
1658
1898
1488
1430
1976
1951
1542
2068
1448
1964
1508
1541
1493
1946
1419
2003
1506
1502
1511
1492
2007
843
2125
1413
1926
1992
1947
1453
1964
1509
1470
1620
1474
2087
1454
1399
1536
1472
1519
1448
1455
865
1460
1520
1572
1958
1384
1992
1506
1644
1495
1890
2029
1409
1563
1440
1507
2015
1498
1948
2038
1997
1586
1943
1546
1905
1872
1413
1507
1532
2143
1684
1587
2037
2065
1647
1493
2014
1402
1412
1479
1498
2186
1993
1423
1377
1987
1912
1514
2007
2561
1866
2102
2116
2129
2132
1991
1905
2020
1924
1936
2030
1504
1962
2085
1401
1986
1494
1579
1918
1478
1884
1461
1524
2133
1467
2067
1405
1465
1931
1729
1479
2047
1859
1434
1896
1886
1526
1980
2003
1503
1425
1532
1510
2049
2050
1431
1414
2584
2087
2015
1445
1402
1482
1490
2025
1480
1976
1447
1404
1458
1834
1499
1465
1951
1937
1951
1547
1504
1941
910
1461
1427
2036
2075
1989
2005
2019
2061
2038
2775
1544
1910
1984
1830
1972
1549
1500
2037
1471
1887
1370
1875
2047
2031
2047
1437
1456
1494
1645
2069
2072
1458
1542
1914
1823
2042
2093
2072
1514
1431
2009
2158
1690
1661
1629
1429
1636
1950
1941
2243
1496
1955
2035
1432
791
1501
2063
2709
1445
1479
1480
949
1561
2015
1428
1516
1859
1505
1998
1630
1961
2218
1441
1502
2156
1553
1580
1426
1440
2030
1487
1478
2080
1447
1405
1928
1423
2106
1474
1483
1570
1475
1542
1538
913
1484
1417
1415
1369
1931
1468
1494
1496
1430
1907
1920
1967
2023
1932
1978
1537
1487
1497
940
2069
2121
1435
1412
1417
1495
1987
1970
1422
2018
1562
2024
2254
1990
1438
1862
1822
1467
2121
2096
1904
2017
1921
1534
1969
1503
1416
1882
1888
1469
2079
2076
2091
1878
1939
1944
1404
2120
1499
1369
1961
1990
1509
2097
1494
2036
1995
1445
1972
1708
1951
1967
1514
1466
1476
1473
2050
2075
1453
1384
2002
1920
2032
1668
2037
1446
2032
1425
1578
1484
916
1470
1426
2036
1626
1656
2072
1994
1893
1467
775
1502
1644
1500
1512
2011
1960
2086
1506
1521
1895
1902
2045
1497
1516
1525
2150
1435
1926
1946
2047
2120
1519
1919
1456
1888
2104
1993
2047
2187
2014
1428
1422
1535
1585
2082
1921
1466
1445
2086
2046
2088
1387
1459
1436
1911
1493
1452
1494
1868
1423
1429
1821
1497
1568
1437
1460
2668
2108
1973
1532
2027
2000
1950
1866
1987
1907
2101
1991
2024
1900
2681
1903
1962
1910
1400
1871
1443
1987
1977
1508
1971
1467
1444
2010
2123
1947
1491
1485
1561
2000
2033
2066
1506
1983
1449
1390
1516
1480
2034
2112
858
1385
1489
1507
2071
1871
857
1890
1500
1525
2030
2041
2094
1845
1952
1917
2045
1996
2135
2014
1488
2095
2099
1951
2107
1442
1439
1897
1965
2023
2031
1932
1907
2089
2007
1516
1911
1408
1423
1908
1956
1524
1552
1454
1482
2021
1965
1976
2122
2084
2557
1956
1591
1538
1592
2029
1463
1420
1444
1413
1520
2013
2053
1991
1461
1828
2128
1953
1498
1491
1426
1994
2069
923
963
1503
1422
827
1411
1973
1481
1514
2013
1391
2030
2180
1991
2029
1462
1891
1971
1390
1525
2024
1470
1428
2103
1412
1554
2123
1500
1956
2129
1384
1521
2111
1479
1525
1450
1446
1462
1962
888
1505
1499
1460
2099
2107
2018
2082
1419
1843
1875
1448
1444
1626
1921
2108
2098
1391
1553
2056
1930
1566
1401
1472
1576
1928
2171
1541
853
2026
1932
1466
1949
913
1958
1983
1525
1484
1975
1552
2068
1396
1938
1437
2236
1985
1973
1509
1999
1881
2168
2055
2173
1934
2062
1522
1978
2012
1491
1502
1552
2000
848
2017
1926
1497
2541
1821
1539
2060
1511
1535
2052
2021
1398
1444
1444
959
1483
1504
1514
2003
2130
2595
2042
2001
1455
1387
2016
1956
1472
954
1936
1860
1371
1419
1446
2068
1476
1970
1517
2136
1932
1473
1411
1410
1400
1877
1421
2117
1923
1980
887
1927
2064
1529
1995
2197
1433
1869
1520
1492
1471
2018
1526
1452
2059
1454
1452
1980
2047
1586
2046
2076
1487
1453
1532
1400
1938
1862
1875
1949
1468
2051
1459
1395
2037
1659
1444
1858
1495
1938
1540
1454
1440
1997
872
1430
2039
1439
1433
1519
2648
2106
1478
1511
1541
1938
1449
1852
1930
1955
1475
1950
2149
1635
2046
2007
2686
1555
1489
2048
1862
1496
1560
1592
1439
1491
1998
1938
1426
1416
1529
1987
1381
1926
2030
1540
1531
1581
1416
1398
2076
1965
1976
1482
1601
1977
2013
1951
1518
2033
1466
1981
1421
1405
2069
1481
929
1557
1976
1434
1914
1425
1487
1978
1447
2025
2032
2055
1956
1930
1433
1949
1409
1434
1996
2010
1953
889
2145
1903
2597
1619
1521
837
869
1839
2066
1528
2073
1932
1414
1893
1941
1974
1495
2033
1907
1581
1541
2040
1507
2192
2065
1402
1893
1454
2219
1478
1522
2192
1942
1439
1468
1577
1896
1522
1432
1422
1482
2094
2038
1979
1472
1599
1947
1416
2055
2107
1522
1946
955
2064
2060
2030
1455
1901
1379
2033
1998
1496
1466
1516
2048
2063
1988
1958
1475
1898
1831
1514
1991
2029
1506
2082
1465
1485
1411
1967
1455
1482
2507
1431
1562
2037
2122
1608
1992
2032
1411
1677
2022
2001
1513
1615
1439
1864
2064
2101
1473
1532
1478
1488
2081
1458
1501
1639
1512
1949
1894
1395
1923
1996
1506
2015
1524
2040
2098
1969
1471
1378
1405
1862
1570
1990
1495
2041
1464
1431
2085
2016
2158
1428
1962
2090
947
1927
2096
1981
1947
1413
1907
1895
1478
934
1468
1932
1570
2051
2086
1612
1972
1381
1933
1966
1478
2002
1567
1935
1597
1961
1546
1506
1964
1392
1988
1433
1515
2118
2072
2010
889
2021
2113
1958
2128
1515
1993
1501
1555
1951
1960
2107
1574
1934
1960
1945
2023
1518
1519
2134
2022
1440
2016
2052
2038
1915
1854
1982
1529
2075
1995
1514
1486
1454
1389
1430
2010
1957
1638
1841
2017
2076
2064
1495
1438
1629
1999
1592
1551
2022
1512
1495
2042
1415
1482
2019
1473
2061
1885
1413
1940
1959
1479
1986
1971
1438
1372
1437
2039
1590
2063
1987
2034
1537
2067
2100
1506
1869
1893
1875
906
1506
2214
2030
1501
1436
1515
1521
1476
1424
1983
1914
2173
1521
2094
1487
1993
1859
1402
1442
1474
1517
1528
2098
2071
1526
1531
2090
1443
1901
1886
1482
865
1499
1474
1937
2171
2021
2763
1909
1505
1425
1476
1381
2009
2081
1449
886
1677
1559
1948
1395
1955
923
1950
1877
1944
1978
1498
1927
1473
1373
1861
1441
2068
1538
1488
2043
1511
1417
2218
1517
2074
2172
1486
2021
1563
2008
965
2025
1920
1433
2043
1933
1451
1489
1497
1872
1494
1495
1988
2121
1464
1936
1377
1924
2250
1517
2135
1483
1569
2010
2128
1527
1507
1392
1402
1411
1522
1953
1463
1548
1475
1418
1826
2017
2067
1478
1516
1888
1962
1504
2075
2049
2002
1936
1873
1432
1947
1978
2116
1535
866
2011
2784
1950
1454
1905
1443
824
1991
2036
2034
1622
1488
1517
1448
1967
1452
1516
1931
1978
1723
2259
1551
2021
2055
2068
1460
1968
1964
1958
2001
1496
1450
1948
1606
1569
1999
1999
1418
1969
1495
1439
2128
1539
1524
1893
1874
1425
2001
1617
1480
1416
1978
2086
893
843
1948
1439
1383
811
1907
1969
1520
1514
1634
1427
2033
1474
1494
2046
1959
1663
2103
2009
1478
1664
1619
1470
1446
1419
2066
2111
1446
1424
1533
1918
1543
954
1893
1948
1519
1511
1964
1479
2050
2057
2061
1987
1496
1913
1928
1446
2017
1443
2072
903
1456
2135
1489
1424
1971
846
2156
1984
1487
1858
2095
2000
2045
2100
1913
1396
1427
1918
1412
1494
2001
2026
2029
2005
1542
1513
1536
2058
1436
1986
1498
2068
1964
1939
2000
2035
1939
1861
2150
1537
1462
1431
1608
1661
2045
1996
2060
3925
1926
1455
2036
1957
2014
1962
1512
1581
1673
1635
1467
1430
1388
1440
1519
2117
2006
2166
2078
801
849
2027
2021
1706
1998
2453
2033
1958
1533
2174
2008
2028
1391
1609
2006
2089
2055
1514
2076
1966
2079
2083
1507
1903
871
1405
1529
1472
1924
1513
1485
1897
2036
2039
1987
1519
2253
1370
1770
2207
2083
1962
1869
1824
1412
1877
1543
1489
1917
1960
1914
1914
1501
1760
1491
1436
2061
1961
1542
1478
1558
1640
2021
1437
1864
1416
1949
1985
1587
1414
1536
1510
1950
1504
1450
2009
1463
2024
1493
1541
2024
1577
899
833
1585
2044
1482
2034
1842
811
1949
2007
1483
1970
1945
2059
1895
1886
1454
1961
1468
1412
2275
1491
2097
1472
2177
2153
1913
1431
1917
1541
1973
1496
1490
1964
1478
1490
1969
1381
1943
1994
2008
1929
2076
2099
2025
1433
1380
1492
1961
1971
2019
1421
1951
2107
2105
1481
1978
1966
2015
1561
1511
1547
1908
1505
1984
1575
2034
2081
2051
1866
1993
1946
2060
2051
1490
1638
1563
1399
1419
1891
1941
1975
2485
1410
1987
2096
2133
2052
1426
1426
1805
1439
1539
2040
1957
2061
2011
1416
2008
1487
1485
1919
1878
844
1974
1533
1491
1506
1988
1398
1831
1425
2006
1497
2029
1964
2037
1460
1581
1503
2014
2159
1866
2022
1484
2021
2056
966
1638
1582
1420
1447
1488
2048
2157
1528
934
1419
2045
1396
1720
1996
2070
1505
1507
1822
2110
2142
2064
1956
1968
1411
1936
2002
1481
1967
1921
1395
1941
1421
1990
2155
2530
2028
2099
2084
1501
1557
2128
2072
2017
1892
2026
2141
2134
1479
2005
1840
1575
1517
1493
2168
1888
876
1940
1506
1660
2099
877
1373
2079
2139
2104
1507
1453
1441
2130
2151
1603
1975
1507
1902
1959
1414
1975
2068
2133
1943
1990
825
1435
1528
1528
1901
2033
1455
2105
2113
1479
2042
1478
1865
1911
1840
2049
2070
2117
1995
2071
2106
2054
2148
1957
1911
1898
1397
2001
911
2144
2085
1431
1909
1460
1504
1928
1491
1423
1893
1957
2133
2140
2047
1460
2117
1416
2002
1946
2073
1936
2045
1960
1612
1512
1497
1595
1948
2109
1438
1497
1506
2074
1973
1935
1962
1998
2112
1519
1581
1374
2016
2066
2036
1990
1917
907
1500
1415
1412
1455
1472
2455
1442
2151
1577
1561
2115
1488
1455
2028
1945
920
1504
1965
1936
2020
1938
1965
1911
1994
2129
1944
1481
1488
1508
1956
1539
1975
2094
1426
860
2036
1976
1912
1856
1535
4442
1984
1584
1501
1461
2201
1406
950
1465
2116
2095
1995
1691
1986
2066
1966
1915
1432
1393
1450
1983
1516
1870
1535
1418
1401
1969
2133
1487
1996
1456
2023
1503
2021
2065
1515
1369
2051
1446
1604
1511
1627
1623
1444
1881
1422
1962
1440
1414
1974
871
1461
1501
1517
1499
1416
1402
1421
1892
1493
1490
1320
2064
1501
1500
1451
1729
1505
852
1597
1406
1495
2090
922
1976
1469
1370
1434
1688
2039
1339
1979
2011
1519
2004
1505
1972
1951
1408
1901
1862
2024
2124
2584
2005
1482
1469
2158
2075
1959
1885
2062
1398
1997
1490
2106
2052
1437
1975
1970
1950
1935
1464
1457
1971
1945
2139
2046
2038
1973
1501
2032
1497
1547
1498
2156
1952
1914
2019
1514
1575
1521
1984
1983
1519
1525
1481
2066
1976
1906
2125
1973
2115
1500
1434
1395
1404
1519
2106
2015
1487
1910
1826
1441
1819
1507
2042
1957
1980
1518
1581
2040
2082
1998
2056
2050
1882
1952
2161
2087
1623
1979
1822
1477
1988
1952
1463
838
1449
1914
1550
1646
2041
897
1406
2016
2103
2050
2117
1464
2068
1591
1525
1484
1950
895
1857
1874
1537
1531
2028
2102
2065
1925
1922
1623
1545
1615
1578
1877
1919
1498
2196
2043
1975
1924
2002
2027
1973
1969
1616
1466
1437
2118
1569
2086
2125
1433
1991
1970
850
2027
1496
2012
1562
1981
1826
1528
2038
1954
1439
1473
1481
1466
1511
1578
1972
1438
1982
1416
1414
2099
1699
1615
1440
1971
1593
1506
1554
2214
2045
1495
2027
1998
1641
1468
1476
1408
1425
1446
1519
1487
1922
2033
1910
1463
1704
2043
1531
1928
1952
1456
1489
1532
1476
1432
1988
1474
1570
1612
1468
1473
1977
1970
1543
2152
1483
1565
2052
1415
1372
1929
2046
1469
912
1861
1901
2064
2115
2081
2036
2043
1867
1957
1866
2010
933
1510
1419
1899
1517
2013
2106
2096
1861
2015
1817
1632
1890
2044
1490
2050
1447
2198
1500
1510
1968
1461
1483
878
2100
1991
1456
2072
1885
1428
1411
1949
1577
1888
2065
1918
1613
1499
1529
1660
1947
1424
1408
2036
2066
2116
2079
1879
1920
1438
2072
1998
1438
1897
1914
1913
1936
2082
929
1447
1496
1964
2056
2135
1527
1463
1574
1947
1546
1966
1537
1544
1971
1970
1445
1499
1597
2016
1926
1922
1532
1506
1972
2102
2071
1419
2072
2065
1972
1499
2026
1878
1926
1991
1975
2094
2077
2120
1902
2059
1513
1580
2122
1620
2036
1420
1933
1993
1470
1912
1613
1442
2024
1955
1971
1933
2021
1414
2000
2027
1399
2144
1512
1451
1388
1448
794
1704
2012
2068
1910
1506
1520
1507
1510
2054
1890
1440
1390
1032
1485
1996
1943
2082
2156
2599
2275
1522
1429
1952
940
1474
948
2043
2151
1935
1829
1443
1516
1487
1468
1338
1444
1502
1593
1505
1917
2011
1432
1443
1394
2056
2097
911
1549
2010
2132
1522
2111
1982
2015
1980
1928
1876
2107
2028
1536
1449
2000
1434
1826
1955
1966
1974
1453
1993
2140
2073
2000
1441
1462
1915
1429
1515
1653
1489
1977
1439
1512
1473
1953
1952
1935
1972
2002
1973
1992
2054
1529
1551
1912
1425
1875
1472
1454
1454
1921
1934
1495
1495
1557
1932
1439
2010
1383
1505
1525
2086
2002
1446
1418
1423
1535
1622
829
1435
1998
1475
2056
1702
1473
1944
1373
833
1897
914
1492
1615
1412
1932
2056
1007
2010
2018
1470
1453
1433
1465
862
920
1498
1470
1390
1514
1534
2009
1967
1397
873
2069
2073
2164
1439
2085
1383
2002
2020
2001
1942
2517
1902
2011
2229
1948
1537
1488
1418
1501
1841
1533
2010
948
2011
2007
1391
1996
1776
1466
1935
1881
1453
1464
1943
2029
916
1934
1888
2049
2070
1696
1492
1576
1500
1463
1506
2071
2050
2130
1911
1971
1405
1481
1498
1973
1644
1469
1973
2019
2073
1913
1947
1683
1422
1465
1501
1508
919
1536
2019
2033
1417
2060
2224
1478
1577
1915
1482
1481
1504
1960
1884
1460
1471
1521
1503
1948
1490
1432
1860
2647
2112
1988
1959
1446
1942
1955
1508
2122
2001
1959
1819
869
1434
1984
2002
1960
2018
1470
2022
2120
1547
2117
820
1856
1824
1464
901
1581
1473
1424
1975
2370
1995
1463
1901
1457
882
1482
2045
2044
1990
1875
1948
2034
1991
2071
2105
1431
1446
1514
1521
1604
1496
1973
1442
1415
830
1983
2114
1545
1492
2075
2105
1976
1534
2039
1868
1832
1499
1490
960
931
1627
1472
1867
1428
1876
2107
1518
1961
1457
1657
2093
1486
1506
1488
1438
2026
1933
1474
2068
1951
1556
1504
1519
1519
1638
1520
1579
1469
1585
1473
2018
2160
1498
1423
1886
2110
1854
1504
2100
1990
1995
2006
1493
1485
1514
1706
1408
1995
1394
2172
2030
1505
1658
1395
1390
2534
1569
1523
1463
2039
1957
1994
2055
1582
2087
1844
1949
1904
1397
1501
2065
1918
1401
1960
1464
2051
2075
2048
1891
1540
1901
2105
2066
1909
2142
1507
1506
2005
1497
1473
1593
1455
2071
1472
1497
1462
2086
1478
1960
1363
2130
1502
2002
1479
1856
2035
1475
2007
1969
1401
1914
1859
2049
1441
1500
2263
1513
940
1564
1531
2131
2017
1903
1937
1478
925
1514
1440
2053
2018
1867
1499
1428
1455
1527
1934
1451
1514
2016
1510
2036
2008
1993
817
1467
1501
935
1944
2025
1892
1597
1998
1682
1991
1890
1965
1453
1523
1478
2026
2023
2058
1885
1399
2014
1987
2142
2053
1853
2093
2029
1946
2019
1431
1932
1978
1989
1483
1967
1509
1522
1947
1931
1693
2063
2042
1872
1392
1426
1940
1968
1483
1466
2068
1430
1420
1472
1979
920
1414
1539
2026
2186
2278
1886
836
1403
821
1882
1479
2058
2140
1533
2014
2061
2073
1624
1933
1963
1419
2013
1509
2064
2050
1494
2106
1912
1439
1589
1484
1519
1901
1391
1637
2031
2036
1509
1994
1419
1402
832
1993
1484
2030
1633
921
2174
1569
2079
2183
1924
1439
2019
2089
1477
1914
1953
1969
1868
1874
869
1991
2113
2660
1529
2050
1930
1497
1476
1439
1876
818
2002
1468
1497
1524
2046
2058
1443
1494
1490
2031
1432
1446
1959
1491
1961
2040
1561
1483
873
1924
1910
1437
1494
2060
1996
2070
1502
2129
2040
1430
1935
2009
1513
1449
1516
1675
1488
1936
908
1666
1494
1910
1533
1450
800
1981
1992
1431
2017
1454
1948
1412
1932
1434
2017
2552
2012
1546
1627
1529
1558
1461
1549
1412
1391
2156
1495
954
1546
1484
1536
1550
1580
1483
1958
1936
1447
2072
1469
1920
1966
1941
1931
1906
1969
2149
2090
1518
2015
2150
1956
1531
1505
1412
2008
818
808
2003
2156
1493
1942
1945
1901
1502
1925
2116
1507
900
1929
1524
2168
2023
2077
1499
1409
792
1888
1976
1920
2002
1416
1532
919
2045
1440
2050
1942
891
1406
1948
2116
1493
2170
2084
1459
2703
1496
2013
1917
1882
1403
1951
1505
1917
1562
1920
1440
1948
1939
1460
2100
2040
1402
2093
2073
2149
1506
1891
1423
1388
1441
1447
2099
2079
1473
1955
1938
2013
1501
1468
1405
1895
2023
1942
897
2061
2002
1979
1463
1426
1456
2077
924
2500
1852
2068
1488
1458
1498
833
1946
1948
1404
1470
1527
2133
2107
1480
1500
1988
2173
1493
1394
1892
1990
2075
2031
1464
2116
1987
1536
1925
1889
1490
1948
2520
1454
2055
2102
1537
1507
858
1957
1872
1437
1492
1520
2034
2149
1476
2008
2036
1469
1985
1823
1476
1409
1493
1549
1440
1473
2014
1476
1486
1445
1937
1593
2053
1484
1955
2103
1512
2064
2019
1966
1405
2009
1580
1521
1972
1584
1552
1507
1554
1538
1496
1416
1413
1895
1503
1696
1418
2008
1972
2025
1990
1466
2061
2030
2063
1967
2125
2038
1494
1512
1443
2034
1426
1410
1997
2215
1485
1921
1457
1885
1536
1512
1519
1933
1481
2029
1506
1512
2013
1527
2045
2039
1837
1425
1976
1984
1461
1860
2081
2047
2089
1489
1995
775
1958
1882
1444
2144
1536
1961
1947
1988
1642
2132
1970
1418
2051
1941
926
5258
1475
953
1926
1470
1853
1904
1969
1490
2532
1932
1530
2129
2154
2051
1945
1463
1413
1893
847
2309
2083
1643
2034
1449
2070
1489
1712
830
814
810
1975
1543
1480
1587
1999
1419
1434
1478
2012
1942
2039
1376
2063
2056
2153
1519
1562
1413
1368
1508
1463
2003
1915
1967
2086
836
1635
2012
1990
1479
1470
1884
1949
2124
898
2146
1518
1988
872
1428
2060
2121
1471
1828
1988
1899
1480
1948
2033
858
1939
2021
2028
960
1483
1522
2070
1988
1546
2234
2525
1884
1891
1435
1994
921
1465
2094
1977
2071
1938
823
917
1549
2067
1440
2303
2033
920
881
862
1863
1409
1459
1979
1518
1542
2053
1932
1383
2110
2065
1476
1952
2008
1975
1989
1991
1938
1679
1538
1443
1400
1898
1973
1534
2118
1470
2070
1581
950
2066
2020
1956
1427
1430
875
1982
1492
899
1409
1957
2092
1489
2062
1476
2010
1959
1703
895
1975
2079
1550
2087
1383
1533
2053
1957
2085
1373
1992
1956
1989
1473
1445
2055
1853
1974
1987
2075
1498
1501
1552
1418
1503
1718
2173
1443
1464
1490
2024
1477
1986
1586
1956
1876
1976
2016
1458
1506
2101
1448
2082
1494
2105
2008
1456
1421
1407
1996
1977
914
1986
948
1992
1867
1932
1699
1727
1483
1460
1458
2099
1481
1454
1509
2049
820
1402
838
2009
939
2042
1391
2101
1929
887
1953
1974
1926
1398
1476
1463
1523
1505
1491
2052
1408
1566
1488
1502
1978
2096
1949
2031
1466
1497
2097
1967
1917
1413
1896
1444
2015
1435
1909
2039
1470
2106
2152
1990
1417
1561
1461
2042
1955
1927
1562
2048
2041
2684
2046
1487
2053
1486
1985
2171
1947
1495
1692
1464
1860
1856
1946
1484
2018
1922
1402
2040
2072
1534
1518
2095
2057
1911
1398
2069
1975
1959
1948
2009
2020
2663
1536
2041
1930
2001
2037
1975
1926
1505
2130
2112
2019
1813
1463
1429
1484
2052
1428
1511
2001
2030
1491
1928
1415
1834
1498
1648
1464
1464
1515
2071
1496
1618
1624
2038
1323
1419
880
1513
2083
1977
1480
1500
1655
1828
1931
2075
947
1484
1423
1516
1466
1496
2022
1915
1933
2103
2101
1921
1999
2154
1686
1464
1573
2729
2006
1452
2008
1437
1994
1560
2048
1493
2080
1488
1954
1856
1945
2188
1506
1464
1922
2317
1561
2139
1942
1464
878
1435
2093
2081
1999
1921
1991
922
1963
2625
1949
1460
1444
863
822
2133
1502
1449
1523
1470
2059
1435
1515
1442
2221
2073
2147
1573
2143
1944
932
1950
2079
1969
1474
1484
1533
1518
1492
1466
1931
1665
1458
1510
1404
1938
2154
2066
1442
2052
2083
2020
1876
1430
1491
1457
1501
1961
2011
4364
1488
1971
1496
866
1394
1886
1947
2054
941
1473
1786
2020
1434
2710
1932
1909
1461
1419
1446
1520
1997
2022
2056
1927
1614
1805
1977
2001
2067
1480
2117
1934
1594
1855
1932
1929
1522
1539
904
2038
1980
2023
2029
1494
1626
1416
1446
1491
1515
2134
1667
1426
1545
2088
854
2249
1490
1502
1969
1425
1888
2229
1962
1551
1971
870
1397
1474
2062
1554
2240
2052
1423
2043
1997
1942
1529
1946
1531
1470
1600
2103
2068
1539
1926
1410
1490
1972
931
2049
906
1901
1376
1482
1970
2134
1637
1441
2065
1458
1609
2082
980
1989
2000
2036
1452
1561
1475
1440
1934
1496
2066
1471
1923
1611
1409
1901
823
1519
1515
1955
1430
1466
1961
2589
1548
1918
2105
1444
1421
1326
2074
1529
1585
1450
2008
1867
1806
962
2022
2078
1950
1494
2067
2048
1518
1568
2044
1990
871
957
2113
980
1959
865
1390
2071
2112
1544
1920
1898
1889
1910
1485
2072
1994
2014
1428
1960
811
2012
2053
1459
1446
2022
2037
1951
1502
2031
1425
2035
1547
1503
2076
2120
2045
1995
1929
2101
1488
2068
1852
1876
1455
1496
1704
1537
2061
2175
1977
1413
888
2074
2196
1527
1922
1530
1970
1451
2086
2142
1481
1398
1420
2036
1587
1948
2055
1470
1426
1911
1567
1945
1438
1369
1954
1485
1709
2086
1488
1981
1513
1444
1415
1533
1527
1482
1446
2059
1573
1543
1946
2003
1413
1434
1419
2136
1483
2008
926
1964
1969
1913
1984
2011
1532
2009
1494
2038
1503
2186
1482
1993
1421
1414
1934
1955
1497
1900
1433
1889
1993
1435
2107
2083
1449
1448
1930
2090
2110
2003
1493
2167
836
1583
2960
1531
1896
1897
1891
1470
1529
945
2038
2021
1429
1922
1934
903
2060
1409
1957
2107
1555
1458
2014
1511
1850
1873
1506
1546
1614
2040
891
1984
2092
1454
1534
2056
1887
1438
1442
1521
2024
1505
2036
1423
2011
1997
861
2145
2092
1352
1871
2067
2070
2023
965
2007
1439
1516
1395
1979
2109
1504
2064
1429
1372
1453
1989
1952
2028
838
1460
2032
2112
2159
1586
2062
1542
1856
1932
1493
1514
2552
1406
2019
1939
1509
2159
1478
1966
1418
1413
2163
1464
2160
1489
1470
1884
1481
1992
1497
1987
1428
1638
1481
1533
1525
2035
2025
1988
1520
1907
2060
2025
1644
1872
1662
1578
1567
2084
2068
1875
871
1389
1944
1497
2036
1475
2028
2019
1977
1542
2192
1385
1402
1947
907
2127
1939
2042
1461
1452
1464
1415
1993
1412
2545
1411
2022
1502
2022
1543
1503
1415
2034
1541
932
2026
2072
2217
1487
1992
2113
2710
1573
1957
1691
1457
2014
942
2040
1490
1425
1905
1868
1380
2026
1494
1471
1432
2023
1519
2055
2069
1580
1388
1972
2240
2002
2085
1500
2080
1395
1428
1953
1581
1891
1926
1880
885
1501
2142
2032
2084
1467
1989
1927
2012
1483
1999
1428
1993
1457
1554
1474
2109
1498
1390
1912
1827
1659
1487
1477
1950
877
1437
1519
1515
1478
2015
1944
803
2035
2047
1966
1911
1620
1427
1874
2052
1618
940
2550
1986
1593
1931
1640
1906
1467
1962
1915
1413
1526
1484
2065
920
1942
1915
1450
1530
2028
1459
1904
1598
1468
2050
2083
1568
1989
1394
1548
1946
1457
2035
2011
1420
2014
949
1507
1986
1967
1412
1452
1915
2041
1492
2147
1919
2004
1426
2082
1473
2050
1424
1918
884
1940
1965
951
1516
1436
1429
1916
1355
2019
2102
1476
2074
2107
2234
1479
1512
1476
1933
2053
2001
2204
1924
1527
2003
2060
2002
1475
1977
1552
1914
1868
1450
1459
1516
1682
2117
1440
1903
1905
1477
898
1901
2608
1969
1472
1572
2141
2130
1887
1836
1435
1452
2012
2047
2100
879
2058
1872
1927
1710
2025
854
1454
836
2024
2058
1593
1721
1966
1838
1441
1425
2006
1011
1967
1881
1477
2096
932
2030
1429
1949
870
905
1497
2069
1540
1561
1459
1427
1511
1531
2107
1422
1837
1871
1524
2044
1512
1945
1960
1391
1449
1439
2101
1977
2460
1446
2634
1541
2052
1528
2042
1447
1475
1427
1542
2066
2168
2044
1945
1385
1468
1961
1905
1989
1925
1445
2007
1939
1575
1518
1413
1945
1938
1455
1516
2075
1467
2121
1482
2041
1464
1513
1465
2082
1955
1404
2091
1989
1568
1510
1898
1411
1659
2013
1661
1621
1946
1457
1508
1682
1967
1470
1939
1405
2006
1394
1500
1931
1900
1407
2111
2052
2080
2076
2007
1894
1908
896
1993
1491
1969
1530
1927
1990
1473
1592
1496
1958
1962
1447
1479
2026
1563
1488
899
1830
1870
1983
955
2076
1932
1494
1481
1951
1665
1479
2021
880
837
1414
944
1524
1506
1928
2041
849
2068
1537
1506
1660
1961
1872
1930
1997
2024
1433
2014
805
1458
1468
1538
1997
2536
1411
1899
1492
1686
2075
2120
1976
1449
1975
1466
2041
2085
1442
1572
1602
1900
1967
2048
1489
2017
2053
1497
2247
1502
1551
1653
1875
1918
1409
1524
2072
2533
1432
1423
2057
888
2010
1450
1424
1447
1857
1524
1549
1964
1505
1967
1503
2050
1551
2010
1473
1382
1428
1433
965
1502
2091
1974
1977
1434
1944
896
1938
2102
1529
1480
1983
2134
2062
2060
1424
1898
1401
1935
1452
1500
1504
2068
1413
2110
1586
1997
1425
1946
1419
2082
1521
1533
1527
2042
1432
1440
867
1532
1473
1435
2059
1502
1957
2037
2006
2060
6392
1450
1396
954
2066
1504
2101
1991
1557
1939
2065
2018
1430
816
1953
1468
2093
1956
2178
836
1402
1463
1399
1976
1491
1895
1985
1469
1630
2039
2093
1953
1439
1444
1971
2054
2078
2040
1578
1978
1431
2554
1675
1932
1478
1826
1461
1468
1969
1999
1507
1512
1387
1987
1408
1513
2076
1950
1897
1926
2122
1488
1484
1971
1405
1937
1410
1543
1507
1494
1529
1902
1846
1578
2041
1567
1478
853
1975
1887
2025
2157
2140
1970
2008
1572
1389
1984
1969
1430
2018
1581
1551
2042
2060
2049
1458
1998
1421
2225
2017
2094
1949
886
1534
2534
2679
2134
2061
1432
1999
1919
1520
1559
1540
1980
1889
1420
1405
2088
2015
1420
1512
1499
1980
1995
1497
2055
1414
1957
1402
2107
1622
2050
2069
865
1417
2103
1472
1505
1888
1438
1467
1936
1490
1531
1993
2032
1383
1913
1464
1489
2012
2050
1392
1540
1987
2254
1427
1923
1884
1962
1977
2101
1519
2051
1521
1606
2006
1532
1515
2027
1423
1916
1403
1966
1945
903
2032
1442
1939
2058
2121
1437
1465
2492
1407
2671
1646
1531
1596
1601
1472
831
2037
2076
2046
1425
1970
863
1873
1505
1954
1451
1332
1387
1393
2038
2153
1457
2142
1501
2125
1383
1944
2044
1518
1464
1484
2129
1452
960
1500
1486
806
1398
1455
1973
1519
1950
2005
1476
1922
1695
1985
1539
1982
2108
2071
1965
1465
1487
2107
1474
1466
1949
1442
1976
2154
2073
1401
1540
1968
1991
1516
1894
1899
1409
900
1478
2012
2014
1505
1649
2118
1966
1936
1692
2043
1985
809
1982
2112
1434
1935
2120
1617
1884
1997
856
1948
1464
1892
1525
2029
2058
2050
2032
1897
1442
1456
1453
2009
2082
1532
2130
1964
2062
1538
1862
1870
1629
1904
1505
1974
2155
1466
1480
1986
1924
1674
2052
1501
2159
1885
1540
1491
893
2042
832
1890
1412
1431
1908
2003
2071
2337
1648
2037
2019
2067
1468
1405
1421
1907
1962
1490
1958
1545
1983
1409
1948
2074
1465
1496
2564
2439
1552
1490
1964
1453
2013
1383
1925
866
1481
1505
1529
2041
2004
1886
1529
1595
1915
1953
1418
1406
2010
2092
1512
2072
1489
1410
1962
2075
1891
1962
1473
1445
1514
1545
2096
1456
1455
1551
1906
1892
1479
1986
1957
1472
1999
858
1963
2083
1994
1378
1420
882
1507
2059
2032
1501
1465
1397
1973
2003
1921
1548
1995
1442
1964
1973
1637
2014
1416
2013
1948
1389
900
1515
1487
1990
948
2058
2151
1475
2024
1440
1433
1826
1998
1969
1962
1529
891
1972
1390
1427
1449
2029
2024
1417
1519
1512
2145
2085
1473
1973
1406
1424
1435
2032
1590
2033
1474
1971
2045
1479
2092
1423
2060
1380
2135
1954
1444
1929
1947
1404
1983
1511
2228
1989
1909
2004
2019
1593
1600
1443
2109
2030
1947
1417
2065
1700
1489
2000
926
1438
2658
1500
1852
1330
1954
1943
1589
2067
1463
2074
2108
1409
1615
2028
1451
1636
1625
1390
1561
1564
2292
2146
991
1934
1829
1898
859
1974
2069
1604
922
1444
2173
2082
1964
1376
888
2053
2130
1560
1895
2046
904
1917
1867
1699
1479
1967
1540
1440
2018
1671
2010
2230
1413
1409
1633
1970
1478
2068
2086
1578
1468
1420
2048
1457
1485
1415
1980
872
1506
1513
2079
2064
1475
1441
2031
1864
1469
1964
1477
1423
2042
2070
2075
1506
1459
1414
1412
2055
873
1643
905
1951
1492
2028
1526
2151
2048
1514
1967
841
1986
1936
1906
1513
925
1433
1391
1864
1450
1715
1394
1476
1690
2200
2112
1472
1964
1368
2148
1888
1457
2035
1976
2033
1490
1425
1503
1555
2017
1406
1839
1946
2083
2038
1647
1975
910
1906
1844
1438
914
2077
2009
1405
1542
2011
1524
2138
2019
1650
833
1914
1474
2194
1478
1457
2033
1926
2627
2003
1611
1927
1916
1955
1460
1476
867
1967
1473
1884
1366
1887
876
2037
1521
1918
1560
2033
1476
2154
1449
1909
1392
2083
1447
2122
1501
1546
1442
1457
1978
1970
1469
1851
1934
1879
915
2111
2057
2080
865
837
1992
2002
883
1486
1444
1418
1528
1460
967
1512
2024
1492
1920
1962
913
1974
1483
2040
1965
1427
1627
1481
1428
1866
2067
1962
2022
1533
1470
2047
2131
1913
1427
1899
1959
1995
1503
2062
2056
2075
1963
1495
2090
1511
1903
2058
1445
1996
1511
1526
1516
1871
2108
1528
1867
1408
1855
1941
2086
1492
1453
2070
1595
1559
1370
1456
2082
2182
1469
1351
1555
2092
1996
1991
1865
1870
1385
1905
2120
1518
2005
2103
932
2112
1906
1950
1876
798
1883
837
1968
1994
1482
2018
1474
1497
1588
2039
1440
1985
1540
1927
1946
2264
1523
1605
1995
1362
1989
1923
1879
2132
1509
1984
2065
1431
1561
2055
1494
1382
2030
1947
1567
1969
1941
1648
2017
1581
809
1954
1421
1577
1961
1380
1552
1963
1524
2112
2029
1976
1519
2016
1444
1491
1932
1522
896
1472
1534
1978
2154
2045
1912
2040
2067
1469
1537
2057
1472
1971
1422
1421
2109
1655
1969
1836
1542
1507
1525
1469
1893
1900
1396
2018
1460
1604
1999
2063
1462
1974
2931
1603
1521
1872
1413
1371
2051
2080
1992
1549
1462
1448
1406
1417
1935
890
1538
1515
2037
2039
1539
2057
1436
1413
828
1986
1591
2093
2095
925
855
1436
1550
1953
1504
1420
1934
1929
1493
1990
1520
1526
1533
1980
1409
1941
1957
1540
1874
2205
2015
2086
1460
1546
1451
2000
1391
1443
2030
1973
1492
952
1494
1888
1505
1550
2012
1419
2031
1896
2241
1477
901
2033
1551
1431
2016
2131
2102
1490
1563
1977
2042
2030
1972
963
2133
1954
1382
1929
1925
1472
1950
1938
2181
1534
2041
1547
1987
1404
2137
1398
2027
1496
920
1515
1979
2040
1394
2050
1967
2303
1942
1818
1908
1998
1563
1509
2039
1927
1387
2046
1955
1946
1533
2123
1999
2134
2625
1499
1541
873
2086
1415
1569
1486
1703
1496
1518
1419
1401
893
1455
2033
1463
1869
1939
1543
2101
883
1986
1424
1964
842
1469
1527
1652
2047
2186
1831
1953
1492
1678
1965
1882
1939
2062
2099
1945
1504
883
1919
1996
1977
1518
2028
1492
1406
1501
2070
1516
1524
2042
1947
1418
1443
1462
1503
2055
2045
926
1824
1547
1619
1874
1905
1981
1512
1553
2054
1485
1493
2035
1879
1949
1923
1467
968
1507
1421
2085
1541
957
1930
1923
1887
832
1427
1521
1469
2105
2036
2055
2001
2058
1469
1614
1896
1555
1451
2005
1981
939
1961
889
872
1932
1434
2011
2118
1415
2576
2085
2011
1643
1470
1565
1377
1381
1983
2010
2000
1977
1488
1949
1906
1533
1566
2041
1458
1456
1405
1609
2063
884
2082
1470
1507
1823
1403
1913
2023
2049
1404
1975
1526
946
1996
1482
1355
1861
1498
2000
2035
1441
2057
2039
1977
1874
1447
1462
1482
1454
2003
2050
1962
1959
1383
2120
1984
1483
1504
1867
1400
2544
1637
1492
1987
1666
1968
1904
1956
1472
1985
1443
1935
1914
1369
2045
1976
2646
1997
1593
2144
1939
881
1511
1438
1924
2015
1925
1924
1995
2016
1446
1414
1479
1591
1969
2071
1408
2053
872
2013
1977
918
1431
1928
1901
1918
1495
2219
1437
1464
1507
1534
1979
1967
1529
1887
1415
2021
2039
1997
1953
1498
1855
1402
1614
1540
1649
1457
1424
1869
2013
2091
1522
2062
2066
1954
1448
2019
1493
1965
1874
1420
1482
2118
1544
2062
1977
868
1424
1411
1481
1465
1988
1947
1896
2021
2701
1638
1501
1967
879
809
1443
968
2042
1518
2112
1841
1566
1417
1512
1500
1351
2024
1536
1994
1495
1544
1614
2064
1416
2067
2089
930
2131
1519
1435
1447
1466
1628
2135
1997
2002
1934
1901
1507
961
1004
1904
1988
1497
1403
1529
1449
1474
1995
1470
979
2051
1470
932
1962
1439
1921
2058
2194
1490
1943
906
2000
2045
2013
1498
1874
1406
1443
1442
1604
1488
1505
1454
1501
1456
824
1969
1965
2127
1949
1458
1482
1415
2107
2043
2011
1493
1922
1525
1980
1501
1917
1960
1577
2055
1527
1515
1423
2092
868
1438
1952
1775
2030
1428
1436
2059
1934
933
1491
2001
1852
1937
2109
1497
1580
1475
2007
2008
1986
2071
1887
1501
1493
1485
1891
2746
1542
2012
1599
874
1937
907
1548
1976
2067
1484
1936
1971
1980
1985
1929
2476
1905
2002
1493
1471
1458
2183
2072
2071
856
1522
2186
1528
1648
2094
2005
2079
1620
2029
1438
1412
1837
1460
1473
1959
1944
1928
1408
1904
1951
1508
1551
1956
1558
2056
1518
2082
2099
1972
1375
2057
1955
1726
919
1488
936
2029
1891
1932
1992
2015
1892
1411
1430
2064
2116
1507
1507
1986
1428
1975
2023
1505
1445
1554
1465
1958
2002
1546
1989
1491
1641
1438
1957
965
1938
1918
1527
1985
1441
1461
1521
1499
1426
1462
2040
1998
1961
1946
1493
1853
1395
1869
1961
1709
2034
2258
1994
1477
2079
2208
1571
1519
898
1586
1476
1960
1943
1530
1961
2015
1943
2596
1964
1508
1866
1464
1913
1941
1533
1924
1490
1992
1972
1964
1425
936
1997
1905
1500
1963
1791
1533
1515
1650
1963
2103
1413
1521
1499
1523
1940
1966
2229
1979
1514
2003
1406
1515
1408
1455
2018
1942
1948
2098
1937
2013
1941
2060
911
1474
1632
1939
2028
1959
1542
1522
2020
1404
1486
2026
1978
912
1892
908
1565
1992
1548
2102
2045
1407
2029
1932
1516
2173
1895
1954
1938
1430
1962
2092
1436
1561
1518
1968
1929
1963
1500
1485
1974
1459
1414
2049
2025
2062
1627
1446
1878
1920
1935
1986
1433
1427
867
1966
2078
1522
1473
1449
1439
1999
861
2181
2052
2065
1468
1435
1930
1578
1966
2076
1402
1425
1905
1508
2003
1973
2006
1413
1868
2063
1552
1514
2015
1411
1443
1486
1532
1507
954
1983
1976
1969
1987
1493
1691
1558
1911
1922
2028
1608
1982
1455
1966
849
1940
2014
1694
1971
1470
1990
2016
1472
1552
2094
1492
1956
1946
920
2074
1503
1931
1440
1892
1437
1872
1968
1494
2490
1524
1528
2038
2007
1515
1527
2044
1460
1422
1556
1508
1583
1487
1543
1982
2033
1984
2085
2047
2003
1914
1485
2063
2148
2036
2024
1394
2040
886
1545
2118
1854
1894
1451
1548
2019
1471
2010
1941
1423
1416
1667
2163
1496
1951
1430
1929
2109
2094
2062
1341
1458
1427
1459
1984
1503
1920
1857
1422
1981
2053
2110
1500
2036
2048
2705
1527
2010
1995
963
1685
1866
1389
1517
1680
1953
1935
1457
1941
2067
1568
1521
1416
1640
2020
1676
4170
933
1547
1395
1438
1377
1904
2105
1434
1468
1403
1431
2103
1647
1908
1947
1893
883
1383
1504
2031
978
2104
1907
1856
1441
1492
1516
2622
856
2027
2068
1534
2062
2014
1458
1568
1487
1937
1980
1968
2483
1840
1576
1992
1546
2114
2030
1990
1512
1943
2080
2140
1951
1946
1414
2009
2013
2011
1448
1935
1629
1446
2018
947
1504
1470
1430
1437
1428
1860
2354
945
2013
1586
1490
2085
2006
1952
1456
1871
1484
1369
1980
1462
1030
2041
1456
1907
1442
1976
1862
1597
1397
2033
1483
2033
2071
1501
2067
2025
1891
1892
1959
1986
2460
2038
1554
1559
1500
2071
2044
1977
2018
1832
1960
2004
1507
1476
2023
1936
1463
1532
1531
1978
1884
1884
1953
2092
1604
2238
2042
1429
1439
1890
1957
1989
1352
1462
1508
2056
1492
1554
1479
1947
2066
1426
1544
2041
1687
1548
1933
1978
2046
1522
1475
1453
2057
1454
2008
1947
1980
1642
1891
1876
1446
1836
1985
2109
1462
2055
2103
2071
1521
2110
1977
1448
898
790
878
916
930
1453
1887
1888
1484
1993
2086
1489
1597
836
931
1965
1498
1497
1575
1606
1472
1358
1935
1450
2033
1950
1516
1515
925
1541
2014
1480
2013
1907
1989
1981
1535
1629
1952
1413
2045
1979
1488
1451
1579
1902
1455
1488
1551
1956
1439
1945
2111
1981
2096
1611
1934
1875
1601
2042
1477
1484
1932
1954
1610
1446
2016
1531
964
1518
1468
840
1471
1529
2060
2032
1846
1880
2032
2078
1491
1948
1979
1972
1965
1437
1507
2122
1880
1942
1515
1482
2022
1993
2081
1905
1413
1403
1521
1467
1995
1529
1427
1406
2073
2083
2196
1445
1371
833
1471
2038
1991
1993
1952
1887
2183
1981
2068
1486
1441
1444
1452
2183
1942
2020
1969
2027
2068
1400
1503
2084
1506
894
1932
1391
1600
2556
1648
1891
1866
2057
2139
1509
2018
2078
1883
1902
2059
1839
941
918
1408
1940
1488
1573
1499
2041
2021
2036
2039
1404
1440
1994
1521
1439
1899
1977
2010
1495
1501
2073
1439
1958
2019
1967
1525
937
1410
1852
1939
1832
1926
1979
1374
1926
1501
2036
995
1506
2019
1442
2001
2005
1948
1926
2080
1500
2025
1888
1504
2026
1515
870
860
1873
1882
1526
1487
1569
1426
1960
1994
1382
2065
2038
1534
1382
2102
2111
1980
1668
1964
1889
1944
1982
1957
1503
1892
1592
2076
2088
1576
1582
2078
1457
2077
1975
1508
1518
1907
1984
1455
1472
1858
1504
1990
2089
1493
2034
1937
1472
1638
1542
1972
2030
1953
1984
2023
2047
2015
1969
2105
2066
2695
2102
1487
2015
5847
1928
2033
1925
1958
2103
2010
862
1979
1927
1922
2128
2062
1394
2155
1959
964
1950
1895
1442
1914
1988
2016
1496
2081
1626
1469
1406
1547
2043
1638
1644
1402
1905
1954
1462
1496
1481
1933
2009
1427
1581
1419
1989
2524
1446
1921
1644
1985
1471
1912
1475
1998
2124
1485
1532
2101
2040
1999
1429
1517
2050
2024
2058
1877
1375
1566
1909
2189
1962
876
1908
2058
1961
891
2029
2079
1493
2092
1594
1547
1936
1609
1842
1382
1488
1492
2058
2060
1505
1472
1562
2718
2027
2074
899
2008
1899
1923
1520
1433
911
1919
1893
1395
1441
1408
1959
2077
1404
2036
2029
1508
1467
909
1950
1588
2085
1417
1498
1537
1995
1579
838
1548
2078
1533
2050
877
1908
1981
1915
1467
2034
1473
1438
863
872
1925
1487
1993
1419
1542
2067
1530
1498
1596
1979
1393
1408
1473
1482
1908
1967
1484
869
1545
2029
1467
1888
1417
1849
1946
1459
1961
1527
1980
1441
1929
1472
904
1508
1489
1473
2063
1516
2122
1960
1431
2010
1966
1409
2098
2065
2026
1560
1929
1897
1498
1506
2062
1420
1566
1376
2070
2052
1489
1605
2137
1842
1403
1948
1952
2069
2490
1400
1984
1898
948
2055
1452
883
1869
848
873
1462
2005
2038
1938
1936
2055
1950
2135
2004
1520
1839
1516
1516
1671
1502
1930
1409
830
1435
1935
2005
1519
1407
1534
2097
2094
1510
1876
1956
1383
1899
1464
2111
2114
951
2042
1484
2041
1968
1490
1934
1982
1435
1538
1950
2074
2069
1460
1999
2047
1961
1454
1983
1987
1834
1672
1993
2051
1495
1941
1385
1385
1979
1437
2069
1558
1503
1435
2005
2006
1525
1461
1370
1851
2029
1739
1489
1492
2138
1482
1932
1388
1430
1857
1471
1977
1945
2674
1524
2102
2055
1991
1373
1377
867
2022
1997
1949
2013
2067
2011
2168
1902
1485
1388
1423
1899
1961
1883
1487
2135
2089
889
1912
2008
1978
1689
2111
1819
1965
1483
1979
2135
1959
2104
1995
1470
1961
2089
1503
2087
2084
1561
1988
1596
1480
1429
1425
1895
1701
2024
2005
1488
2030
2238
1851
1431
2058
2007
1441
1919
1946
1559
948
955
1916
1873
1441
1470
1917
2132
1690
2096
2102
1990
1611
1916
1958
1430
2038
2006
1549
1478
1660
2084
1907
1407
1403
1451
2015
2105
2689
1935
2034
1996
2177
1480
2008
1428
838
2009
2003
917
908
903
1926
1888
1527
1509
1597
2071
2009
1394
2051
2033
1481
1483
913
1921
1434
1441
2046
1976
1482
1909
2050
1487
2067
953
2103
1394
1975
1394
1462
2098
925
2005
1507
1447
1514
1468
2099
1420
2003
1398
902
5075
1492
2039
2108
2126
1373
1940
1909
1947
1667
1440
1529
2047
1535
1509
865
1916
1934
1431
2087
1456
920
1462
2122
867
1544
1525
1442
1847
1465
1842
1965
1485
1452
1498
2012
1983
1382
1947
2112
2060
2131
1928
1488
1650
1464
858
852
1994
2032
1447
878
1992
2009
1540
1970
2109
1529
1503
1430
1964
1897
1384
2098
1545
2245
1458
1522
1415
1936
1997
1435
1614
1436
2026
1492
2063
938
1982
1477
1861
1928
1946
1460
2088
1980
1938
913
1903
2161
2022
1463
1913
2132
1408
1527
1564
2069
1526
1922
1442
1829
1432
1901
2057
2540
1490
2081
2071
1515
2073
1433
1449
1388
1934
1519
1957
2086
1522
2044
1928
1977
1494
1957
1873
1396
2000
2031
2161
1477
2143
1939
816
1365
1914
1964
979
1576
1410
2056
1547
2043
2117
1440
1419
1490
1883
2071
1516
2009
2178
2045
1609
2107
2083
2027
1400
1842
1850
1504
1528
1439
1971
1965
1477
1446
2003
916
2060
2137
2131
1564
1932
1798
1465
1988
1453
1986
1953
1476
2023
2006
1504
889
811
2746
2108
1503
834
1400
2019
1491
1482
2051
2086
1507
1455
1500
2005
2054
2127
2049
1933
1963
1497
2060
2069
1486
1684
1418
2030
1626
2068
1462
2109
1945
1891
1576
2061
2005
1493
2084
1943
2045
2098
912
1966
1958
1436
1557
1442
1485
2097
2002
1435
1642
2127
2044
919
1994
1960
1411
845
1433
1977
940
1515
1478
2036
1561
1938
2003
1932
1978
843
1975
1969
859
1965
2000
1413
1413
822
1978
2062
1415
1400
1603
2227
1932
2013
1973
1912
2023
1505
1996
2078
1506
1668
1921
1438
1986
1546
1566
1854
1449
1854
2010
1515
2062
2151
1502
1999
1427
1410
1635
2104
2044
2032
1529
1440
1530
2100
845
1990
1858
1438
1928
2126
2056
1525
2195
1956
1545
2026
2063
1905
1405
1954
2019
1443
2040
2033
1491
1918
1868
1445
1935
1517
1582
1431
1570
1526
2133
1569
1427
1385
1934
2083
2057
1501
2075
1486
2017
1907
1522
1951
1487
2016
1936
1951
1485
2070
2093
2047
1902
1899
1930
1431
1502
961
1426
1406
1959
1944
1477
1647
1441
1894
1929
873
1935
2120
1479
1498
1501
2021
1997
1488
2007
1488
1963
1399
1522
1529
2099
2007
916
1498
826
1951
1955
955
1483
1425
2009
2018
1996
1493
2032
1994
1980
860
2041
2244
2001
2003
1906
1473
1536
1523
1565
1802
1967
1440
2059
2042
1489
1509
2009
2079
1406
871
1454
1957
1484
2059
1527
2019
2071
1461
912
1404
2025
1876
1458
1639
927
1975
1942
866
1928
2093
1971
1928
2012
1411
2133
2024
1482
1990
2127
859
1435
1363
1961
2032
1505
1414
1593
1883
1934
2058
1412
2119
1936
1990
1442
2142
2047
1520
1451
1895
2135
1508
1666
1896
1855
1463
1535
939
1919
2201
1441
1438
2050
1983
1477
1940
1519
1395
1935
1996
2089
1565
1993
1892
1439
1863
1924
1533
1876
2060
2154
1999
1515
2190
1491
1404
1441
2039
1973
1474
1521
1584
1967
1925
1392
1934
2112
1515
2726
2227
1459
1449
1469
2015
2075
954
2096
2199
2124
1397
1986
1891
1453
1551
1966
1897
2150
2006
2030
2094
1548
1428
1412
845
2079
1487
1534
955
2032
1883
1522
1540
1976
1387
878
1938
1662
1501
1483
2050
1981
1888
1844
2059
2105
1499
2007
2063
1696
1555
942
2076
1446
1898
1397
1945
2021
2017
1992
1016
954
1884
2036
2127
2097
1374
2021
1430
1992
1487
1490
931
1945
1926
1964
1933
2025
2099
2104
1421
1486
2033
2027
1498
1472
838
1437
1425
1928
1989
2062
2119
961
1938
1948
1680
1486
879
1857
1863
967
913
2074
2040
2004
2024
1436
2061
1868
1507
1511
2024
2036
1533
918
2042
1924
843
1424
2011
1506
881
1950
2080
2045
859
2026
1884
1498
1562
880
1873
1554
1508
1457
1977
924
1981
1444
1442
2019
1533
1522
1474
2017
1449
2036
1498
2075
1920
873
1888
916
2136
2057
1500
1497
1922
1959
1947
1920
1449
867
2032
2137
2061
1553
1936
908
1441
1907
1880
1507
949
1534
1505
1587
1659
2172
2145
1959
1931
1412
1435
870
1917
2044
1468
2007
2055
2802
1958
1472
1435
885
1454
1518
965
2123
1966
2081
1451
841
1957
1997
1484
2616
1407
1616
1906
2053
2071
1954
1932
1921
875
1994
1538
1999
2099
2047
853
2077
1540
1983
1392
1982
846
2092
2075
928
1982
1456
1903
1909
890
1463
1503
1974
1404
2058
2047
1528
915
1895
864
1950
1443
2094
2005
1652
2127
1992
1444
1532
1505
1935
1429
1436
853
1929
1974
2002
1524
2119
2001
2188
1425
2065
2103
2091
1948
2684
1958
950
1541
882
1419
1852
1890
1433
1509
2016
2068
970
1445
1542
2105
1598
2058
1455
2007
2012
2037
1969
932
1484
863
1944
912
1942
1493
1495
1368
1661
2056
1501
967
869
1994
1954
1946
871
1533
1939
1512
2083
2069
1521
2030
1480
1431
2071
1462
1491
1466
2056
2008
1459
2003
796
1967
1989
2076
1597
1437
1535
2146
2062
1951
1428
1396
1859
2016
1439
1486
2091
2032
917
1876
2155
1476
1501
1303
1845
1415
1506
1551
1536
959
2221
1949
1957
899
1993
2071
2078
1824
1974
1505
1547
910
1990
1926
775
1423
982
1973
1994
918
1501
1433
1958
1492
1699
1455
2002
1413
1503
1493
1542
1477
2042
847
2007
2044
1441
1530
1972
1492
2071
2085
2040
2128
1909
1448
1368
1409
1907
1963
1615
2121
2030
1424
1515
2036
1613
1907
853
1871
1525
1946
1490
2122
1496
1970
1419
862
1537
2028
1515
2067
1511
1953
1498
1514
1474
1859
1399
904
1631
1492
1984
2080
911
1869
2778
1497
2042
815
1982
1519
1501
1446
2021
966
1918
1408
852
848
1524
1505
2468
1932
2128
1507
2041
1996
2046
1370
2002
1436
1912
1505
1945
2043
2031
1948
1496
1975
1456
1296
1471
1398
2012
1979
1942
2071
1481
863
1969
1417
1980
2058
1477
1629
2069
1956
2004
934
1462
1469
1512
1444
1516
2027
2029
2146
868
2044
2646
1603
1886
1985
1449
1388
1483
2028
1544
2138
1984
1890
1264
1433
1963
1504
1538
1377
2016
1471
1485
1958
1935
1968
797
1952
1486
2132
928
1529
920
2056
2104
2114
1475
1875
1440
895
1983
2092
935
1519
1452
2127
963
1896
1919
2102
1581
2060
1539
1581
2016
2152
1998
1978
1892
1913
1893
1471
931
2100
2072
872
2041
2120
1611
1907
1554
1549
1952
1624
1413
2065
1882
1938
1991
1966
2239
1046
2072
1423
1605
2047
1534
1664
898
1399
1424
1897
1506
1979
2161
2099
1518
2024
1971
1488
1473
1885
1890
908
949
2004
2045
1537
1449
891
915
1959
1466
986
1490
1927
1513
933
1605
957
1562
2111
794
827
883
2145
995
1896
1910
1896
1610
1483
1437
1922
1445
1939
1492
2154
1933
1496
2121
1425
1473
880
1985
1541
1477
2678
1620
1500
2083
924
1432
1389
1875
1850
1562
1514
1918
1638
1937
1399
1957
2062
1431
1460
877
796
1509
2019
2072
1531
1498
1970
2030
1454
863
956
1562
1358
2071
1990
1479
1516
1919
1505
1402
793
900
1947
928
967
2079
1442
1536
1681
1484
1512
2051
1937
2090
1471
972
1528
1465
876
1970
2055
1538
1558
2040
1419
2118
912
1972
1470
1504
1552
1399
869
1582
2028
1640
1536
1473
1972
2132
2058
1965
1940
2017
1950
1491
944
2020
2103
1919
1926
1837
1914
1442
2235
2069
1836
1506
1952
972
1618
1992
2074
1427
1895
1451
1981
1971
915
889
1406
1998
1631
1884
1296
1972
1965
1526
2052
1546
2132
1516
1882
877
1889
880
1987
2010
2074
2116
1570
923
1579
1588
2053
2091
1984
2020
2139
2009
1512
1998
1995
1972
2056
1915
1936
1932
1417
2061
2199
1942
896
934
1965
1896
2037
897
978
2144
1390
1679
1471
960
910
849
2010
1956
2060
900
894
1509
940
898
1954
1557
1972
1498
1587
1427
1419
2210
1504
1556
956
1950
1542
1412
902
1936
2118
2022
1966
2105
1959
1512
942
888
1995
1378
1955
2031
957
1543
2076
1489
2080
2763
1970
1454
1906
938
826
1782
1962
901
939
2017
1861
1602
1462
1505
1721
2035
1898
2066
1954
1973
1504
1454
1413
2002
1868
2039
2174
1509
1508
2064
1863
1502
1524
1898
1998
1984
1920
895
1435
1573
2252
1489
1528
2190
883
1478
1484
1988
2496
2062
1519
1891
1484
1470
1830
1918
2002
2090
2077
1615
1531
1919
868
1992
1503
1898
1487
871
1997
1694
964
1490
932
2090
1879
1458
1939
1454
1958
2085
1990
1544
2025
1622
1970
891
1420
1973
1565
1950
1535
2011
2082
1962
2005
1471
2016
2004
1426
836
1456
1583
1931
1985
947
1689
845
1905
2024
1985
1752
2133
1364
2213
2068
2110
1561
1490
1999
1403
1945
1950
2101
2078
1580
1502
865
1613
1554
2005
1425
1408
1456
1559
950
1962
1949
2118
1872
1412
863
1885
2062
2618
1409
1554
2057
2084
2110
1876
1864
917
1439
1956
1483
1535
1978
2005
2186
2112
1974
2005
1475
1418
1397
922
1515
1552
2110
1950
2064
1930
1849
1485
1495
2444
1380
1426
2137
1509
1523
2682
848
902
1382
1595
920
1505
2032
2085
2048
2091
2139
1488
1411
1430
1506
1467
991
2093
941
1450
1958
851
848
2109
1511
1936
1450
2088
2020
934
941
893
2038
1922
1964
2070
1657
2211
968
2120
878
2004
1525
2026
1498
1431
2006
1449
1536
2108
892
1478
1346
1896
1570
1467
2088
1444
1956
1886
1933
967
971
901
1975
1411
1431
1502
2041
959
2069
849
1445
1450
2065
1548
1440
2011
1439
1468
2002
1980
1474
1552
1937
1945
1933
948
2012
1947
1559
2073
1930
1490
1980
1982
1928
1873
1424
1990
2066
2179
1509
1441
1961
2370
1540
1544
1935
1405
1975
1451
1559
908
917
2003
1565
1977
1384
1591
1550
2542
1396
2072
1521
1949
2090
933
1976
1994
1979
1468
2002
2266
1598
1427
1425
2060
1938
1490
1870
1860
1582
1460
971
1952
962
2111
1974
2157
837
1947
1923
1928
1932
1483
1940
1451
2020
2021
2035
1952
899
1522
1902
1939
972
1421
1386
2833
1542
2014
2024
1960
1606
926
1546
1485
1538
1422
1925
1916
1878
1940
2055
1965
2009
1514
2057
1009
1514
2068
1861
1939
1514
2002
1462
2072
1479
1470
1947
2597
1491
2152
1897
1821
876
2013
969
2114
972
2012
2009
1891
2077
942
1979
1920
1913
1994
2017
2029
1961
2062
1950
1423
1476
1511
1532
1599
1453
1970
1452
2027
1627
2015
2045
837
1900
1460
1525
1522
1955
1899
1936
1920
2042
2130
1481
1556
1650
1992
2129
2095
986
997
864
2154
1984
980
1504
1498
2073
1459
808
2742
2053
1518
1431
844
846
1412
935
2045
2112
1604
1885
850
849
1989
2009
1482
1411
1985
1540
958
1961
908
1916
2011
1419
1519
1476
2086
1618
909
1400
1469
1524
2078
1451
1896
1919
1632
1517
2304
2112
878
1875
886
1841
1897
2036
1939
2194
1462
938
980
2148
1943
880
2089
842
1477
1481
2073
1954
1860
1649
1958
1519
1462
1389
1447
1302
1908
1482
2169
1502
1989
875
845
1397
1523
1540
1986
1438
1990
2154
1492
1960
904
1939
1418
1922
1938
1546
951
1459
1463
843
2003
1507
1941
1515
1943
2015
1946
2111
1546
1495
2035
1971
1837
1383
968
1465
1966
1401
2030
2095
1569
1515
2038
870
2002
1552
1566
1939
2022
937
1438
1926
1445
2023
1515
1898
1434
1859
1522
1477
1969
2103
1623
1978
1437
862
2051
963
2720
887
1990
2193
2097
1974
2007
1431
1429
1866
907
1486
1513
910
1897
1951
1473
1524
2085
1950
1382
1865
857
2110
1490
1496
2004
1958
1418
1896
1964
1469
1441
1415
1433
1953
1961
2116
1491
1973
860
1396
2031
2065
2101
1942
1455
2036
1445
1498
2051
1434
850
1485
2033
1988
918
1979
1916
1950
1415
1429
2062
1468
2558
1984
2190
1500
2055
2049
2088
1899
1865
839
1490
1926
930
1559
1559
1882
1962
1655
1707
1434
1911
1849
1458
2083
2154
2034
902
1980
1913
1415
1973
1944
1444
1438
1533
1959
1497
2055
2087
1431
891
1569
2141
2046
1632
2024
1559
1408
2131
1527
1450
2062
1934
886
1475
897
913
1479
871
1943
889
1417
2043
974
1978
1914
1466
2015
951
2133
1446
886
858
1941
1512
2177
965
2090
1440
1875
1477
2005
1540
1890
1474
1917
2025
995
1954
1462
2062
1400
897
2036
946
953
1940
2694
1465
1536
2044
2101
1976
1919
1599
861
945
1923
1487
1447
1432
1926
1434
1996
1447
1411
838
1560
2063
1511
1487
2105
1427
1411
2040
2000
1520
1694
1933
1661
1912
2060
1648
2073
1878
824
2047
1902
1700
935
1941
2029
1975
846
1442
1529
1483
1954
1948
1442
1671
1511
1519
930
884
1347
2017
1441
2035
1585
1438
1466
1939
1544
2049
1579
937
893
1968
1499
1990
1480
1919
919
1856
1935
1572
1975
1585
1448
1948
1431
2000
938
2099
1538
1431
862
1968
1976
1985
2004
1455
1427
1547
1586
1568
2073
2108
1946
1904
875
1616
1936
2049
1970
1905
897
1466
2096
2052
2030
1843
1467
1465
2036
2015
1519
1479
1652
1410
1466
1518
1437
1896
1952
2004
1551
2011
1509
1584
1479
2022
840
2101
2007
1934
2006
1999
1999
1465
2083
1477
1455
1919
1868
1475
1971
1495
1478
1897
855
869
1977
978
2058
1986
1968
2255
1945
1512
1943
1436
1997
936
2080
2029
2036
1987
1961
861
1822
2172
2121
1587
2007
1351
1279
1496
1985
1974
1488
1442
1551
1422
1866
1493
1978
1964
1959
2091
1574
880
1028
2022
1460
1877
836
2004
1514
1519
2078
1913
1870
1448
1503
1510
1932
850
899
904
929
1498
2039
2004
1971
832
1996
2056
1563
1992
1477
1571
1974
2053
2066
2074
1462
2077
1501
1515
1971
2070
2094
1462
1386
1966
1530
1522
1977
1398
1931
920
1001
1515
1463
2063
867
872
2003
2028
2120
1355
2027
2018
1958
1949
2132
970
2002
1493
2080
1974
1471
2089
1950
1885
1421
1979
1507
1679
1401
1468
1887
1896
1513
1579
1495
1509
2012
874
851
941
1511
1594
1965
1468
2079
1514
2017
1514
2077
892
834
894
972
996
870
1858
1395
1444
1548
1538
1483
1882
850
1959
2125
1491
1429
2117
2007
1457
1969
1931
1565
1388
1487
1505
1560
939
1514
1906
2001
1412
1931
2047
2018
1580
2066
1904
1911
1452
2010
2224
1371
875
2044
2020
935
2047
1488
1966
892
1907
1837
919
1019
2048
1440
2020
2212
1982
993
1915
1915
1615
1437
2037
1973
1494
1486
1863
1939
1732
2050
2026
2009
1437
1974
2002
1666
2047
2024
1908
2059
1881
1450
1498
1964
1515
890
1939
2013
2003
1520
2003
1427
865
1988
2084
1903
1945
2115
2012
1370
1450
1498
2033
1458
861
2034
1956
1954
1525
1980
1908
874
1959
1570
2044
2064
2034
1949
1482
2123
897
1952
1942
882
858
1888
1533
1508
2047
1960
1963
1422
2077
2045
2158
1484
947
2055
1971
2041
1386
1976
1914
1492
1990
1958
1471
866
1524
2035
2009
2020
1909
828
959
2112
1478
1566
1469
2022
905
1952
2026
958
1957
1438
1511
1973
1486
1933
1922
866
1907
898
2075
2011
1478
1506
2094
821
1544
1943
1969
1951
854
832
2053
2068
1451
2029
966
857
1893
1420
2068
1504
2676
1937
1564
2050
913
1552
911
1399
2044
872
1456
1991
1677
1501
1943
2144
2097
2031
2019
2013
1400
1442
2070
1493
1459
2045
1985
854
2065
1415
1911
1014
1675
860
1971
1980
1533
954
1959
1439
1374
1427
904
954
2111
2156
1428
1947
1553
2103
1909
1990
2021
1876
1524
1486
2076
898
895
1919
1421
1433
1466
2068
1496
2010
2289
1540
1015
2092
1399
1573
1395
2027
2002
2037
2020
1014
918
2066
1625
2037
1993
1994
1893
1912
940
1481
1907
1561
1615
1393
859
2084
2058
958
2021
1822
1547
1514
947
1958
849
1910
1842
2067
1466
2114
1992
2091
1479
1944
2603
1971
1977
1448
1413
888
1495
2097
2040
2049
1962
859
1387
2026
2030
2050
2039
1419
1547
1630
1962
1935
1916
1518
1879
1939
2057
948
2083
919
899
1992
2090
2041
2071
1865
1431
1402
2003
2015
2045
913
1484
1414
1550
1428
2036
2100
1510
1893
1999
1501
1943
1939
1443
1523
1387
1974
2129
1506
2036
954
867
1424
1712
1519
1526
1836
815
872
2103
2146
2088
2054
1673
1981
1445
1401
1921
953
2631
1402
2037
2113
2165
946
2031
2004
864
880
1455
1526
2100
1462
1495
1895
1514
1619
1887
1381
884
1396
1977
1561
1935
1975
2072
2060
1935
1962
2053
2113
2526
1547
1972
2178
916
1561
1416
1937
1910
1429
964
1599
964
1032
1453
876
1539
1510
1912
1391
2092
1413
1008
2040
1959
2055
1459
2044
1410
1941
2143
1960
1948
1935
1596
900
1526
2176
1456
839
2000
1427
1451
2065
2048
902
1982
1653
2832
1530
1526
827
1409
1457
1552
1964
974
2111
1915
1439
1880
1873
2065
970
2127
1515
1517
1437
916
1895
1971
842
1382
1459
1993
1505
917
1500
2041
1924
1501
1970
1991
1335
1948
1381
2107
1497
1976
1990
911
1999
857
2018
2009
1945
1485
1405
1953
1516
2045
1974
1480
1427
1418
1989
1495
1531
2025
1457
1510
2029
2075
1945
1504
1951
1407
2066
2230
1967
2041
1537
909
1970
1571
1890
2043
2088
1498
1976
2129
1459
2080
1964
1903
1415
1420
867
1967
1494
1490
1528
1969
1425
1927
1563
1619
1396
1897
2024
2122
1962
2020
2157
902
1995
1961
1420
1504
1964
1443
1471
1980
1963
1004
2090
1950
2142
909
1884
1991
2130
956
932
858
1422
2062
1602
1461
1435
1963
1896
2004
1999
1621
2057
1640
1995
1595
1980
1437
1634
1527
1991
1572
1543
2102
919
1905
1898
1927
1917
1456
1600
1525
2046
1494
1429
2570
1960
2101
1500
1494
850
2045
919
988
2049
2106
1438
1966
1883
1946
1002
2493
1448
1542
1540
1971
2005
1952
1437
1913
2020
2038
2123
1981
2083
1922
947
1532
1493
1633
1316
1456
1493
1986
1020
905
1641
1990
1401
1920
1402
1440
2009
1443
1460
1995
911
2111
892
2183
1971
2024
1905
1473
1514
2006
2104
1942
1442
1970
1924
2056
1461
2106
1418
961
1968
1484
2092
2078
1890
1372
1492
1453
2001
1493
1392
1962
1552
1547
2035
885
922
1945
2020
1938
1927
1944
1570
876
1869
2097
2087
1973
1492
877
1436
1621
1475
917
2086
2018
873
1993
870
1458
1484
6325
1407
1495
1912
2038
887
1906
1455
826
1892
1987
2096
2073
1705
906
1907
1667
1994
1483
1444
1425
1979
2037
2006
1521
896
2071
1964
1468
1611
919
978
1528
1364
1500
1491
1947
922
1922
1940
1993
2005
2010
927
2123
1952
1959
1971
2000
1474
2023
1443
1416
849
2149
2100
925
2009
1925
886
1941
1888
1544
1563
1464
1425
1475
1468
1957
1982
2052
1526
1973
859
1983
2099
2110
1027
2196
1870
2032
1522
1956
1449
1408
1409
1497
2049
2072
2028
1924
1837
1392
865
1903
2059
2055
1402
1555
1451
1500
2162
1899
1839
1842
1936
2052
979
1461
2032
1583
941
2097
1664
1449
1389
2026
906
1976
1485
1976
2101
2037
1385
1429
1940
1448
1951
1441
1388
1548
1541
1628
928
1919
1857
828
2000
1449
2083
2038
938
972
1452
1540
1527
1459
2043
1910
825
1501
1494
912
1478
960
1924
1383
1885
844
2028
1970
1923
2146
2021
1510
2020
916
1465
1405
1418
1432
1916
1496
1523
2001
1390
1993
1940
1885
1404
1892
1429
925
1934
899
1502
2138
1443
1419
1951
2061
1971
2662
1430
2049
1969
1964
1490
1885
1927
1828
2007
912
1001
1503
2118
909
895
1504
1542
1468
1977
1475
827
1504
940
1443
1532
867
1459
1395
1976
1457
2148
1611
1399
2323
1958
1941
1474
1974
843
1974
1963
2076
2138
1472
973
1601
2004
1531
1497
1914
1434
899
1972
2122
1480
1982
965
900
1495
1358
1429
909
2102
1486
1393
2071
1607
1515
930
1979
2005
1979
1443
2232
1993
1606
1699
1925
2187
1490
1469
2052
1404
1931
2041
2126
1555
2042
1956
1465
1903
1946
1947
921
988
1399
1992
1677
1405
1951
1512
1461
2051
1396
866
1458
2089
1463
969
1511
1994
2147
1939
1861
1880
1418
1404
2031
1941
2029
2067
2040
897
2015
2214
1933
1520
1962
1434
1536
2063
2167
1892
1893
1915
2010
1985
2036
2150
1480
947
987
1993
1549
1499
1549
1344
2027
849
2111
1472
1473
1582
1960
1900
1902
1864
1938
2041
1991
2005
1578
1611
951
2003
1896
802
835
1997
1612
1465
2065
2047
1460
901
2189
2078
2054
1881
1847
1976
1503
1530
899
1514
2068
926
1395
1981
1450
2072
2187
2178
1920
1949
1490
1964
867
1863
874
1440
1435
1994
1530
1522
1504
1425
1482
1503
1962
1856
2186
1424
2029
2033
2075
1513
1954
2001
1885
1964
1440
2010
1390
2064
1470
2121
2009
1955
2013
2196
1462
812
968
1571
1037
1489
1435
1945
2103
2109
2155
1500
866
1878
2006
1517
964
2143
1422
2000
2004
853
2168
1500
1955
1981
2053
990
1508
2033
1929
1391
1440
1996
1494
1478
906
921
974
1915
1916
2127
2148
1468
1420
1942
942
2125
2116
1532
1891
1429
1917
1389
1529
1480
1421
1747
1443
1525
891
1940
1512
2101
1459
1955
2153
2002
935
2111
899
1886
1471
1525
1489
1852
1851
1871
1969
1545
2143
2107
2031
856
938
2016
1516
1512
1903
2048
2004
1958
2069
1566
999
1911
1452
1703
1526
1975
1956
918
961
2015
1512
2132
1608
1570
1437
1952
2079
972
2030
2070
1899
938
1434
1924
932
973
1523
1397
1890
2102
901
1459
2013
1919
1485
1892
1994
1511
2102
2000
1863
1365
1486
1926
1889
1337
1976
880
2057
2028
1508
2036
2038
1863
905
1875
1947
2134
1461
2745
1511
2112
2040
890
1944
873
851
1855
935
926
1974
1489
1900
1580
2690
2102
2047
1969
2010
1903
1941
1989
1527
904
1433
1419
888
1436
1987
882
1372
2072
2137
1531
2066
1514
2057
1995
1905
1872
1500
1957
938
1522
1454
1429
1941
943
1937
884
1965
1570
1479
1946
2064
1691
1561
1877
1441
1902
1992
923
1990
1970
1466
2117
1936
1546
948
870
1432
1846
948
924
928
1505
911
1896
1943
1556
2013
1964
799
892
1554
2007
937
2009
902
1642
2008
2041
939
2123
1982
1492
1595
2043
1579
2115
2022
1892
2081
1390
2130
1476
2111
2023
1448
844
1417
1497
2059
1990
2003
1907
1432
1542
1510
1475
1504
1413
838
1279
2085
916
2452
2154
2060
1551
2116
2003
884
1880
1921
1941
918
899
2057
867
2007
1597
1461
2053
1951
2023
2218
886
2079
1576
1538
1478
1536
1464
1439
1844
1525
915
1939
1870
1486
1960
1501
1473
2026
903
862
1428
2103
2080
2107
1506
2098
850
2105
1519
1975
1905
1543
1471
1492
2109
2195
1471
1480
857
1468
1841
974
1986
2010
1384
2074
1620
2092
2050
2026
1443
901
1996
958
1992
1946
2140
880
855
1433
1988
1482
2036
802
1968
1479
2102
895
2026
1442
1415
1972
1418
1508
1516
2104
1975
1546
2028
1531
1899
1481
1498
1414
1842
1621
2014
1967
2073
2024
1394
2039
1517
1999
2012
960
1892
1942
1957
2217
2082
857
1913
1456
1866
1965
2036
2547
2036
1477
1675
2051
1524
2047
2038
1476
1842
1996
936
1369
1965
1926
817
1476
1922
1508
1421
834
1932
885
1990
1509
2126
2003
1432
1487
1403
914
1490
1361
1984
2022
2203
2070
1962
1911
1901
1454
1410
2025
2018
1503
2119
1952
896
1494
1982
1532
849
1419
1937
912
1518
1523
1990
891
1921
868
869
922
2085
1531
1423
2016
1540
2080
1674
1953
2026
1994
1927
1530
2244
883
868
1871
2173
1474
2059
1492
1478
1944
876
933
1497
2056
1476
2032
1851
1442
1888
2025
1438
1435
1436
1544
1586
1469
2076
1467
875
875
1896
2144
1477
2216
2120
2048
1423
1634
1949
1533
2030
1983
1460
2011
1467
1965
2060
1891
1865
2081
1946
990
922
1436
1963
1750
1515
889
957
1012
1997
845
2022
2203
1988
931
1010
1942
866
1470
1689
1921
1423
1569
1948
1464
2022
2050
1663
882
1446
1446
921
1447
2245
1541
1975
1468
2030
2117
2084
2108
888
1867
1383
1951
919
1508
1481
924
1436
1494
1606
1648
1919
1939
1468
1476
2059
2151
900
1921
1842
1440
1367
1962
1988
2050
1392
1981
1936
1996
1582
1645
1852
2037
1947
2087
919
2085
1493
1443
1846
1980
2033
1986
1543
2023
871
1525
1486
968
859
1906
1888
1557
1967
2079
1462
1381
2007
1453
1498
1629
2029
1924
1958
1432
855
2101
2035
1501
2011
2111
1391
1933
2083
1496
1872
848
1559
2072
905
964
2121
1993
1946
1405
1875
1513
1948
1446
1448
1437
891
936
1544
926
1891
1459
2203
911
2086
2024
2007
2103
1447
2535
1971
1990
1433
2054
838
1453
968
948
1480
1964
1427
923
1944
1886
2049
1367
2806
1531
2058
2082
2044
1921
1889
1903
1407
1951
1918
970
1481
1440
1386
1499
1488
1532
1401
1532
1429
1445
2022
1495
2056
2003
1926
1406
1966
2057
950
1998
1898
1453
1556
1987
933
1875
1998
1414
2022
939
1468
1622
1476
2188
840
1541
1541
1585
872
841
1477
2059
914
2168
1943
1407
833
878
1880
1523
1927
1483
1433
1955
2126
918
2131
1514
847
1447
1463
2036
1489
2058
1574
1423
964
2095
2073
1975
1451
1393
1956
1505
1982
1984
2114
1484
837
1419
1924
2111
2083
2040
1456
1452
1547
968
1688
891
866
2028
1848
1943
1949
2150
2026
2012
874
2076
2188
2013
1432
1889
1410
1983
1466
2015
1980
1409
2037
856
1425
1033
1518
1453
1453
1975
2134
2130
2140
1510
1873
1421
1418
1960
2001
1525
944
1500
826
2594
1536
1541
1908
1956
1874
2070
1996
2030
963
1472
824
1887
1413
974
1939
1959
1647
1446
1518
1997
2104
1519
882
1958
868
2079
1488
933
1948
863
1411
1932
2001
1561
1519
790
1922
1568
903
2017
885
2171
1932
851
2013
1609
917
2015
1451
1483
1745
1899
1434
1535
1926
2021
1929
2093
917
931
1517
1415
1991
1454
1529
1476
1961
1945
1871
959
1898
1527
2025
1931
828
1978
1995
2226
2063
2069
1468
1933
1574
2010
2200
2012
1943
1941
1886
902
1909
1552
2132
2040
1913
2064
1544
2023
1537
851
1947
1468
1555
974
1649
879
830
1431
938
1484
910
1427
1939
1479
1996
1998
2047
1494
1426
1440
1555
1025
2024
1486
2089
1970
1902
1897
1974
2042
2040
945
1459
2013
1958
1992
1511
874
1421
1409
2018
988
1456
2002
1400
1512
2066
1478
2058
2114
829
1920
1970
944
927
2073
1496
873
837
2011
1654
1600
1951
1381
1402
1935
2195
2092
2036
1988
1975
1908
1395
2037
1974
1497
1509
1967
1432
1481
1407
893
915
2041
2014
2057
2012
2028
852
1476
1462
1411
1422
1550
2004
1562
1514
1973
1928
1857
1448
1462
2116
2093
2023
1497
1440
1473
1457
1966
1863
927
2097
909
1428
1450
1530
1538
1899
2011
891
2008
968
1628
1385
1482
1492
2108
1503
1400
1398
1882
1898
905
963
1484
2012
1496
1421
1606
1899
2012
1462
1468
1943
1548
1482
1635
2022
1595
2018
1892
1568
909
1981
1416
1923
2198
1965
1981
1881
1971
1880
1957
2000
1942
2225
1481
2120
2079
1963
2020
1979
1904
1912
2014
1397
958
944
2009
2216
1520
852
885
1421
895
2021
1446
2114
1544
2047
2039
1454
1938
1463
1861
1905
1491
1522
1539
974
1468
1973
2797
2089
1910
1421
878
1460
1990
1499
897
2126
2021
1421
2042
872
1899
1540
2010
1604
2123
2057
939
2037
1428
1946
1391
2017
910
1968
1934
2029
1944
1993
1487
1976
2120
1401
1526
1455
1538
935
1897
1990
1952
2051
1001
1412
1561
2124
1500
1937
1531
2025
2024
2056
1880
1958
787
1455
1606
2047
2042
949
1906
1424
2032
1513
2025
1999
1939
1438
2278
2054
2161
2073
2009
1903
1875
1926
1512
1937
1923
1888
2106
1554
2073
914
2046
1852
922
1940
1472
1538
2042
2049
2011
1478
1945
1494
1486
1416
1549
1877
1035
1979
1981
2077
944
1988
1376
1995
2191
1514
1388
2049
2008
1513
1515
1535
863
805
1929
2008
930
1541
2128
1945
2078
2024
2053
1489
2060
1356
1393
2060
2046
2015
1935
1509
1937
1960
853
1904
917
1521
2027
2589
1507
1456
1541
1488
907
1363
808
1429
1595
1582
1471
2109
1991
1921
1647
2095
1593
1382
1417
1477
948
1520
2010
2135
893
1973
1360
1900
1962
960
1529
2017
2144
1485
932
1969
1948
1878
855
2009
1977
970
1494
1520
2127
2068
1548
1940
1842
1382
866
823
1561
2016
1557
1497
1998
1471
1404
1411
2037
2037
1401
1984
2096
2058
1583
1543
1497
1548
1386
1897
1449
971
1483
1977
1933
2027
1502
1474
1491
1532
2009
1387
2074
2041
1967
947
1944
1898
1407
1417
2035
1010
2052
2025
1564
1923
1919
1986
1997
1365
1849
1910
1465
2095
2158
2105
2040
942
1923
1491
1581
1412
884
1930
1543
1490
860
1477
2019
1450
1428
1405
2050
1566
1452
1410
2076
2332
963
1977
1892
1465
2018
2076
2024
2088
902
1471
931
1954
1476
1894
1500
1426
2214
1493
2090
936
1970
2087
1907
1935
1422
1928
1942
2017
1494
1894
1517
2185
2086
1946
2013
1428
1935
1978
2126
2051
983
950
949
1907
2026
1479
1537
1399
1419
1388
967
927
2057
1534
2081
2018
940
876
2019
2049
1428
1394
2082
1511
941
1928
1961
1452
1920
1428
1468
2146
1940
1957
1455
878
2633
2060
1603
2156
1996
1401
1513
908
2042
2083
2138
1435
1897
1940
1469
1524
1519
1544
1569
1441
1652
921
1993
2073
1985
2132
2016
1528
937
1946
1993
1995
1548
2342
2102
1921
1982
1864
1525
1469
1934
1970
1929
1875
1888
1957
1614
2116
1400
1526
2073
2057
988
2131
949
1413
1472
1400
1500
1959
2058
1979
2043
1507
2103
1605
1463
2014
2022
1884
2006
1502
1521
1505
1553
1992
1882
2062
1453
2057
2058
1450
1610
1596
1501
1969
1529
1405
1902
1889
2069
935
1584
907
1507
1460
1666
1630
1454
1414
1500
1509
1556
2032
1541
1488
2000
2003
1834
884
1985
2054
2634
2043
2085
1916
2030
1477
1925
1864
865
889
2121
2056
1989
2017
1469
2011
1515
1519
1493
2043
872
1385
983
924
957
1530
960
1835
1428
862
1892
1525
2644
1428
1982
1913
1707
1485
865
1392
1423
853
1968
1668
1480
1514
864
1410
1982
1610
1996
1905
2023
1466
1542
1525
2037
1464
1470
888
1855
1999
2057
1969
1470
1957
1905
1664
2113
1488
2033
1950
1367
854
1475
1993
1932
2007
1972
1967
1961
1502
1464
1414
1433
1391
1470
1911
845
1979
1908
2090
870
1447
940
2102
2112
1407
2050
2126
2129
2087
1413
1378
1387
1526
1480
1495
1999
1516
1896
1428
1485
2039
1442
2005
1936
1421
2110
2043
2026
2056
2049
1942
1968
1902
1938
1476
2131
1403
1961
1894
1976
2046
1958
869
873
1446
2005
1562
2281
1698
1452
1866
1689
1543
1903
1924
1561
1994
2029
1509
1462
1487
1512
1944
1933
1913
2150
974
1423
1862
1522
2022
1930
1469
1434
841
1389
2069
2066
950
1500
963
957
1402
1988
1952
1926
1886
2016
1920
2030
1968
1490
938
906
1391
1470
1989
1882
2012
1475
1461
1557
1499
2064
2070
909
1916
842
1898
1922
1471
1504
963
1434
1926
1499
1522
1448
1971
2031
1859
927
896
1640
1967
909
1935
1459
923
1452
1487
2061
1958
1519
1974
1952
914
923
1428
1865
925
916
1488
960
1966
2124
1954
1543
2074
1543
1542
1912
1878
1018
1475
1465
1507
1441
1946
824
1883
2056
989
1498
1413
1561
1550
2146
1475
1419
1934
1421
1410
1450
2017
2171
1500
2099
855
1498
2014
1494
1419
1410
2016
1545
958
942
1527
951
879
876
1406
1512
1647
1965
1994
1507
1498
1940
1507
2009
1932
1359
1375
2094
1982
2014
2020
1909
1408
2034
1998
1487
1957
1954
2017
2218
1444
2082
1495
1474
1997
1430
1965
1447
2078
2106
1367
1582
2057
1009
2035
1858
1402
825
1443
1634
1506
1896
1983
2024
1995
1523
1488
2046
1972
2058
2077
2093
898
2321
959
2098
1443
1915
1420
901
2009
2501
2007
2068
1482
983
2083
2017
864
843
1922
1458
1554
1925
2011
1965
1934
1538
1514
1989
852
1409
2055
2021
961
1459
912
2044
1851
1850
2021
1459
1492
2023
1972
2131
2082
2052
2021
1927
2014
1869
1419
1450
1919
1552
966
2087
2040
1616
2051
2005
1852
1935
1528
2071
1991
1967
2004
1909
1979
896
1418
877
2077
1924
1966
1524
2005
2061
1485
834
811
1377
1466
886
2007
1996
2042
1960
1960
1516
1483
2001
2086
930
2022
2140
2064
2137
2032
1973
1412
1424
1399
1501
2057
1932
1854
1958
1520
950
2028
1498
1572
1985
1895
2159
1504
1564
2074
1894
912
2037
2141
2142
2030
845
831
900
995
1461
2039
2026
819
1448
2055
1599
1476
2607
1434
1468
2004
1972
965
893
1929
916
880
953
930
1982
1517
1952
826
1565
2027
1983
1468
1498
2048
933
930
970
935
1910
1545
877
1390
1982
2337
2020
1886
1872
2008
1593
1471
2027
2003
1449
841
2048
2133
1477
1491
1427
1929
1969
2003
2099
1971
1952
1952
2074
1473
2128
1440
1431
1889
898
1411
1962
1538
1947
1531
1489
2013
1484
1978
935
1448
1976
1905
909
1923
1976
852
1878
1945
1509
1493
1657
2043
879
1955
1455
1498
2091
969
1879
1859
2173
1951
2033
1505
1436
1453
2039
2163
1497
1486
1952
1450
1904
2021
1527
2087
2035
1947
1394
1812
1451
1956
1542
1957
1384
2054
2034
943
2086
893
2004
1417
1878
1981
2027
1967
1920
1946
2073
1553
2098
1948
2011
1953
1965
1407
1972
1495
1358
1944
1412
1830
2021
2083
1488
1959
1431
1960
1486
1549
1504
2075
2034
843
1846
843
1536
1980
1439
1445
1480
2119
1027
985
2009
1962
1914
1911
1695
2053
1506
2044
1965
1403
2054
1516
1573
2041
1593
1458
1475
2112
930
1934
1887
865
1440
844
1567
1943
1979
1454
1956
2068
1497
1502
1508
1454
1451
1973
1498
1582
2134
1941
1970
2040
1501
2113
2007
1891
1974
1889
2090
2118
941
1494
1440
2006
1428
1842
968
993
1359
1465
1500
1468
1928
1590
1962
895
1942
1944
1485
1479
1547
1492
1449
828
1450
1974
1582
881
1858
931
1567
2076
2126
2204
2012
2145
1427
1859
1986
2002
1380
2487
1510
2106
1506
2081
910
2113
2043
1852
1485
1488
2073
2000
1457
1407
1636
1495
2078
887
812
1394
2085
1522
2079
2008
982
1447
1520
1884
1527
1483
1438
1940
1527
1588
2083
914
2036
1419
1914
1442
935
1948
968
1926
1909
1399
1479
1567
1903
903
2026
2104
999
2177
2043
1999
1881
1868
1877
1922
1524
2002
1448
1868
1482
1024
2049
1537
956
2025
2029
1906
1030
1939
1492
1995
1990
1433
2113
1558
1494
1491
1452
2023
898
900
1479
965
1992
2128
862
1391
2090
2060
2124
1897
1952
2125
1477
1523
2031
1585
1942
1877
1940
1471
2024
1980
2078
1913
1611
1511
1566
2049
1408
1445
1990
2253
1543
1941
874
1443
1946
1900
1969
1994
1527
1907
1602
1543
1981
954
2101
1898
1392
1405
941
1896
1940
1434
887
1976
2044
2065
2217
1986
1414
1958
1905
1512
1985
1494
1530
813
2010
1976
1956
2060
1990
1908
1463
910
1487
1954
1926
1444
1465
1978
1492
1976
1502
2009
1861
1411
2023
1663
2051
1464
831
1882
1931
1481
2164
1971
1470
1899
1981
1401
2030
910
2089
2021
1995
1459
2062
1033
1457
1959
870
1378
2041
1545
1955
1470
1287
1414
1928
1959
1971
1471
851
1922
2155
948
1520
2095
1417
843
841
2035
1536
1568
2593
1898
1936
914
2028
2158
2032
1432
2026
1861
890
1958
954
976
1415
860
1670
2014
1546
1863
862
1411
875
940
942
950
1919
1450
929
873
1463
1460
1434
1454
1482
1505
2021
1633
963
1441
1681
1952
1484
1512
2055
2036
1946
1892
1503
1517
1933
1361
1541
1421
2095
932
2156
939
1974
1839
1857
826
1921
1516
1434
1411
1482
2010
949
1486
2069
1420
2027
861
2033
2150
1980
1523
1462
1426
1911
1534
2053
1996
1388
1909
1989
2128
2090
954
880
1409
1502
1420
1997
1468
2183
1439
1897
1573
2032
929
1992
1430
1489
1884
2189
922
2083
1996
1976
1383
1957
1536
1640
1973
1412
1412
2027
1556
1507
2021
1453
2037
1925
1816
2047
1987
2565
2029
2028
2040
2065
1497
1510
2061
1496
1913
945
2054
2162
2100
1944
839
1927
1943
1540
1437
896
2052
2030
1519
2103
908
836
1919
849
1837
937
1474
1880
1935
1898
1991
1480
2060
1503
1938
2044
1377
1926
1962
2188
2029
915
1962
1989
1651
2189
1400
1886
1921
1930
1639
943
2119
1960
1383
851
857
2093
1486
2005
1480
1874
1483
1472
1488
922
1501
1871
1982
2098
2083
2040
1962
1930
1374
1946
1524
2049
1418
1823
893
1473
2074
1529
1500
879
1428
863
1431
1522
2031
1362
1430
1495
939
1523
1650
2150
1266
1876
1910
924
840
1516
1492
921
1890
1641
1496
1998
1969
1898
1874
1494
1957
2101
2130
2005
1949
1947
1967
1479
1975
1364
1477
1512
1930
1477
2050
993
1475
1519
828
1013
2109
1521
919
900
1425
2763
1571
2095
1505
1368
1437
1668
1490
2106
1995
834
1893
883
1456
2044
2029
1897
2042
1940
2001
1619
2041
2093
2067
1436
1933
928
2115
926
1968
1931
838
1892
1513
1934
1538
1419
922
1456
982
1913
1538
1965
1430
2020
1415
1496
887
1519
2003
2017
1500
1924
1521
1911
1448
1910
1420
2049
1969
950
1936
1894
1407
1497
1495
2007
1454
1419
849
1436
2020
950
1494
896
1876
1428
1387
2111
1992
1941
1433
2062
1965
885
1975
929
1946
811
1485
1969
1509
2077
846
864
2038
1421
2113
2035
1510
1960
1909
1447
1479
937
1477
1505
1395
1401
850
1502
937
1361
897
908
1914
1982
1489
1547
1879
1997
1939
1986
2094
2198
1501
2001
834
1951
1995
2017
1425
2021
2256
1983
1999
1517
909
888
800
1844
874
1004
2008
1915
2032
1569
1535
2051
2083
2052
2016
1441
1998
1502
897
2112
1469
1922
2108
1929
1517
1453
1947
1945
1458
2007
1531
2116
2118
1443
1947
1845
1454
2099
2041
2003
1417
2035
1548
1475
2169
1932
1412
1923
847
1952
1530
1503
2030
2075
2127
2112
2097
2176
2022
1820
1939
2019
2025
1506
1999
1622
1454
1906
1415
1530
1998
2035
1948
2019
2070
2133
888
1471
853
1901
1905
1943
2016
2036
1619
2131
837
1576
2166
1493
1451
1532
1998
1521
1815
1980
2057
2095
2054
2039
1640
878
2063
2016
1519
1456
1865
1907
1412
1500
1456
1921
2169
957
1421
1397
1420
1511
1511
2028
2030
2158
2104
1960
916
881
1843
2205
1468
2113
911
1447
1523
1989
1961
1678
2077
1517
835
2055
2000
1507
1999
1441
1457
926
1901
1884
1444
1925
952
2056
1386
2302
2073
2326
1008
2090
2082
1997
1906
1911
1537
932
1506
1932
857
1553
1567
1460
1843
1443
1946
898
886
2006
1583
2078
1977
1413
1938
1457
1560
1516
1868
1610
936
2067
1522
1932
1868
864
1905
1448
1481
1976
2187
1945
1566
1528
2050
1480
2014
1415
2000
1492
1523
1485
946
1475
1864
933
1624
881
1967
2064
1988
2072
1940
2018
937
881
1970
1409
1419
1967
1509
1542
1539
1474
858
2587
1913
1656
1437
1459
1477
2115
1478
2038
961
1529
2086
1849
1892
2059
1476
1479
1957
1581
1962
1983
2035
1992
1957
1968
1419
2051
961
1970
1565
899
1909
2029
1521
1580
826
1892
1464
1948
2018
2066
2122
1454
952
1675
1918
1883
929
1941
1980
1491
1489
1486
925
2071
818
1415
1392
2013
2056
1981
1493
1474
1830
1972
1974
2026
1404
1440
1902
2115
1614
2036
2106
2096
1424
866
1424
1861
2013
1525
1500
2088
1984
2099
1967
921
1957
1811
952
1465
2060
1483
1539
2086
1876
1986
1478
1917
1437
918
1486
2060
2001
2015
913
1895
1853
845
2061
1993
2135
1465
1443
2083
1995
1520
943
1440
855
1842
1888
1463
1501
1488
1498
1007
873
1971
1996
1511
1935
2040
982
1941
1483
1916
1492
2019
1508
1416
892
1489
1634
2537
1377
1537
1395
1533
1501
2021
1841
1383
1470
897
912
1494
2055
1956
2037
2131
2059
2038
1891
1897
1409
1985
943
910
1963
2031
2010
846
878
1962
1551
1468
1882
1647
1504
1640
2141
1976
1385
1413
1457
2009
1503
2172
1689
2086
2049
1588
2045
2072
2015
1961
2151
1960
921
915
1502
1480
1910
1350
1439
1468
2075
1405
1373
1560
2060
1674
1574
1937
1392
1825
1509
1479
1968
1955
1939
2099
1434
1521
2120
1484
1956
845
1853
945
2036
906
917
890
2080
1992
1457
1941
1564
1473
1873
1605
1440
1525
1324
1427
885
1389
1395
1425
1517
2083
1509
2011
2080
2040
1598
1863
1373
1430
1402
2042
1478
1446
2111
1518
2064
1481
1435
1982
2085
1392
1506
2160
1992
972
2082
1442
835
2012
1510
877
909
2189
2041
1680
1897
1931
1939
1487
1880
1933
1921
2100
1529
2061
1987
1957
1416
1963
1458
1537
926
1471
1939
2032
1026
970
1983
2103
1439
1826
1421
1467
1521
1498
2142
989
901
1493
2049
1996
1428
1421
1978
2202
874
896
1493
1962
1899
1863
879
1891
1706
1917
1886
1639
2113
2097
1459
1554
2002
1384
1832
1415
1615
927
1932
1986
2039
2774
1651
1929
1351
1433
1440
1525
1963
1942
970
1925
1613
1907
1845
2124
929
1459
1426
1626
2043
2036
902
1508
862
1400
2012
1942
1532
1983
1605
1963
1933
1511
2012
1897
855
888
1821
2038
1450
2097
1548
2055
2149
1397
1408
2122
1997
1497
1394
1522
1485
1594
1586
1450
1431
1413
1856
1471
1536
1967
2001
891
1413
1571
2098
1460
1994
1435
1963
2137
941
1965
2042
899
1877
2061
1967
1998
1509
2086
1427
1992
2012
2012
2058
1950
854
1458
888
1970
916
1959
1705
2303
1378
1583
1586
2140
1417
1417
2072
947
2059
1902
1506
2124
1482
1411
1857
1466
960
1510
1850
1607
2036
2036
1511
1455
1958
1434
1880
2099
2099
964
2006
1546
1950
1528
1527
1487
1628
1977
1927
988
918
1440
2012
1492
2093
1447
1388
862
958
1415
1426
1703
1486
1643
1906
912
1367
1411
1945
2052
2250
1924
954
1946
1973
2335
1563
1474
2536
1540
1415
1960
1592
918
1495
1529
1408
1845
874
1958
1650
1518
1413
1599
1526
1497
2093
853
1936
1382
1942
1882
1528
1961
903
1449
862
1951
1522
2007
2024
1403
1995
1513
1938
978
2037
1961
2048
908
1453
867
2134
1570
2001
1536
1975
1481
1655
1499
1425
1362
1850
1944
2085
2024
963
924
2006
1483
1477
1460
1968
848
1440
1511
1487
913
2005
1464
1936
1852
865
1508
1980
2031
1933
2083
2079
1943
1952
2051
876
1384
1429
1462
2047
2081
2040
1455
855
2129
2127
1980
831
838
1873
2014
2136
891
2063
1999
1439
886
860
1957
1549
2036
1889
1533
1939
934
933
1457
1798
1961
1972
2070
2130
978
1504
1922
1958
2026
2250
1587
1936
1975
1952
1694
1472
1988
2156
2176
1419
1434
1906
2009
1945
1408
2046
2064
2177
2089
2077
1432
1886
2128
1450
2049
1580
903
950
912
872
1623
1526
1491
1402
1986
832
955
1483
909
1478
1478
2023
1870
1913
1960
1022
1468
1389
1561
2047
926
2015
1992
1463
1909
1890
1462
1531
1986
1520
903
1498
2239
1914
1933
1420
1512
2122
1469
2001
2154
2159
1488
1918
837
1937
1997
976
1955
1430
1545
2037
2085
1595
1934
2090
1899
2039
1674
952
944
1517
1930
1432
1534
1703
1534
1864
896
1399
1935
980
1462
2028
2014
1436
2019
2040
1896
2035
2038
1944
2101
2020
1527
2086
2131
1809
1392
1873
2013
2135
1526
1493
1469
1972
1625
1514
1480
1396
839
1461
1990
2105
2035
1531
2147
1958
1398
2175
1470
992
1949
1625
2019
1560
2032
1481
1908
842
1383
1981
1453
2081
1493
949
2125
1516
1693
2028
1898
865
2020
853
1507
2137
2030
2022
2150
1887
1855
1425
924
2131
1496
1364
1566
1420
1543
1938
941
1988
1357
1430
1987
952
1504
1481
1952
2005
1480
2001
1989
1316
1965
1403
2174
1504
1942
2001
1979
1958
1904
2013
1985
1515
2691
1994
1578
1541
2108
1512
876
1392
1879
1573
885
1946
2047
1992
2086
1965
1968
1529
1920
1467
1419
1412
2036
1935
970
1459
1881
1979
2003
883
908
1526
1383
2012
2075
1540
958
1522
1558
1881
1885
1939
1496
1989
2166
915
1447
2025
1990
1975
2055
2055
2034
2002
1968
1009
1993
1960
1447
1617
1954
1857
1499
1476
1959
2044
2062
2069
1532
1480
908
1901
1974
1421
2123
925
973
2032
1928
818
1456
2148
1982
1865
2049
2101
981
2056
2115
2119
848
1598
1895
869
1960
1515
2503
1456
1984
983
2013
1977
1970
2046
1949
1439
2049
961
1528
2087
1457
1458
1950
1553
1580
1839
1928
2027
894
2142
2089
1458
930
2004
1560
2001
2007
1928
1500
1480
1489
919
1953
2092
2030
939
1417
1900
1946
1011
1966
1981
879
818
2086
2012
2059
869
1989
2053
1440
1958
967
1986
931
790
1950
836
1489
2027
1394
1443
1471
2154
916
1963
1520
1875
1511
1395
2101
1520
2179
967
1475
1956
2050
1542
2124
1956
1887
861
1939
1957
1521
2046
1996
846
1984
1969
2035
2111
1449
1992
2028
1922
1930
929
1461
2061
871
1933
2083
945
2061
2122
860
1881
2116
2014
1504
1930
909
1474
2085
2039
1579
1535
1436
1866
1841
1461
1527
1465
1403
1420
1901
973
946
958
2020
1991
1432
894
2052
2009
1477
2048
852
1465
1464
1964
1896
1534
1855
828
937
2078
2043
2076
1521
1380
1446
1957
957
1451
1433
2024
1910
2130
1460
1987
869
1889
1471
1383
1500
2006
2004
1442
1974
1936
2036
1947
1484
1492
1852
829
1975
1946
2037
2108
1488
1404
1967
834
883
1518
1552
1431
1502
1984
1479
2090
2014
2096
1996
1435
2035
1488
2081
1437
1504
1398
1449
1967
1577
1913
1418
852
1936
1641
1536
1965
1403
1958
2054
1999
1479
2151
1492
1549
2052
1999
2102
938
1985
855
1995
1899
962
2100
964
1494
1976
2016
1636
1712
2123
1953
2154
855
904
2049
1518
2081
1918
1859
1860
1388
973
2183
1413
1400
2018
1510
2026
1566
1533
2056
2015
1376
2013
1941
1964
2139
1401
909
1964
2156
1552
1447
1875
873
1416
967
1954
1922
971
851
1873
1942
2047
1541
1358
2000
2071
948
1510
1506
1474
2041
1920
1434
1981
2060
1516
1667
1426
857
2042
1973
1562
1930
1579
1465
1933
1478
964
1486
1561
1417
1418
828
2107
1006
1952
1454
1454
2058
1536
1515
2129
881
880
1901
1943
1448
2008
1567
2196
1428
1540
1969
1941
2009
1959
1991
909
945
2087
2061
1407
1938
2052
1384
1481
896
1548
1858
1576
2009
1505
2010
1974
864
1430
1952
1482
2190
2068
1476
1476
838
2029
1559
1636
888
2046
947
1925
1547
2143
1477
2007
826
1975
1908
1510
1950
1881
1888
2067
2103
932
1495
1534
1456
1439
1553
1510
1988
931
1457
877
1437
1901
2035
1507
1614
866
1575
945
2006
2044
1481
1943
818
1888
1462
920
1492
2400
2034
1471
2097
1471
2040
1467
1462
1561
1395
2076
1931
1505
1511
1898
1840
1451
1534
1940
1483
1406
1435
1458
2074
945
2050
1990
2019
1851
864
1966
1569
2013
1451
1969
1498
1479
964
1498
1973
1941
2022
1968
943
1972
1442
1916
806
1881
2891
1886
1414
1858
1447
1975
1484
1805
917
1607
1895
865
1897
2012
2144
1962
1983
1899
2800
2170
2109
895
1991
1428
1394
1498
1009
2148
1946
1924
1458
1722
1732
1615
1915
783
1957
921
1481
2156
965
882
1945
786
865
932
968
1399
1411
1465
2106
2108
2105
1998
885
1951
1955
1514
2074
1481
1478
904
830
2074
2652
1532
1909
1545
1859
1502
2073
1968
1963
2213
2016
2063
833
1983
933
1537
1469
1515
1949
942
1520
1889
1625
1994
1839
1487
1925
2115
1502
1402
2065
1447
2173
1475
1458
1940
2188
914
1497
1516
1503
1884
1932
1866
1865
2058
1541
1986
2005
1585
1493
2090
2116
2059
1415
852
1940
1486
1949
876
930
1925
1910
1907
1537
1892
1422
885
2008
920
2124
1529
939
1996
1961
2031
1441
1950
1487
1443
1441
1472
1913
1474
2000
1955
1555
2043
1944
1495
1470
2014
929
2009
2040
1538
2243
2047
1451
1954
1522
922
2037
2006
1878
1922
1974
964
1989
1499
913
1995
2054
2129
1493
2011
942
1951
1464
2006
816
1531
1637
932
919
2082
1887
2036
1963
2612
1544
1479
1595
1541
953
1015
1652
1446
1453
863
821
2257
2034
2079
1853
1465
1682
1965
935
1958
1954
1541
1982
1096
2022
2052
2008
1913
851
2828
1620
1540
1400
1992
2086
1999
950
1979
1935
1915
1426
1436
1431
2107
929
1515
2014
2062
2009
2020
911
965
1931
838
1850
1977
2074
2050
924
1976
867
1462
1761
1697
1423
1412
1999
1488
2089
2087
1959
1973
1372
833
1443
1491
1978
1511
1523
2002
975
2176
1457
891
2060
1940
1942
1950
2055
1520
1512
2040
2085
2078
2021
1526
850
2019
861
1912
1926
958
1985
831
1940
817
1895
1957
2000
1985
2052
2122
952
2094
2042
1929
2034
2040
1432
996
2134
1971
947
842
1881
1450
1651
1487
1967
1835
852
1617
2021
1987
2028
1951
1616
2016
823
1518
1531
2084
1469
2110
2222
2070
1958
1944
2048
1991
1951
1486
1554
1503
2021
1451
1374
2714
1495
1592
1449
898
1874
1909
2072
980
2110
1470
1379
1950
1411
893
1527
1356
1666
1474
1540
976
1981
1051
1877
858
1410
2077
1463
1530
1993
1892
1882
1979
1673
1917
2045
1412
1907
1451
1996
993
1471
1528
881
2000
2073
2073
2054
1481
1414
1446
2038
1429
1931
2055
874
1930
913
1979
2157
2096
2047
1987
1424
1443
2011
1473
1376
2109
1923
905
2074
942
2002
1426
1974
1539
832
2136
2027
1369
2013
2040
1548
1451
1511
899
1438
898
2001
2056
2058
1957
2173
2059
1398
1536
2180
1518
1957
831
1865
2000
1517
1494
1488
1422
1954
2050
972
2020
925
2547
1871
1942
1933
2009
2087
2107
2059
2013
1421
981
2063
947
2036
899
1840
1541
1970
1512
1480
1400
1429
1950
1522
2053
950
878
869
904
1984
2076
2014
2698
1473
1448
2078
850
1485
1983
2014
1477
2147
1992
829
1984
1395
1490
1522
1401
1845
2049
2011
897
1539
1901
1582
1382
1422
1470
1995
1512
2137
2129
2015
1499
1562
1462
2006
924
2041
1975
1993
2051
1941
894
1467
1919
820
896
2040
1370
1449
2109
1463
950
965
1609
1985
1994
2091
2085
1546
903
1465
902
1451
2129
1975
1447
1899
1497
1916
972
1986
894
2072
2019
863
1966
1564
929
1520
1953
1923
1524
1480
2031
1457
2027
915
1990
1404
1546
1986
1004
970
2033
2204
2723
1506
1483
1959
1980
1893
989
1973
1911
2079
932
1890
1520
1549
908
1499
2216
1393
1983
1495
971
1962
886
1836
1987
1958
1981
946
1018
1462
2258
1399
1523
1932
1504
1818
1929
1848
2027
942
1935
1496
2146
1411
884
2030
1489
1505
2214
1953
2098
1448
1528
918
1955
1551
1410
1441
1433
1984
1492
1502
920
1829
1940
1982
1484
1849
1387
885
1597
1527
923
2049
2099
1432
876
1973
2099
1016
2084
1387
2749
2032
2021
968
1897
799
813
2042
2218
1529
2052
895
1496
1402
1965
1987
1938
1933
1423
1475
2081
1970
2063
1484
2055
2137
1929
1425
1995
1554
1929
1489
1511
1954
1938
1978
869
1860
1403
2034
1899
1502
1907
1575
1663
1989
2095
1520
1994
1542
1974
1406
2045
1980
1933
1495
1958
1430
1408
856
1458
934
1509
1868
1979
2055
929
1537
1991
1975
2010
1437
1948
1492
2038
942
1936
887
1952
1493
1510
1928
1963
1429
1087
2144
1477
2166
943
1437
1397
1934
1613
2046
1418
2004
2046
2101
2069
1448
2030
1440
1858
1895
908
1510
1518
1500
1987
871
1534
1966
1985
1964
1468
1979
1523
1506
2074
2099
1416
1875
1532
860
1980
1059
1482
2008
1538
2008
1474
1611
2002
825
1843
867
1436
964
2085
2141
2122
1920
1935
2006
1592
1437
881
1874
2056
2061
1937
2202
2125
1608
1435
2135
1434
957
1461
2029
2271
1531
1461
1978
1913
864
1909
1390
930
964
939
949
1497
2003
2197
1640
2054
1908
1498
1891
990
1952
1951
1459
1487
2034
1420
1432
1452
2012
2634
1442
1547
2006
2235
930
874
845
2009
1955
1951
1493
1565
2041
1945
1412
2025
1980
2031
1311
1923
1421
2054
892
1988
942
941
895
1371
832
2046
2105
1510
1454
2036
2045
898
1472
1933
1978
1643
1947
1565
2093
2205
1962
2097
1414
2291
2049
2161
1454
1916
1383
1519
1489
1467
1080
1903
1940
1861
1924
1465
886
1427
1456
1560
2053
1552
2044
2023
1362
861
1938
1504
1975
1604
1953
1571
1927
1534
1493
1944
1358
1953
1436
1523
2101
858
975
1491
873
1866
864
894
1491
1505
2002
1507
2036
2078
2041
1445
944
1364
871
983
1997
2008
946
867
1415
1624
1942
1498
1398
1864
1905
2101
2090
1875
927
1905
1439
2002
1412
1968
2077
1970
1965
1518
1969
1498
1469
2010
1929
803
1454
1460
2136
1651
2063
2083
1893
2657
2004
1947
2043
1506
1363
2117
1661
2018
1950
2134
909
1978
1942
2069
1514
1936
1880
1558
2029
957
1964
887
1866
1913
1938
1496
2092
2076
1480
970
1418
1986
1570
1493
1924
2008
1401
2138
1987
1472
1517
1942
1424
1559
2240
2020
2129
2679
1876
1993
1968
2013
1994
1934
1923
1574
901
1464
1945
2072
1957
1524
1390
1960
2105
1474
1403
878
1419
1531
2112
1661
1532
2017
885
877
1842
913
2051
2558
1379
1645
2012
965
1493
1901
1938
1909
1904
1920
961
2058
2028
2042
1415
2033
1488
1462
1508
881
1364
1532
1476
886
2059
2037
1897
1398
1896
2182
2026
1539
1414
1526
1955
964
969
876
1381
776
879
1617
1952
914
1500
2035
1953
2029
2300
1588
1905
1922
1385
1493
903
2064
1527
952
1995
1952
1998
1441
1506
1397
1857
1670
1473
1675
1628
1460
1929
1387
889
1933
2066
2099
1520
2023
1974
1528
1951
1928
1489
845
2027
1511
2107
2007
1947
1467
1852
1436
874
1930
1930
2041
1479
2119
1938
1532
1994
889
1933
1391
1916
1996
1993
2012
1944
2058
1912
1504
1456
1919
1895
2029
1965
1502
993
1481
1521
920
2019
2051
1975
874
2073
1487
1939
2051
1421
2035
1475
1981
1880
1370
1551
1932
1004
1515
1510
2018
1449
1525
1969
1882
1334
888
1985
1485
1488
877
947
902
855
1941
1991
893
2051
1419
1896
1987
1984
945
952
1966
815
1941
1413
1952
1489
2003
2046
2095
2040
1985
1915
1564
1971
1484
1366
918
1460
2081
1531
1467
1421
853
2008
1929
1974
1501
1885
2023
1515
2158
2113
1434
1464
2025
2020
2083
2272
1997
2070
1476
860
1577
1650
1473
1879
1489
1442
934
1986
1446
878
1947
1422
1854
1517
888
2161
1413
1512
2149
2053
2060
926
1456
1409
1938
2030
2067
2080
2048
1971
2071
1871
1534
1588
1477
1532
1884
849
2127
2089
1996
955
1509
1413
1403
1396
910
1544
2042
1398
2364
1589
1491
1483
1918
1848
1823
1968
893
947
1684
991
939
1419
1481
2017
1447
1424
927
1428
934
2063
2001
2132
1519
1987
1928
2001
1479
1452
2046
1540
1527
1932
2174
968
1876
2050
1986
1951
1930
941
2054
2059
924
1956
2128
1971
1505
1919
1403
875
2115
1986
1465
2066
1496
2044
838
839
1474
2063
1933
1434
1551
2038
2091
2019
921
1956
938
2067
1496
1032
1959
2047
1487
1900
2793
2027
1951
1827
1430
1428
969
1467
888
983
1941
864
2016
2154
1432
940
1434
1402
1523
1483
2096
936
2033
864
1958
1926
1922
1589
1513
2024
1498
1928
1498
1688
1951
1370
1955
1373
1557
901
1973
1488
946
1488
882
2050
1958
1946
1737
1387
1966
1530
968
2075
2002
1600
1929
2108
1909
1939
915
978
1470
1466
1932
1500
1485
1889
2069
1920
2140
1958
2043
2057
940
1415
1939
1952
2192
1479
2086
1402
1508
2025
1032
1543
1634
1966
843
2009
2099
1966
2000
1498
1937
1943
2663
2033
2026
2114
1385
1948
1472
2095
2144
2085
1501
1374
877
1431
1506
2033
1437
2010
1913
2056
1467
2027
2008
1404
2001
1380
2096
1965
921
1910
877
919
1588
1538
2022
911
1944
1953
885
1491
1549
953
841
920
1408
1872
1549
866
1466
2022
2012
2042
2131
950
1929
868
900
1380
1495
1483
2055
1520
1915
1367
1558
1540
1867
1417
1412
1585
1967
1536
1566
2014
873
1397
2017
1886
2163
934
1903
1910
1468
1936
1950
2023
905
895
1961
1925
1444
1505
2097
1986
899
1432
1534
1960
1463
1528
1394
1944
1443
1542
972
1467
1408
1891
1421
1830
936
1518
1501
1458
2029
1574
2032
1999
863
1878
892
814
916
1494
2039
1975
948
1546
1454
2047
1669
1405
856
1501
933
2083
1976
986
1981
879
2009
1922
2006
1936
1988
1904
2030
2049
1539
1539
2078
1959
2017
1964
981
1948
2134
2200
1473
1404
1467
1536
2005
875
1930
1877
924
1946
2020
1488
1411
808
1436
1859
1968
912
2252
2108
1979
2070
2241
1994
950
1423
901
1876
1992
1498
962
936
1951
2078
2034
1516
2024
1429
1972
2004
2028
2083
1988
1950
1440
1819
1877
1411
941
1957
2013
1939
2066
2074
2055
2112
2036
868
865
2077
1498
1669
1995
1543
1470
1391
1465
1656
1520
1603
1864
876
1948
2001
952
1951
1458
1952
1386
855
978
2082
1654
2035
2056
2104
2070
964
1928
2027
2032
1876
1994
2019
1535
2003
1451
1927
1433
1527
1492
1963
2079
2036
2004
1511
1937
2031
2222
1488
1450
873
2079
1949
2475
1894
1611
1922
2164
1518
1979
888
1454
870
1504
1494
2106
2108
910
1580
1548
2079
1492
1439
1409
1461
1459
1596
968
1488
1933
854
2058
1991
2026
2293
1955
1426
1996
2058
955
2084
2101
2091
1912
2002
2079
1602
1959
2088
934
829
1638
2167
1621
1428
2055
2014
918
1488
1651
1453
1426
1382
1862
1405
914
995
1932
1896
1901
1562
2047
1493
2079
1446
872
1937
1492
1494
1514
1637
1427
1432
1609
1514
1467
2013
841
1382
879
1957
1484
962
1957
838
1898
1853
951
1981
1965
1428
2095
1929
963
927
1001
1915
859
1955
2140
934
945
2127
1993
1397
1454
1545
2062
1454
855
1385
2082
2046
1482
946
1494
911
1419
1964
1487
1993
1465
2022
1566
1753
1940
1936
1922
1979
1976
949
958
2078
2086
1006
1635
845
1999
2066
1494
2092
2019
1960
1469
2033
2009
2043
1479
1877
1855
807
2092
2013
1510
1472
1508
2120
2239
2102
2071
1462
1436
2119
1558
1985
2023
930
909
1427
1449
1512
1530
2106
847
1565
898
949
951
1440
2120
1954
1439
1914
1981
1479
1979
1981
1498
2171
900
2054
1497
1978
1917
848
2102
1939
1967
2052
939
1429
1971
2106
1451
1982
879
1454
1976
2048
1506
2077
1988
1909
1926
1888
1007
2140
1978
1432
1522
2039
1480
2048
1997
1993
895
1998
1984
1955
1970
2068
1970
2081
2022
1719
1515
1850
1412
2037
1490
2130
2171
1985
915
818
1454
1909
1505
1979
1919
1969
1614
1545
1998
1994
1631
2017
1419
2081
2005
1429
2106
1968
852
1403
1453
1500
1669
1903
1407
1893
1441
969
1539
926
845
827
813
1885
1512
885
1993
2030
1452
2122
2025
2101
986
859
846
1947
1525
900
937
1550
1451
1371
2091
2134
1501
888
853
1902
904
1520
2031
1500
1415
1902
1441
1381
2221
948
1467
2010
2104
1588
2144
2090
908
1989
877
849
1922
939
1026
930
1980
1957
2103
1512
2141
2043
1427
897
956
1521
2029
1468
1986
1896
862
1995
2106
904
1920
1911
1440
1714
2067
2102
2034
1448
1873
1375
948
1511
2028
2012
1477
876
1937
2080
1511
1579
809
1431
1979
1977
1490
956
1891
1405
1412
1443
934
2037
1931
1536
1894
2013
2032
1964
1452
1463
1985
1968
2036
1450
2171
1003
1903
1948
1942
1490
1648
1463
815
2066
1455
2221
2050
2006
916
1400
858
1921
1945
937
1946
1858
2027
1949
995
1546
940
1901
1991
837
898
1985
1929
2031
917
1924
1965
1952
1548
1867
1837
1900
1566
2011
2030
1490
1450
2030
1444
1973
2086
2082
1453
1971
1493
2009
2035
922
2015
1429
1891
1877
1659
1451
1453
1511
915
1406
1443
1981
2015
1355
1869
900
2079
2081
1523
2086
906
2027
1445
1982
2012
1464
1398
1965
1455
1940
918
2010
2057
1965
1967
1387
2360
874
2111
1475
864
782
2520
1952
1599
1978
1494
2054
2029
1489
1526
1489
2064
1861
1897
1864
1491
1504
1374
1903
2177
1540
2012
970
1536
1469
869
825
1506
2091
2084
1483
865
875
2246
1551
1468
1463
875
886
1650
922
2098
866
2192
1971
1871
2009
2225
2157
2045
1951
2005
2070
2099
1513
1476
1953
2082
2013
996
890
1536
1958
2097
1895
1891
1497
1538
1429
1384
1460
1492
2024
1566
2057
2032
1971
2175
873
1517
1912
1495
1577
1498
2051
2087
961
1512
1601
1980
1939
1955
1928
2024
1651
973
1530
1465
1930
1439
1573
2097
863
1975
2002
994
934
2029
847
894
1425
2162
919
1603
1865
1969
847
908
1006
1989
870
1903
1930
974
889
967
1497
1955
1973
2042
1503
2066
1425
854
1978
1610
940
951
944
897
1920
1442
887
1005
1449
1492
1855
2098
1621
1932
1917
2104
1989
1982
1445
1486
2052
2083
1465
1447
1390
2021
2076
1449
1469
1987
2009
892
1992
2085
1520
894
1408
1426
1905
2114
910
1875
2064
1507
882
952
2096
963
868
1958
1960
952
1461
2087
1979
1411
1867
1892
1531
1456
1913
1899
1618
2012
936
1530
1501
1420
1920
1431
2003
1519
2081
1901
1398
1876
1958
2083
1015
2047
2075
1986
2032
1014
1967
1965
954
1419
1411
2521
1542
1483
1406
1861
1928
1999
1537
2117
2022
1442
1961
2052
1915
1662
2040
1906
1971
2517
1562
1509
930
945
859
2006
1950
1518
2050
2097
2216
1932
1857
1895
1904
2018
1463
1558
2198
2074
863
1920
1871
1416
2048
2037
948
863
1421
2129
2109
1514
2147
1893
1883
2036
2021
928
2125
1484
2038
1975
2017
1448
2194
1484
1819
2023
2014
1614
2111
1458
1440
1383
1979
1926
1990
1944
1998
2019
2259
1515
1545
2126
1873
1444
1374
1904
2065
1627
1526
2023
1891
946
856
932
1975
1500
1876
1559
1540
2157
1010
2112
1928
1907
843
1495
2270
1946
1986
868
1881
1683
1546
1434
1942
2076
2043
1525
2067
905
1453
1993
2124
1437
1903
1903
1972
1475
1442
2162
2074
2048
1515
2022
849
1380
930
1463
1969
2176
2000
1993
1424
1503
1983
1429
2036
1663
1856
1494
1984
1593
1522
906
1442
1930
1453
900
2115
2146
1384
2189
1474
1527
2040
2019
1390
1433
844
904
1487
1477
2112
2080
1987
2580
1496
1892
1391
1975
1988
1508
1469
975
911
1499
1608
1968
886
1929
1469
2002
1377
1996
2142
2064
901
1970
1387
1876
839
914
1968
2009
1946
1502
2044
1509
1467
1469
1390
876
2004
1530
1482
2042
2117
1460
876
2015
943
2016
931
1449
1909
1493
1573
976
2006
1955
863
1368
906
921
1492
960
926
1516
864
1545
1982
1955
1387
883
855
2108
963
1978
2070
990
1407
2063
1986
1425
923
1999
1417
1517
1509
1538
1498
876
854
1857
1888
1449
2013
1514
2134
2016
2006
2138
2116
1653
1978
840
1912
912
2019
2005
2028
1960
1922
836
889
1943
1523
2049
1866
2252
1961
2082
890
1907
1408
1917
2070
909
1493
1957
1947
2040
1425
2157
1471
1997
1322
873
2035
1491
946
1450
2054
1460
1956
1541
1996
1460
1556
1578
1866
1998
888
1593
1934
1960
871
2098
1418
2146
2116
948
986
1971
856
1522
2073
2234
1930
871
1989
1992
1534
1977
1547
917
872
2132
2034
1931
2115
1674
1427
2162
1478
962
907
2033
1454
1967
878
894
2127
2003
2059
2015
2039
2616
1975
1526
1416
1410
2017
2163
914
1491
2079
899
1412
875
919
2063
1495
2019
1427
1970
1906
910
2027
2024
1946
1401
1989
1449
1539
2087
2228
2168
849
1999
2036
1413
2034
877
1973
2042
1498
1946
932
949
1935
1975
1937
1701
939
1417
1366
1583
2144
996
1995
1926
1386
847
1443
1932
2029
1467
928
1493
1387
2023
2051
2117
1981
857
1394
952
1516
885
2072
1475
1443
1387
2056
893
2062
1434
1359
1642
2082
2036
1989
866
1815
920
1575
1477
2027
2081
937
883
882
2031
2080
1483
1947
1915
830
1989
2012
1485
2109
957
1862
1840
915
1921
2093
1462
1442
2093
1531
1525
2174
1944
1919
1411
1911
1539
1908
1467
1481
2068
1423
2090
1536
1445
1970
869
1425
1494
2003
2062
1987
1486
1886
1884
874
2056
2094
2060
1531
1510
1433
1484
2058
1868
1964
1899
1439
886
2076
2004
1477
1486
1412
1969
1631
1501
1881
1433
1861
1994
917
1474
2086
2207
1980
1975
1417
890
1526
1461
2003
1479
2107
997
2066
2060
909
1870
1482
1460
1479
1979
1526
2147
1943
1693
2026
1467
1389
1929
849
2047
970
1898
2053
2002
1450
1948
847
2024
1975
2083
1381
1954
1614
1970
1965
1939
1387
1987
1405
909
1946
962
1516
1983
2009
1477
1507
1462
2015
870
1872
2109
2102
1969
2309
2041
2201
1912
1851
1989
1977
2075
1544
1570
1418
2047
946
1995
1408
1477
883
887
990
2063
2012
2152
904
1500
1969
1910
2033
1953
1563
2109
1471
1488
2125
949
1914
1812
839
929
1481
1456
1458
2003
1510
1536
2261
1995
2030
1999
1936
931
1560
1494
953
1494
908
1644
2062
1577
1968
1414
1454
942
973
1975
985
960
1869
857
881
2076
1520
1440
1942
2023
2062
941
928
1976
820
792
1379
2067
1497
2015
952
2010
1426
1528
2026
1980
1966
844
863
1491
927
2280
2065
1943
886
1896
1428
1499
2115
2586
1960
2000
1905
1513
1938
882
2039
2000
837
1480
2087
2063
2016
962
850
1509
1491
2013
1911
1395
1843
1616
1971
933
925
2214
1419
896
1910
1900
2192
2063
1390
2081
1490
1541
2057
922
1412
1405
1451
2053
1987
1505
1534
1976
1443
1536
1514
1637
1411
853
1899
1989
1502
1449
2015
1423
2017
883
1898
1443
2043
2614
2026
2222
1538
1527
2063
1481
893
1401
1454
1970
1516
1961
1949
944
1894
1981
2024
1493
2003
1541
1992
1945
1945
1908
2046
1491
1851
810
2012
2043
1967
1961
1873
910
1955
1562
2027
2133
1404
1402
1862
1987
1541
912
2106
1477
1452
2736
1510
1998
1352
853
1888
1058
1947
1606
941
936
1459
1449
956
1935
2000
1974
2005
2139
2061
1469
1930
874
1835
833
857
1992
2143
2065
1503
947
881
1532
2019
1616
1341
820
1966
1980
1556
916
1361
944
889
898
835
1462
958
1424
1858
1503
1550
1989
1468
1482
1934
856
851
892
2018
1934
983
1927
2040
2699
2099
1851
1845
1979
2156
1997
1509
874
1477
2016
897
953
2065
1509
1016
1999
2042
1537
2075
1489
1928
880
852
845
842
1900
1917
1939
1533
1485
1839
1471
1543
1981
1907
2047
838
1962
1500
2014
1674
1915
866
1870
1859
2070
1521
1403
1922
1625
2038
2069
1515
834
2073
1979
1428
936
1514
1498
1958
1932
2198
2667
2088
1963
1417
846
1881
1499
1585
1909
1659
1990
899
862
874
1867
1976
2022
2006
1518
1464
1652
2103
927
920
833
1898
1941
1520
1470
2036
884
1955
1992
1568
1950
2015
1994
1987
1981
1955
898
1539
2025
1432
1906
1947
2065
2282
1442
1871
2159
2028
1507
1545
1911
1387
1980
1406
906
1957
1454
1446
1539
1489
2038
1479
1494
1907
850
2024
2097
2027
1943
2040
2054
1995
862
1940
1672
2157
1942
1636
1527
1539
1472
951
1902
1931
1378
1403
910
1969
1476
969
1941
2006
2076
2018
2025
1935
908
2054
1970
930
1891
1574
913
1884
1414
859
1972
1534
1929
1975
1976
935
2120
1506
1478
2039
1871
1399
1934
1011
1531
963
1996
1956
2132
1528
1981
1987
1484
1912
934
1934
2037
1485
1949
1556
2007
1429
1491
2270
1338
1416
2019
2085
977
1562
2048
1437
1998
1961
1955
1458
1937
2198
1988
1471
1446
2046
2033
1402
2019
2105
1539
991
1964
2198
1907
1972
1402
1858
967
1456
2046
1719
1468
2170
2034
1501
1545
2077
1402
2110
1059
1927
1515
2004
1442
1859
1888
1574
2040
1316
1414
889
2027
901
2235
1529
1566
2035
1416
1407
1011
910
1366
1954
1437
2087
1526
1475
2080
2049
855
1869
1973
1940
1492
1993
1508
1417
2001
1501
1521
2050
1853
1420
1484
2125
1976
1966
2013
1920
1446
2019
1966
1442
1993
1642
1458
2073
1566
1495
1569
1437
1997
1413
965
1555
980
2062
1480
1945
2536
1632
1500
1449
1435
1865
1444
1892
1972
2059
1451
1404
2022
1368
2077
1490
1354
1968
1548
1536
2142
2125
1554
885
960
2070
1500
1997
1553
1889
908
1892
2095
1533
1483
1380
1458
1992
918
949
2045
2075
1441
848
1384
2165
1495
2057
1881
1948
1448
1559
1917
2015
1473
1425
870
1455
1497
1490
1549
1491
1960
1615
2089
1518
2084
1452
1420
1958
1469
1943
1528
1476
890
1456
1845
1893
1621
2081
1992
1976
1457
2069
2126
1562
1989
1420
1423
1381
2034
1517
1539
1952
931
1906
1880
1732
2020
1385
2043
1458
2013
2073
915
2047
1892
882
1969
1923
1962
1978
1382
1950
2018
2049
993
2095
2076
2017
1875
866
2155
1486
2021
2005
2100
1925
2710
1496
1900
1438
1513
1867
921
1757
2234
2137
871
1973
1409
2014
957
2021
1571
1973
1443
1589
1982
1959
1514
2047
1975
2045
1495
931
926
1523
888
1401
2065
1543
1526
2048
1840
1435
1908
1492
1505
940
1962
2015
2155
1918
2062
1942
1473
1876
2008
1481
1941
2211
2043
2000
1499
2017
1489
973
1515
1477
1408
2007
2712
2139
1518
1948
1912
2016
911
1521
2074
1998
943
1894
1887
2015
1500
985
2248
1411
1449
2233
1993
1533
1917
1858
1420
1899
2079
927
1531
2063
1463
874
2616
1519
2057
1478
2087
864
1936
1560
978
1483
1901
1378
1435
1448
2090
948
2483
1416
1959
1453
2041
1956
884
887
1403
1949
1010
2088
2030
962
1965
1411
1477
1580
1986
1847
1429
1952
1642
2091
1516
944
1904
1861
1405
2032
2066
1457
1370
1497
1524
1484
936
2069
1460
1909
1892
820
1954
1464
2026
909
871
799
2011
2178
1510
1950
891
2071
1677
1478
1963
1467
1971
873
831
1919
1941
2016
1410
2034
1471
2019
976
1821
2060
1429
889
1936
957
1482
2089
945
1955
1386
1428
2018
1461
1952
1411
1880
1427
962
2112
2106
904
1993
1983
2055
948
2110
1959
1425
1936
1531
1933
2037
1467
856
1955
2041
1500
1543
2094
967
861
830
2040
2121
2087
1967
834
1929
1465
931
2234
1483
1490
1406
1964
2118
1976
931
1354
1935
1425
2032
1980
983
1914
883
1580
1974
1505
2040
1484
946
863
1425
2035
2587
1888
1411
1898
1441
909
1521
1480
899
950
1859
1405
1997
2033
2146
2495
1538
1919
936
1926
2050
2018
2064
1410
1956
2039
895
2072
1946
1918
874
1957
2196
1631
1400
786
2142
2035
962
2085
1492
1935
872
1874
1912
1539
883
1403
1453
1514
1498
1557
2060
2026
1496
1453
1957
936
920
970
1559
1923
1898
2069
1463
1934
937
2024
2083
2011
2140
2158
1992
1921
1934
834
1440
1517
1911
1447
1893
1521
2105
946
2113
1471
1395
879
1885
949
1931
1525
923
2052
1401
1680
1526
1504
1496
2019
1428
1483
2041
1521
1477
2031
1859
1404
1847
1492
2035
2016
1457
2005
1600
918
1441
2079
828
885
2052
954
1901
1965
2017
1904
823
1548
928
843
1959
1972
909
911
2108
2196
928
896
1848
858
1539
1527
1647
1424
1934
1762
1945
1973
2039
1499
1938
880
1995
1971
936
2052
900
882
1397
2026
1497
2010
1971
1856
1969
2073
952
870
1930
2082
2020
865
829
1020
1593
2174
1428
2007
1028
1978
1550
1941
1414
1900
1887
2025
1666
1513
2095
2012
826
2069
1536
1913
1448
1418
1411
1919
1602
1518
1956
1485
1903
1944
812
916
1925
1885
2003
2044
1485
2072
2073
1432
2073
1415
1411
2045
912
944
1946
1880
1878
1493
2086
2016
845
1961
2014
900
1921
1998
954
1887
1398
1903
1929
918
2044
2213
1480
1494
2021
2084
1940
933
1907
1907
1462
1505
1977
2064
2052
2212
1846
1461
1949
1515
1488
1959
869
1445
943
936
2216
870
1971
853
1988
1678
1493
1904
1863
1948
1521
1973
1994
955
1966
919
2126
895
895
2040
2004
2034
798
1440
2133
2059
1864
1917
1442
875
2101
2074
1921
872
1993
2035
1524
1991
1947
1934
1877
1501
1795
1943
2069
1994
879
1988
891
959
2061
2012
1491
1973
2058
1989
1513
1994
2001
2006
1896
1576
1530
1933
1941
1558
1952
1929
1953
2080
1949
2049
1419
1653
2232
1580
1509
2012
855
893
1389
1523
1992
1504
1913
1482
1450
1457
1986
1489
1424
1403
1896
923
2107
1665
897
930
864
1961
846
902
918
1461
1499
2035
1508
2011
2089
1966
880
921
1935
2031
1755
2147
1927
1428
1905
1472
2086
1481
2046
1408
1434
2004
2051
1945
1440
1880
1363
879
835
1978
1491
1351
2055
1463
1483
2048
2100
1488
1422
954
847
922
2148
1957
1493
1949
2070
1448
1565
1469
1945
1894
1407
926
944
2016
1948
1971
1975
1980
1402
2114
1942
2457
1442
1625
2222
1487
1912
924
1956
1875
2093
1520
886
2069
953
2063
1389
1623
2056
1516
1599
1431
1468
2011
1982
1967
1607
1869
1817
2062
1454
2146
2032
1476
1418
2059
1933
1915
2041
963
904
845
865
1977
2111
1982
2008
877
1845
1590
1523
1548
1855
1929
2021
928
2058
2086
1500
2067
870
1895
808
1983
991
1958
2060
1558
1917
2066
1384
2126
2077
1893
964
1921
858
819
875
2089
1491
2049
1901
1965
1461
1511
1998
1892
1907
830
1922
941
1535
918
1532
1450
1471
2056
1494
1480
1471
2107
2037
1486
2275
1474
1669
930
1406
2024
898
1468
1528
1997
1345
2656
1473
2074
2010
1993
879
1396
1841
1940
1488
1623
975
892
2017
1585
2117
1924
1474
882
1386
1970
1904
1469
928
935
2017
1418
859
1449
1497
1457
1415
2051
2089
2257
1520
2027
845
1425
845
2035
1500
1462
1486
888
934
1970
1531
1490
2069
1532
1411
1487
1467
1467
1501
2095
1990
1396
1445
871
1946
2120
1965
1547
2088
1520
2087
1895
1893
1517
1873
899
1504
904
2015
1608
1967
2039
2005
1456
1826
1475
1391
1532
1933
1486
1502
1480
1413
1816
881
1922
1469
1930
1938
1633
1452
2066
1515
1459
863
1382
1478
2035
1486
919
2161
1997
1892
2112
2143
2039
1918
1867
1860
923
1484
2089
2080
2027
1996
1925
2137
1474
2133
1909
1934
1934
923
2032
989
1449
2110
1854
1856
2075
2084
2172
2142
983
1422
1498
1467
1555
1922
1901
835
1962
1956
1897
1505
1943
1995
873
877
1996
2097
2025
1997
1512
2501
1041
1943
2100
1492
1900
1910
1959
2003
938
959
1951
1863
1525
1614
2026
1981
2023
1412
2046
2005
914
933
2074
1457
1849
1908
1983
2033
1438
1923
2060
2140
2097
1044
2105
1845
1830
1448
1482
2070
2137
959
2005
1425
1523
1513
1527
2030
2035
1936
1982
1941
1992
948
896
870
1969
1937
2011
1585
1969
1425
2116
2075
2028
1516
1984
844
1402
1533
1455
1473
1919
2014
930
1984
1579
1463
1479
1376
1408
1989
2097
933
1480
978
1466
2075
1413
1390
1509
953
1571
1928
1951
1970
1470
1426
1601
1384
1398
1519
1471
1535
954
986
1492
1942
1588
1510
1447
1995
1477
1477
1523
1624
1474
1494
920
1978
1927
885
1432
1594
2640
1580
2149
2111
1949
1516
1452
1846
1932
1951
1451
1947
1489
1501
1494
2032
2072
1956
1450
1478
2087
1972
949
1496
1992
1040
1987
1432
1519
856
865
1507
1609
1385
1515
2055
1529
2060
2100
1841
1394
1431
905
958
913
1506
1999
864
1591
1703
1519
1978
854
1410
1970
1699
914
1620
1483
1987
1399
860
1581
2030
1468
1985
2026
2038
1525
2141
1457
1905
1809
1874
1883
1468
1455
2159
2027
1954
2045
971
887
1969
2123
1873
1999
940
1974
2006
1513
2191
1931
1955
893
957
2031
1811
1925
1482
2044
1998
1893
2031
2010
917
1455
2038
2100
1507
937
2020
1903
1536
1510
1856
1904
1826
967
1495
2015
2041
928
2080
1928
1448
1486
1964
1908
1384
2121
2061
2049
2043
1899
1883
841
1464
916
1467
1499
936
1977
1385
1999
1539
2034
2035
2011
1421
1542
2038
2050
966
1946
883
1395
850
1950
2106
2679
1435
2009
2071
1957
1996
1991
820
1453
1889
2038
2298
955
2052
2133
1461
2093
1999
1483
1887
1902
1895
1976
1990
1978
1486
1969
1420
1898
1858
2047
2113
1523
1499
2059
2144
2129
893
1950
1420
1859
1892
1948
961
950
1496
1443
1467
2097
1512
1437
1449
1433
1450
939
923
1450
1536
1486
1878
1925
1418
881
937
1403
1523
1531
1427
1949
902
1454
1387
1920
1991
2027
1957
2132
2058
873
1382
1614
1520
1902
2166
833
1482
2077
2128
901
1650
1477
871
2110
1398
2019
990
1607
1401
2120
1549
1527
1589
1471
1874
857
1881
1884
1933
1494
931
1510
1464
1545
1478
1984
1420
1513
1447
1495
1497
2059
2039
1522
863
1407
1426
1445
956
1499
1534
2056
2122
920
1503
949
1866
2191
1952
1024
1956
922
1501
1990
1645
2007
2010
1873
1930
1843
880
2027
1974
2102
1939
2055
1429
2029
841
911
1523
2614
1370
1560
1501
1538
899
909
2010
1403
1404
1445
2079
2080
2203
2086
1874
1499
1469
1874
1423
1828
1365
1484
2007
2110
2122
927
1983
1968
1982
2147
2033
2678
1951
2045
1979
2025
1014
1441
1903
1455
1857
925
1022
2126
2093
923
1990
1529
1507
2006
1829
2077
1901
1995
1966
1890
940
1964
1436
871
1523
1467
938
2050
2098
2124
1442
1981
979
1423
1816
1848
882
2080
2067
1491
2053
2032
2072
2668
1458
1512
1907
1870
1879
1902
920
1928
2041
2108
1982
864
923
1913
1977
2018
1879
2101
2003
1989
928
889
1895
856
1966
2088
2070
1494
2072
908
1897
1673
2008
1470
1431
1922
1432
982
1977
1961
1543
1962
1536
1539
1467
897
2029
2027
2192
2120
1996
2047
1964
1906
1516
1962
1955
2105
940
2066
1496
1984
1906
2113
2101
1449
1968
1921
1858
950
1961
988
1503
943
1411
1371
1379
913
945
1530
1576
1525
1502
1548
1983
845
820
1369
1455
939
2056
922
1983
2160
1433
1500
1466
1539
1346
1415
1444
1506
961
1453
1487
1525
876
879
1447
900
2067
1428
1589
1540
1489
2283
910
1922
1875
840
1891
2009
937
1972
2126
2006
2026
2076
1942
1553
2031
1490
1429
1496
1524
1453
2096
1951
1473
1397
1950
1508
1952
1499
1374
2076
1525
939
2028
1950
2025
2006
865
1460
1496
1495
921
878
1854
1506
1981
1863
870
1941
1908
1635
925
887
1453
1469
818
1493
1444
911
1502
2031
1369
2110
1951
2058
2122
1882
1863
1912
1401
1424
2028
2089
2077
2088
1406
1630
1824
1899
2051
2074
1420
954
1476
920
2217
2014
1946
1908
1491
1575
1956
1924
1924
1495
1917
1944
2067
2044
2017
1913
2035
937
986
1982
2039
1602
855
1983
1895
1920
2096
1952
1384
2034
971
1467
1999
929
1419
2010
1970
1460
2161
2627
1961
1981
1955
1534
1927
916
1875
1418
1457
1980
2150
2083
2008
2029
1859
1545
1495
1895
838
849
918
2084
929
1446
1522
1986
1901
1883
1898
1959
1498
1473
2043
2038
1574
2099
2071
1984
841
824
2034
893
2069
2027
2100
2120
886
1990
1527
1926
1943
2012
2055
1513
1949
2080
2108
1989
1926
2054
1955
2015
2026
2454
1437
1939
1545
2046
1515
2017
898
1451
1400
2043
1649
938
1527
907
2033
1568
1530
2060
2016
846
1459
1483
947
1980
863
1406
839
1609
1836
914
1444
1440
1433
1921
1970
2126
2166
895
1993
905
1905
1966
1923
2159
1487
1448
873
2080
2161
2606
1845
1851
898
1580
1955
1611
939
1409
1407
1394
1951
1522
2057
1457
1480
1556
1501
2103
1673
926
2019
1480
814
1482
881
2111
1043
875
805
2775
1979
1532
1879
1391
1911
1946
958
1561
1531
2036
1510
1435
841
1615
979
1903
1903
2042
2039
1594
2043
982
859
1426
2014
1944
1927
2029
2041
1463
2077
2057
2138
2133
1990
1408
1465
2181
2059
2058
1477
1970
1891
873
1825
975
1485
1881
1424
1426
1691
1455
953
1436
1848
1957
1968
2069
2088
1706
2071
2003
1460
1932
1977
2202
1963
884
1935
1890
947
947
1937
1910
871
1877
2048
2081
2021
1415
1469
2004
2031
2109
2134
934
1855
1412
2013
947
1466
1515
915
969
1874
1432
1606
1975
2135
1995
859
2089
1996
1520
1919
2046
1430
2051
1963
974
2155
1485
1441
1467
999
1544
2040
1491
1957
1915
2024
1943
2051
2166
1531
882
1413
1441
2662
1590
1404
1969
1982
2009
2102
1038
2064
1943
1872
1884
881
1961
1532
2550
1572
1995
2105
2043
2130
1634
873
1975
1817
1497
994
2000
1939
1958
2087
1468
1524
2085
1467
1940
877
1900
2068
990
2120
1981
1978
1570
1909
934
2038
1920
1889
1941
1487
1488
2142
940
1898
864
1870
2034
1541
1653
2112
2000
1893
2108
1501
1527
2052
874
883
1432
983
1500
1470
866
2050
845
1944
947
1493
1473
2218
1472
1596
1496
960
2120
880
1418
1404
930
2076
1981
1468
2002
1556
1493
1484
2032
1374
1357
934
1464
1557
1541
1497
1957
1413
1407
827
2075
999
1402
1988
2007
1465
2043
1919
2108
1991
1454
1904
953
2053
2103
1492
1994
1414
1642
1545
1600
1920
1983
1933
899
1514
1982
2031
897
1396
1457
836
965
1461
1417
1427
4261
1510
1556
1996
921
1996
857
843
1554
917
2098
1474
852
1961
1979
1718
1482
1466
2017
872
1994
963
2156
1971
1426
1925
1404
1944
1478
1961
1493
1536
1989
1480
1491
1997
2091
1900
1889
2004
2105
2060
2156
1511
1948
1420
2528
2047
1993
1432
805
2036
1470
958
2088
870
2085
874
1918
1390
1954
2098
2039
912
1982
2033
944
2003
1906
1391
1901
1867
1926
2108
2033
2053
1870
1875
1460
1501
1457
1423
1865
1848
1959
985
2064
2078
2172
1425
1948
1391
979
1967
1835
1471
1428
2092
976
2980
946
1400
1973
860
1505
2036
2038
1460
936
1897
1476
1548
1426
855
1843
2016
1584
1497
2032
2125
917
805
1660
1432
2117
2068
2599
1429
1885
1639
1942
2005
1504
958
871
1991
955
1482
2005
1950
1473
1399
1967
1948
1882
1993
860
1613
914
2076
2097
961
2042
877
812
2007
1963
2003
1448
1914
2010
1504
1459
1507
2040
838
1427
1927
2151
1538
940
2040
1863
887
2025
1619
2019
1636
844
1408
2003
1532
1524
918
967
885
1972
1952
2002
1984
1895
1445
1476
952
883
1969
985
1476
861
783
974
877
956
887
1938
927
2103
2072
1942
1398
1380
1381
893
1973
978
1525
2023
1882
850
1887
1966
1477
1445
1882
1477
2045
2036
2009
2105
1935
1479
1417
940
1446
2075
1583
894
870
2098
1581
1623
1458
885
1960
1485
1532
932
1493
1936
1391
1585
1887
1443
910
1422
1412
1965
1989
1500
1546
935
2023
2054
1478
2028
922
2035
2136
1438
1365
1541
2690
1472
1503
1942
1414
2025
2103
2162
906
1890
2002
1906
1901
1939
1737
2119
2113
2029
2009
1529
1918
1963
1961
1910
1450
1572
1457
2166
991
1967
1614
1486
2128
2104
1420
1402
870
896
2147
1943
2134
922
1950
2008
2037
2028
2014
2004
1887
1522
1995
1937
2048
2101
1421
856
1976
2047
2080
897
2082
848
1398
1481
2118
2019
1490
1976
1462
933
2104
949
1450
1944
1435
2012
1436
1489
2039
1985
1430
2038
1501
1565
975
1995
1450
1678
2045
1987
2039
1965
1463
874
1868
1453
1786
1625
899
1923
2025
2059
2017
1974
2063
1985
869
1977
2116
950
1508
2017
1883
1915
1527
2002
1999
2225
1975
1975
1964
923
2037
945
2077
1529
1392
1442
1957
2012
1441
798
1896
1948
1522
1519
1932
1892
2065
1968
1984
2096
2031
1998
1501
2081
1516
1937
1938
896
1928
831
1921
958
1499
951
1512
1978
855
1624
2152
1964
1976
1896
864
1926
961
2004
1958
869
835
1871
855
1964
2089
1930
1983
1468
1548
874
986
2127
830
2036
1908
1517
2029
1480
2113
887
1406
1456
2157
2037
1538
2024
2068
1932
1966
957
1487
1404
1949
1468
1397
939
1992
1527
1445
1471
1533
2139
935
2121
2072
2030
813
1951
952
1922
2043
1978
2055
1963
1968
2072
2013
1886
849
973
2019
2035
1485
1428
1422
888
871
1527
1477
1357
1484
1582
949
1640
969
925
2047
875
1462
1529
932
2082
1437
919
885
1632
1522
1492
1423
784
1440
2162
937
2023
914
1973
1976
875
2039
967
2009
2104
1485
1479
1999
1931
1503
2005
1947
1912
2006
2124
2069
2055
1503
1974
854
1896
1667
1913
1957
1860
1995
948
2112
2099
2040
1455
1957
848
2147
1516
1964
2096
1466
1452
2030
1492
985
946
929
836
1406
922
1943
1922
1939
1994
2035
2025
1659
2025
1967
851
1562
929
1472
1948
1976
1941
1830
1901
1974
2114
934
1521
2057
1991
1574
907
1961
2011
1431
1431
2139
2188
2020
2050
943
938
1946
1925
1516
1513
1881
1971
2055
2043
2214
938
1445
1432
1989
2092
1824
1942
2031
2017
1940
1481
1526
1625
1971
1534
1425
1862
1420
909
2151
2043
2036
2031
810
1902
2055
1984
1960
1939
1363
1967
831
1896
1429
1966
2115
2221
1504
1511
1873
1557
2181
2001
1920
1536
876
943
967
1524
932
2040
866
1896
1893
1474
960
1369
1880
1591
2007
2045
2045
2049
1444
1990
1875
1997
1483
1986
2049
937
1455
1524
2010
1950
1893
935
1859
2060
909
2006
1973
1456
865
1382
2008
2152
2052
2055
1549
1542
2114
2131
1459
2088
1960
1399
1450
1927
948
1991
2055
2197
922
1991
1552
1441
1475
1435
1842
1969
2098
2032
2110
1470
2020
1862
902
937
1532
1934
1821
2114
1559
2090
2050
2057
1960
845
2031
1956
983
1955
1955
2004
1940
1552
1500
1941
1881
1421
1411
1544
2006
1504
1971
1462
2004
1957
2013
888
1527
1983
1855
1957
1559
1007
1993
1859
881
838
2017
2008
2085
1982
1521
2027
835
2033
2079
1996
1371
891
836
2058
2017
1878
1520
1463
1393
812
2206
1554
2059
1427
1390
1533
1501
2101
1937
823
1926
1856
1435
928
1504
2163
979
871
850
2000
1886
1469
1399
869
1494
2091
2046
1475
965
1444
2018
847
2044
1899
2081
1427
1370
1508
1939
914
1447
1492
1903
1397
1953
1901
1533
1484
2061
977
1990
2755
1493
1921
1345
1882
1859
1984
913
1529
947
2045
1988
1949
1888
909
1508
1386
1376
1554
1967
2053
934
1553
1396
1391
1971
1900
1924
1462
2019
900
1891
1685
1568
1463
1961
2085
1969
965
920
1457
2081
2116
889
1873
857
922
1948
1515
1348
1536
1953
2014
1489
1975
1425
1814
1313
906
1570
2035
1593
923
875
2055
1938
1476
1907
1476
2023
2009
2013
1455
2190
1494
867
1997
2094
2095
1973
2003
1620
1604
1980
1023
939
1496
2029
1945
1998
919
1975
1995
1550
2098
1888
1670
2072
1985
1945
1921
1856
987
2166
1963
1999
1462
1955
2019
2097
1506
1511
1533
1896
2120
1590
912
1548
2109
1920
829
869
952
2119
1966
1951
1911
1389
1487
1484
1481
1819
872
1948
2066
2104
1454
2101
2114
892
1431
1876
2039
1527
1506
2130
1551
2072
2032
1944
941
1428
844
1887
1941
1487
2046
932
907
933
2180
1520
1866
1897
1844
2055
1489
948
1452
892
1936
2096
1426
2020
923
1024
2129
1387
2071
1620
2056
2117
1459
1434
1378
864
946
2070
2046
1474
1995
845
1937
1995
1473
849
1434
1954
949
1489
1469
1511
1525
2008
1382
876
908
2032
1928
1381
2148
1416
2082
1941
873
790
833
1898
916
1934
2062
962
896
1435
2067
1514
1501
1424
878
1883
1513
1465
905
2000
1968
1981
851
1951
1445
1941
1489
2008
1608
1494
963
2077
2147
824
1390
1415
2027
997
980
2124
1509
1623
1479
2066
1942
1851
1852
1967
2050
2038
1472
2115
2077
1422
1380
1421
904
1977
2558
1431
1543
2024
960
1938
1433
1905
2022
1410
931
2155
2044
1498
2062
2193
2069
1942
1509
855
1410
1935
2026
2121
2081
2008
2008
1428
840
1999
1477
2053
1483
1601
1505
1436
2141
2074
2008
854
1980
889
878
996
1976
2003
2022
1438
2762
2134
2030
1331
1440
2008
2093
1512
2015
2006
2306
1997
1884
1943
1473
2061
1904
2074
1576
1492
2025
2105
2068
2013
824
1895
919
1986
1895
947
1959
1962
2065
2096
1436
1428
858
1377
2011
1473
1945
2191
2096
874
1441
882
2143
2047
1429
1987
1494
1895
1921
1464
2018
1976
1979
904
2045
1498
2069
950
1444
947
1576
1994
2084
1877
1424
1891
1954
1945
904
949
921
1870
832
2212
2056
2163
1406
1387
2003
1493
1029
2083
1438
825
886
872
1911
922
866
1963
888
1852
1602
1459
1940
1480
907
824
988
1084
901
1970
933
1983
872
956
2089
957
2182
1377
1522
2009
2081
1516
1892
852
1850
1876
1969
906
945
942
931
836
2627
2086
1998
1371
1464
847
2028
1943
1947
2113
909
2065
1969
1942
846
1934
1429
1447
1722
947
1473
908
1978
832
846
854
905
912
1963
1972
977
1393
1519
1540
2021
1951
1987
871
1566
2004
1488
1502
1962
855
1455
1921
1467
948
1488
1423
2015
1493
974
2058
2020
1391
1418
1994
2099
1534
2043
2122
1469
1418
1953
1899
1728
1893
1396
2055
947
1505
977
2124
2050
885
1913
1417
2054
1484
1432
1408
2192
1470
940
921
872
1385
1999
1880
1934
1505
1978
958
1508
1888
1524
1552
1480
812
1853
1978
955
2039
1463
920
1992
2008
1956
853
2037
935
1498
1884
1533
1934
2017
1976
1968
1940
1384
1938
1891
2070
991
2060
877
852
2581
1495
1938
866
1908
863
1919
1978
1985
2126
913
2100
1978
1910
1883
1996
1527
1420
1481
1550
1516
1451
2066
1984
1440
2008
885
1937
932
1976
967
1961
2060
1460
1899
1334
2038
2067
1487
2069
2109
2165
990
2127
869
898
1956
1473
1909
1414
1993
2022
1532
1518
1479
865
1953
1976
872
1560
933
1499
2014
1413
1511
1963
2108
2052
1966
1390
2006
1474
958
917
1485
2017
1385
2017
1930
966
1914
1831
1614
1888
970
959
1438
1418
1378
1970
1440
2039
983
972
2069
2047
1984
1526
1898
1982
1967
1452
2101
917
2017
2026
2118
851
843
1895
2065
2006
1636
1904
1498
1482
1510
1465
896
818
1406
840
1947
1991
907
2100
1450
907
2106
1515
1526
1987
1834
1875
934
1460
1881
2063
1463
1970
1461
1471
2099
1529
1413
1968
2043
2064
1012
2150
1922
1423
1909
897
867
2028
2018
2087
881
871
2719
1527
1460
1368
1938
1995
1961
1501
1476
2023
961
1886
845
1952
878
1485
2062
1422
1524
1871
1472
1486
1884
1461
861
2086
1998
1616
2125
933
920
1976
1497
1514
2594
1860
1896
1857
1938
2162
1452
2077
1480
1938
1997
1406
911
1686
1420
1465
2105
1475
2020
1471
1933
893
1423
1911
1902
929
1970
1490
881
1940
2066
1465
2002
2000
860
1939
1535
2076
2064
1490
1893
1882
819
1957
1968
2016
1330
1407
2006
2153
1485
2015
1499
1451
1406
1396
964
2023
1920
2023
1528
1915
1518
1523
1521
887
2036
1939
1946
1535
1976
2147
1426
1943
1431
1474
2066
2036
2027
2051
1456
2090
1513
959
1964
939
879
1985
2086
2199
2057
956
1930
782
1464
1521
1448
1900
1884
2087
2005
1958
2111
1535
1979
842
1454
1982
2166
937
1352
2066
1633
1982
965
1538
1914
1600
884
1397
2021
1950
1468
2045
852
1959
2003
2010
1920
1426
1361
887
938
1976
2196
2115
2216
2069
1882
1404
950
2137
1481
1250
1923
2056
1542
2031
2067
1416
1964
839
2065
1966
2011
2063
1438
1917
1986
1970
1600
1428
1877
1901
1898
2027
2036
2063
1869
1392
1494
1874
999
1946
1900
2021
1543
960
937
2133
1991
1627
1928
1973
2248
956
2021
2025
2079
1432
2009
2003
1919
1413
1965
1462
889
962
917
2116
1934
1448
910
5016
1533
913
1385
1433
1675
1482
2097
1471
2018
832
1961
833
1944
974
1517
2015
914
1858
1425
1945
1444
1957
2019
876
2015
1640
2197
1967
861
1839
1493
1407
1494
2019
2118
1968
1990
1492
2033
1983
1476
1854
1968
1413
2141
2022
1458
2084
1922
1427
1503
1505
1494
868
2004
881
2288
1543
1521
1485
1566
1376
867
1449
975
1458
1967
1424
1462
1505
1973
1929
2053
1974
857
853
1665
2121
1489
1567
1990
1972
1477
1696
1496
1434
1996
896
1935
1974
1963
920
881
876
1893
1957
1038
2053
2517
1990
1478
1490
2133
964
2022
1402
1433
1494
2130
1690
963
2039
1960
1837
2592
1545
2051
1424
1881
1940
2033
911
1662
2074
872
1885
1959
1375
2068
1423
1383
1403
1497
2005
925
1939
1891
1903
2034
1957
2169
2136
2158
2072
1924
879
2571
1991
2002
1481
2052
1976
2056
908
1016
1482
1909
860
1963
1932
1506
2154
1353
1569
2133
2091
2081
940
1980
1855
933
1940
2005
2080
982
1734
1993
1397
1497
2091
2107
875
1976
2049
1451
2006
926
1438
1919
1980
1995
1850
1995
1467
1360
1476
1900
1641
2104
2099
1969
2015
2023
857
1960
1939
2025
1979
1943
1527
1462
1956
1474
2042
811
893
1940
2013
1541
931
1880
1988
2003
1389
942
2014
1999
1412
1638
1540
867
2002
1894
1862
1892
1963
971
896
1996
2059
1471
797
1536
2137
2075
1387
809
1883
1470
1644
908
1459
855
1378
1898
1501
1957
2013
1933
2026
1590
1516
1485
2141
1568
2029
2094
1820
1544
922
953
1927
1983
1872
1457
1475
1528
1423
875
1905
887
1980
1567
1568
866
1867
1986
866
1500
1493
1377
1421
1490
1517
1610
2066
1523
2116
1924
837
2058
1459
943
1520
859
851
1902
1966
1920
1870
1363
876
933
2041
1520
1443
917
1902
1435
1963
1490
917
1970
1472
1998
960
2059
1480
2059
1886
1453
1878
2179
2133
1477
903
830
2048
1429
1935
2009
2020
933
2162
915
937
2076
1460
2043
1379
1588
847
1950
2062
2042
2038
1558
2231
940
2096
957
1913
926
1872
2016
1444
2225
920
2008
1933
2551
1997
1951
1446
1928
1978
1658
908
2123
2296
2088
773
853
1904
869
1481
1406
1393
2001
1491
2006
1933
922
791
1944
1889
2056
2064
1202
950
861
1963
1954
1561
1471
1918
1393
1872
1925
2070
2180
937
1488
1431
1973
2032
1963
1500
1417
1908
1895
1959
958
1921
1545
1928
860
851
2040
2032
2106
1501
2018
1946
1486
1532
2021
1475
2033
1914
1500
1992
955
1489
2030
2014
894
1978
928
1575
1455
2115
1454
1962
1965
1989
2250
2011
1932
1426
948
1987
1986
2025
1987
2013
2692
2007
1942
1342
1921
2021
2057
1503
921
1019
2041
1936
1417
2006
1927
1589
1905
1557
1498
2060
1991
1527
2015
2014
891
1956
1951
1933
1508
1465
905
1555
1939
1588
2229
1921
1939
1393
1445
1985
1933
1604
874
834
871
873
1942
1681
1354
1395
1496
1506
934
2107
952
2077
1442
1973
882
917
975
1913
923
1855
2140
1507
2012
1430
1921
1431
2060
965
945
1492
1900
1854
1983
1950
1963
1529
1422
1521
1463
1959
1514
1968
2171
1650
1438
1406
2273
932
974
1912
1464
1407
1512
1539
1961
2095
1887
1468
1909
937
977
1484
1474
857
872
1882
1500
900
1364
1449
2018
1011
1901
2072
1445
859
892
1415
960
1475
1461
996
1977
1988
1462
1736
1462
1901
876
1931
1992
1982
905
1512
848
2024
1913
899
2040
1897
1497
1438
1462
2041
2044
974
936
1393
2153
1401
940
2024
2088
911
1455
1950
1498
2101
2037
2005
1885
1870
1971
978
2014
2098
881
852
1971
838
881
1511
1988
1899
1978
2053
2104
2150
1950
1881
1854
1870
1505
1972
2092
2013
1902
1984
2009
2033
2150
2088
1395
2106
1926
1972
1506
1926
1468
880
1825
1849
978
1502
1354
1917
1966
2069
2011
2081
2093
1944
870
1445
982
884
1990
2029
2080
1856
1483
1986
2002
1874
2168
1951
2002
947
942
954
2046
1918
852
888
2098
1465
2074
1895
1495
976
2007
993
1588
897
881
1905
952
884
961
890
1903
2073
1490
1481
1984
866
1905
1960
899
1487
2132
2096
832
1402
1896
834
2008
1990
1989
1561
1993
2081
919
2104
2050
943
1413
1881
1892
1433
1947
946
881
1836
1996
1491
1519
1452
860
1921
2177
1507
2133
1437
1411
1429
860
1995
1954
1467
1449
1965
1970
1959
1523
900
1527
881
880
1847
917
2080
2020
971
863
2037
1503
1899
913
1891
1443
1416
886
932
944
2030
847
1870
1948
1494
1518
2115
2070
1466
1975
2004
1502
974
894
1407
1872
1479
939
2065
2192
1654
1987
1364
1439
1572
1500
1886
891
854
1509
1935
2138
2079
1458
1470
1567
1376
2025
1448
1982
1573
2014
2110
1990
1987
1005
878
1885
1411
926
932
943
946
1675
859
1967
2078
1513
1976
1919
893
867
2062
964
2179
2008
809
884
1924
1964
2049
1427
1943
1538
1524
909
1492
1423
2059
891
1391
1508
914
2126
1494
1879
1987
1432
1509
1476
1406
2019
893
2020
2070
899
1969
1885
1895
1437
1862
2037
1967
2527
2031
1592
2140
2091
2134
1502
2077
1920
1499
2047
1985
1457
2072
923
2011
1997
1528
2046
1897
1862
892
1936
2077
2166
1931
897
2058
2051
1917
968
2009
2090
1447
2079
1954
1948
949
1985
1872
4927
1992
2120
937
2078
2087
876
2025
1932
2050
1473
2086
1929
1937
930
2151
2114
2069
1444
867
1932
1965
955
1896
1454
1920
1876
958
2053
2142
2040
905
2036
1995
917
2005
2193
1979
1897
1991
2040
2043
1977
1397
1892
1896
1958
954
2061
2125
2010
1989
855
1965
2090
2021
2071
1840
1571
2006
1964
1916
967
1909
878
1911
960
1958
2028
2143
1899
1881
1472
1962
2068
2051
869
2017
2046
2092
2028
2074
1848
1824
1884
1907
964
1932
2518
2030
1470
2070
2039
2069
1512
1898
1909
884
2082
2081
2155
937
2017
1976
1962
1517
1925
1866
897
1990
1935
971
995
2067
926
2032
2023
1394
2178
2083
2080
1408
2036
1950
1949
942
1988
1896
1978
1923
2014
1537
2107
2009
1904
834
1882
2039
1500
2051
845
2008
2024
974
2063
2026
2090
834
1968
1941
1993
959
1910
2066
1895
919
1976
2113
2001
865
2015
1968
959
2049
2076
1902
880
1856
1946
2102
1445
2093
1899
1924
1945
1999
1061
1934
2020
1942
2001
1962
952
2029
2052
1883
1476
1965
1956
1947
1069
2023
888
1922
970
2042
2078
2109
1454
2030
2022
1924
2036
1965
1952
2002
2006
919
2149
1960
922
1874
1862
1885
959
2166
1998
1990
1516
2136
2150
951
2041
1417
2001
880
2131
1940
1947
927
1958
1976
2105
1550
2041
1916
1863
1871
1976
962
2032
2113
2046
2046
1977
1975
1516
2101
2046
1950
1495
1975
1988
1940
1520
1877
886
1971
2100
2025
929
2201
1928
1889
1491
2000
2038
2056
877
1946
2105
2122
2096
1552
2033
1864
1870
843
1973
1915
1978
1415
1986
2088
2074
2107
928
2001
879
1942
2117
921
2059
1932
1921
900
2105
2107
1489
2153
822
1968
1983
1596
1973
1925
886
852
1907
853
2039
2142
1413
1864
2055
2131
944
2069
2011
2040
904
2055
1947
2026
1945
959
1908
1854
2004
1545
2059
2031
1885
1410
1948
2009
2110
914
2037
1989
2055
1949
2047
2030
1872
1484
1926
1935
1497
1961
1988
1986
1414
1955
2077
932
2074
2037
2103
852
2581
2045
1941
832
2006
1999
1989
946
2112
2091
1906
1878
897
1860
2096
2040
1372
2104
1988
2071
931
2074
1936
1952
889
1907
981
1986
1566
1945
1953
1995
2078
2013
1933
1897
1991
1970
2045
2148
2064
978
1981
1897
1877
1823
1977
1967
1964
2041
1466
2115
2052
2064
1559
1853
1998
848
2018
2104
2146
1467
1978
1911
1924
1567
1988
1909
1916
1431
1928
939
936
1902
1997
1941
856
2066
2059
2078
1372
2045
1919
1951
918
1988
2033
2004
1958
2064
946
2153
2016
931
1982
1841
2739
1648
2120
1965
830
1985
4721
2076
1976
1959
1933
1899
1958
1918
2131
2102
2065
1916
2042
1611
2062
2076
1955
901
1914
811
1922
1924
945
1989
918
1991
1929
2146
1483
2063
868
1460
1997
1476
2152
2057
1457
1971
864
2051
2123
1950
1392
1920
2161
1935
903
2036
2055
1972
1899
1989
2156
2007
2091
2075
2024
861
2139
2022
1924
1866
836
1856
926
2037
2043
939
2001
888
1975
1987
931
2047
1341
2037
1978
959
2041
1007
936
875
1972
861
1938
1924
2112
2080
2140
1867
1942
2178
2023
1430
1821
1955
2032
2092
2134
1920
1957
1897
870
1875
2049
1947
1368
1950
2057
1486
2048
957
2020
872
902
1421
2002
954
1983
1978
852
1975
1445
2743
2771
2008
1924
1953
1994
1931
1037
2051
1972
1941
1422
1885
2065
2082
1968
1999
2099
1979
1544
1973
1497
1956
835
1897
2098
874
2188
965
2050
1918
1965
1553
1945
1873
1861
870
1926
965
1004
2092
2053
1919
863
2008
953
2078
2518
1430
2138
1512
2089
1913
881
1889
1929
2013
2203
2035
2108
2022
1930
1856
1475
2097
2026
2140
1447
2023
2120
2019
2242
923
1925
1856
1892
891
1932
1933
1946
1482
2031
1493
2020
2110
942
1966
1986
1987
2010
2009
1975
939
1996
2067
1996
1695
1982
1898
1923
1461
1972
2187
1509
2033
1978
1989
2021
1985
1990
1968
1889
2015
1979
1535
2035
956
1992
877
2090
2008
2065
905
1946
1952
2050
857
1988
2043
2093
1416
1932
1999
1477
2049
933
1977
1922
1866
1437
1908
2000
2010
1433
1942
1457
1529
955
2108
942
2060
857
893
959
2086
2107
1962
1966
2048
2198
2059
1965
2042
1932
1881
2115
2060
2064
2153
1934
1941
1944
1893
2009
2051
1973
2018
1557
1975
1454
1977
979
902
845
1835
963
1972
1521
984
2168
1918
2096
2069
1950
1914
1858
1882
906
1899
2056
2048
2024
1949
1865
2024
2023
949
1896
1420
1873
2027
930
2006
913
1948
1927
856
1902
889
2090
2090
881
1930
1449
2030
1538
1392
1971
923
2006
2081
987
2092
871
1912
1882
845
2008
947
2547
1874
1993
2054
2095
1961
2040
2053
2053
846
2054
893
2083
2016
866
1917
1442
1917
2055
1858
855
1947
1948
2032
1503
2076
2018
2029
1381
2025
2173
1985
1516
1889
1443
1575
941
1578
1994
2164
2078
834
2063
2019
1999
1925
2086
1913
1907
1525
2093
1976
2077
2033
1905
2037
1976
1963
1972
856
1961
2085
2050
988
1937
1835
1500
2046
945
974
2161
894
1994
1951
2239
1500
2063
2041
1939
883
1921
1984
1899
1875
841
1906
2041
2102
1486
2083
1969
1959
859
1981
1939
2027
1972
1934
1487
1972
2081
982
1994
857
1888
2107
1528
1941
958
1884
2046
1932
1515
2103
1513
863
1941
853
2014
2095
928
2232
915
1908
1881
859
2021
1930
1933
1392
2020
2054
2044
944
2050
1910
2114
861
1879
2052
2141
927
2174
2066
2063
1469
1951
1339
2012
1853
994
1987
896
904
913
1898
858
1955
1473
2115
1394
1428
1512
2132
2069
896
1895
843
1899
1908
916
2035
2012
2000
1475
1902
1532
1491
2098
2047
1446
1959
2095
913
2090
2198
1320
895
1853
1953
1025
1955
1439
1894
2028
1966
914
2056
1464
1979
1991
843
1951
1983
2096
968
1432
1975
2044
1520
2057
1981
2007
1862
1974
2017
904
983
2056
927
850
877
2060
2064
2131
1849
1680
920
922
1979
895
2035
1953
906
933
2042
922
2010
2149
1428
2019
1490
1500
1844
897
2004
963
941
1976
2072
2022
2018
1826
1991
857
2017
1927
1423
1966
2016
2062
2124
1936
1856
1938
1988
880
959
948
2044
2048
1972
2053
2147
1443
1922
1845
964
1969
933
891
943
2015
875
1999
1964
925
2080
1407
1406
1576
2038
933
1966
836
1876
819
811
902
2229
2006
2006
941
1851
1706
1495
1491
1960
2036
876
957
2007
2025
962
2025
1938
2233
1854
1985
2002
1578
1977
1646
1470
2064
924
1967
858
827
1958
1578
944
960
2186
2034
1828
1546
2085
2008
1365
2036
1929
2175
2056
2060
2036
940
890
1918
885
959
953
2030
1960
1520
941
2084
980
907
1427
1386
2028
914
2091
936
962
2066
874
2086
2088
1918
882
939
804
1974
1465
1896
943
2066
1987
2061
2026
2049
2132
1408
1404
1990
1960
1995
2007
2087
2007
1954
1863
1986
973
939
972
2104
863
2139
2130
2005
1933
872
1985
997
1935
1915
925
915
1905
836
917
1454
2040
2169
1424
1497
2094
922
907
934
1854
826
1963
2070
2110
2032
898
2062
1880
1504
1992
1457
1355
1875
864
971
2102
897
2216
2062
1977
2018
862
2093
2112
1481
1863
1947
1516
2038
2045
1981
1946
1930
1936
1949
1946
937
1488
937
2081
2127
2122
2035
1956
873
819
1611
2099
904
1955
906
1502
921
1918
883
1995
1418
1986
1529
1530
1011
2062
1936
1519
1848
1956
924
2057
2094
2045
1957
1417
1950
1532
1455
1407
2035
848
1911
970
2053
2060
947
1953
1976
1947
915
2094
2493
1402
1958
1970
1945
1977
851
1946
1399
890
1927
2057
941
2206
2121
1863
1687
1508
1915
2011
881
2007
2078
2036
1993
1950
892
840
1962
884
900
2029
2128
1352
1538
2027
953
860
919
897
1857
889
2024
2047
1490
1634
917
1894
1531
2050
2036
1867
880
1411
1626
1919
914
2159
1708
1888
1978
1955
2035
960
2145
1966
1963
1998
2012
1949
1950
1946
1908
1909
1966
950
890
940
2033
1990
2173
2045
1977
1302
1953
2010
961
1956
926
933
1471
1863
841
2000
902
1506
2551
1424
1557
1460
2071
1943
907
1939
1981
1968
1928
2015
940
1990
886
885
1531
2139
1985
1413
884
1995
2056
948
2044
2135
2035
1881
1891
832
1931
946
2014
1875
2057
945
2032
923
903
2070
824
893
934
2100
2005
2074
894
2009
2062
1549
2061
1980
2096
1868
1015
1956
925
931
1921
1911
1946
896
930
2121
1405
1398
1516
2134
2060
966
1913
841
819
2036
1993
2062
1998
1988
898
1859
2028
2097
2000
2068
2169
1839
1990
2010
2025
2073
2002
938
1396
2053
901
1970
1468
2045
1622
1426
967
2131
2124
1396
1981
1875
1929
911
1925
1944
925
1949
2091
1497
2055
1999
875
1969
1016
938
1932
2115
2025
1967
854
852
909
1935
1932
1918
1531
904
948
2008
1434
1509
832
1868
883
2168
2093
948
944
853
2746
1542
1518
1898
862
892
2186
2018
874
1941
858
852
827
1880
888
987
2014
1918
1602
2001
2051
2131
1443
1865
1873
2117
943
909
2066
985
911
1968
2890
2796
1998
1400
902
838
2089
910
1895
958
936
1865
1881
2011
1447
902
2609
1597
1503
1499
2060
2010
1909
1481
851
1970
2010
2100
1992
1977
961
869
1928
1647
1485
1884
2075
1962
2033
1465
2064
950
1057
1843
2035
1891
1901
2007
1415
1460
1525
2035
2074
929
2206
813
845
1434
1988
1990
916
2098
945
1992
1547
1500
1486
1972
2008
1877
929
1982
1952
930
2083
884
824
2001
2061
1925
1511
2010
1487
1467
1512
2065
2002
2091
848
881
891
2033
1519
2089
1927
843
2010
1647
1436
1395
1916
840
955
1965
918
972
2077
1992
1937
867
2024
2105
1512
1393
1984
1946
2046
949
2087
1938
837
2023
2010
1970
894
957
2008
854
1541
2119
1986
1921
855
882
957
1539
1942
920
1910
1875
1931
1890
869
933
2037
2192
2075
2149
921
898
890
1822
862
1955
1952
972
1510
967
2062
795
1563
1486
1975
1430
1989
1950
906
874
1575
1972
880
922
1952
1418
878
1986
2012
1440
2123
1917
983
927
912
1893
1397
973
2090
2165
2090
972
2159
1879
2083
2019
2037
1345
857
1945
936
1953
1941
2126
960
851
1518
861
913
895
2773
1903
2148
2096
1004
1939
906
882
1998
823
1463
996
1921
1939
956
1941
1543
2070
2049
1973
1880
848
2074
2059
1919
2001
1907
2012
1975
1947
2078
2097
2526
1833
1530
907
927
2034
1955
866
822
1995
906
1489
959
2010
2119
1405
2635
2062
1463
1340
2096
1929
1915
2039
916
958
1504
1875
874
872
2058
2055
2138
1927
1597
964
943
2086
2062
1992
820
877
891
2019
2009
1960
1548
1937
2681
1791
1489
853
2014
787
930
1923
1469
1002
2105
2023
825
2032
965
931
1471
1904
1546
1611
2046
2125
1949
887
1893
1939
892
2106
2066
2029
994
856
1567
1931
1587
1954
2211
2004
982
931
1462
953
918
852
2072
842
911
904
1976
1835
1774
1433
1987
934
904
825
1847
1917
911
2085
922
919
2047
2008
2049
1470
2063
1383
1958
1924
1968
1937
2006
2041
2074
1470
868
1383
2076
2001
1970
2018
945
880
859
1981
1952
983
2017
926
866
863
2091
2042
1925
872
2085
1471
1483
1468
2031
2056
2231
1907
1421
1892
934
877
953
1968
1948
831
2041
2151
1555
2027
1866
1940
878
922
1520
1011
1984
1936
1919
1457
1966
2051
1392
1476
1448
1463
1497
2111
897
959
865
1948
935
940
1000
2044
1456
1878
1929
1520
1945
1934
900
1968
1491
2132
1505
940
902
1864
857
1562
1996
1474
2013
1606
1895
1972
1919
1960
2059
882
907
848
961
2007
2098
936
865
860
1492
1532
1434
2028
1925
2001
2091
926
2106
913
938
866
2007
1552
2087
2022
1944
1443
1459
1566
1928
959
1974
854
856
2054
1986
918
963
908
2044
1839
1932
1545
2031
1427
917
909
2055
2128
2030
928
847
2128
863
808
905
911
1971
1394
1467
1453
2120
2071
2019
1982
892
1903
923
1910
1957
2062
853
2029
1634
1511
1951
1887
1903
880
902
945
1015
2055
1992
1814
1403
1921
1949
976
1341
1432
2095
2041
2055
953
2067
1966
845
856
968
2099
1038
1984
1994
859
2802
2089
1499
1418
1997
881
1973
1600
931
948
1898
909
856
1977
2029
998
2538
1445
2000
1984
2005
1964
1981
1956
890
816
959
1478
2117
2122
1445
857
1479
1598
1585
1389
1936
2008
2048
1653
2091
971
868
839
1980
830
2066
1959
1878
1463
1466
1611
2024
1960
916
1844
1977
1938
2089
1958
928
966
882
1831
1973
1661
1525
926
879
871
909
1005
2050
2026
1941
1964
2011
833
923
2106
1965
1418
1440
1525
2078
2028
1949
1863
1938
813
908
897
960
1970
1989
828
1517
1694
1483
1497
944
2142
2057
2132
925
925
1955
910
862
866
1992
919
2047
1982
1480
1521
946
940
916
1955
1903
1955
1989
2130
2117
1984
1477
1890
2008
1946
1490
1895
800
871
914
1995
2064
1935
921
1397
2020
885
911
935
1424
1975
1454
1520
937
2147
2131
1991
2010
1349
1945
1478
1505
921
1850
1958
1469
2077
1454
1431
1928
2034
1928
919
967
1458
2034
1917
1894
1513
1986
928
1444
1419
2038
2092
928
2016
889
1957
2040
842
976
941
2025
909
2037
1821
2013
1477
2044
1866
1961
870
1986
933
2123
948
863
856
1921
799
914
2044
1406
1985
1498
2068
2010
2183
1944
1900
894
900
989
1462
2033
908
2007
1470
2679
1551
1527
1432
1949
2027
2126
972
2136
2155
882
1960
1505
1903
2001
1890
1464
1458
1443
1973
1928
946
2055
2126
2010
1927
2100
1929
1499
1607
846
1883
2606
1555
1496
1556
1892
1432
902
947
2002
2022
1952
1413
894
1922
1947
910
1390
1473
1465
2102
972
963
915
1979
2114
1959
2127
1456
2057
946
907
853
1933
1924
2132
2035
816
902
2206
2067
966
2064
903
830
1427
836
2095
1957
1918
2002
1468
2023
2063
980
933
1459
1877
1892
2021
943
2155
1893
876
1969
2057
1537
2046
1978
849
1904
2006
953
1986
900
1988
809
858
836
2095
2022
1888
1981
1538
2171
974
2064
2175
857
2153
840
944
958
946
1505
1464
1870
1996
2122
1487
2023
1852
1959
1948
899
970
2136
1975
1996
1905
889
1949
1994
1415
874
929
943
963
908
1517
830
851
1400
955
958
1957
973
1434
819
1607
1616
1943
863
863
1430
2119
2036
915
2022
2073
1881
843
1911
996
2005
1374
1411
1486
1479
948
2026
1993
1997
1908
1434
2114
2119
2016
1960
1440
1849
1449
1915
1484
1344
869
888
907
946
1531
893
1575
866
1829
1944
2069
2063
2640
1962
1477
2066
915
2124
1925
1891
887
1902
1984
1999
2088
2000
871
1819
1952
1977
1552
1427
1876
1515
916
1986
2018
1958
898
2030
858
895
2071
1509
2528
1371
1487
1486
2082
2057
2047
1949
861
797
1682
1512
889
1547
1882
1856
2005
2069
1545
2066
1898
1392
1909
1998
1994
2095
2056
1954
1949
839
2040
1957
1513
1539
1441
1503
861
2097
900
897
2103
1993
960
942
939
960
876
1957
1464
2090
1527
1390
1831
1923
1911
1932
1461
1986
881
1961
1507
840
985
2048
2042
1860
1942
2253
1512
2152
2009
1962
1901
890
1998
932
2129
951
918
817
2637
1504
1461
1461
839
1430
2017
2043
2098
2100
1973
1892
838
2002
946
2039
2530
1904
1653
971
927
2025
2056
1999
1992
2016
1980
1943
1018
2013
1928
1957
1475
1552
1954
1964
2037
1920
2056
2126
950
930
2003
1375
1452
1938
2120
905
1433
1419
1446
2076
2066
1984
2019
877
875
878
916
1980
1472
887
1422
850
1462
1534
1597
1501
861
849
1905
2086
2301
1915
2037
829
2043
841
2034
2029
1899
1466
1898
2193
1887
2058
897
1979
2005
1903
944
945
2076
1926
2069
1964
2215
1519
1661
1351
855
2002
923
978
2015
1978
883
870
885
835
1913
1941
1841
1980
1456
1594
884
1516
959
884
2013
2061
935
2035
1983
1484
1920
834
1452
1654
1513
886
861
1935
1987
1964
963
2079
2017
1935
863
871
1530
1462
1470
1395
1468
1547
950
1598
899
1949
880
761
982
938
935
2086
889
795
1432
2116
2101
1393
1904
2006
2004
1005
1997
985
2006
839
849
870
2022
1929
2010
1988
2093
2105
931
2137
2091
1990
2082
1866
966
2030
910
1952
890
1961
1470
1482
1519
1423
1413
852
889
2094
2079
2062
2066
2067
1885
1889
973
2029
1410
1881
2091
2150
940
2182
905
1955
1997
2028
2082
957
1523
1991
1984
856
1560
2039
1998
2024
1880
1949
2109
2064
2056
929
907
2096
1983
829
1492
886
1358
1970
1952
1982
1957
1537
1939
890
1448
866
1978
2064
1987
889
2041
2001
1475
2050
1991
1915
1907
1921
1989
1956
939
1920
1972
1982
856
1458
2079
2057
1513
1398
1476
1533
2081
906
900
2013
881
1859
941
979
931
2046
1922
874
1991
1984
1979
1908
871
2061
935
1469
979
943
929
1982
1957
1864
2089
2062
2719
1382
1996
1896
944
1970
902
856
837
1951
888
1494
2083
1976
1589
1407
1470
1986
1565
1960
2001
1862
2082
2309
2020
911
897
855
1438
2079
908
979
1479
1394
1533
1482
2202
2144
890
1877
1844
898
985
956
1949
952
1455
2004
2587
1487
1526
817
1410
841
1951
2089
2102
939
904
843
1870
887
2022
2007
1540
2080
1519
1618
2087
2134
890
861
827
1916
896
934
951
2116
952
960
2147
1638
1448
1915
1956
868
928
964
882
933
1592
1996
1823
837
1979
1472
2173
1979
2118
1943
2039
2028
1939
816
828
873
2075
892
904
916
955
2025
1478
1486
2055
1365
2001
1926
2029
909
892
937
927
858
1458
1441
1948
958
1491
1354
1521
1938
1981
1892
894
888
1840
1964
873
932
2040
1984
1479
871
1507
1967
1981
1426
2064
1960
2042
2030
1938
2098
1979
880
830
932
895
2079
1477
1446
2075
1457
955
2026
2018
842
1982
1920
1553
1483
936
2051
948
895
2022
2135
1446
1323
1486
863
2016
1867
1949
2106
934
871
1919
1964
885
1952
1950
1941
2033
1467
926
1439
2085
1938
832
1549
866
2069
935
949
1483
1948
2702
2052
1429
1435
1976
1912
1536
2000
912
935
1444
1916
843
1893
1944
924
1392
2044
2084
2073
2146
1934
2132
1923
803
1915
2104
974
945
1674
877
2051
1513
2088
2057
1371
1989
1961
2044
1494
1422
1728
905
888
855
1998
2031
918
1500
1406
1506
1952
911
1978
1440
861
1422
860
2042
943
958
946
2135
1444
1593
1536
2059
1977
868
835
2101
2085
983
2032
996
872
844
855
1501
998
2028
1887
1564
1384
2062
2038
2164
1991
1849
856
897
898
2115
957
904
850
1579
2041
1447
1416
1925
1842
2126
2136
2083
957
956
1494
837
870
904
952
2488
1523
1527
1457
1992
1958
874
847
830
1996
882
975
2070
1984
974
868
2002
1997
1517
2072
1975
1851
2055
1984
1477
966
900
874
2067
883
955
2144
1414
1356
1959
1940
935
2034
889
801
864
873
889
2025
927
963
2075
1886
1503
1461
1572
1867
1984
1438
2116
2045
925
969
906
1836
850
1395
1988
2039
1466
2035
2089
1465
996
945
860
1932
839
1431
920
2096
910
1507
907
1943
2643
2798
1499
863
1999
1946
950
2006
983
1994
1875
903
1818
1948
904
937
2087
1985
2137
1936
2177
2008
1945
821
841
1401
1978
2188
896
927
886
1413
2107
1478
1458
2190
1912
1814
1565
1909
2067
2086
947
1594
1402
913
1500
943
2074
1365
1488
2146
1059
1530
888
899
2122
1958
907
952
935
2033
1950
1396
1603
1987
2007
1410
847
872
2033
2025
954
1932
1900
1921
2023
2131
1921
1940
1945
1389
1558
1438
941
1999
879
830
2016
883
1001
1920
2063
1480
1981
2022
1494
1494
1442
1982
2054
1878
1987
2019
936
2040
2104
1945
1976
851
1452
924
2009
1896
1964
1514
1509
938
1955
810
860
1934
2008
984
2029
1963
1517
863
1780
1964
1459
872
823
2027
2096
2131
2059
1574
922
877
2037
868
935
2283
1425
1440
2004
1935
953
2053
1966
927
1396
920
1900
927
1962
2124
915
861
1478
1445
1530
1368
847
838
2152
2097
915
937
917
2044
1859
1940
2073
2039
1578
1345
2100
1438
1995
915
875
936
1879
862
1448
965
2080
1988
929
1460
2582
1961
1441
1341
892
845
1019
947
900
1514
1459
922
869
1902
1452
963
1370
2013
2174
2110
2146
2075
1944
1940
1914
886
896
2075
886
945
978
872
1490
1486
1430
1361
2000
1927
2047
959
899
2050
905
939
871
870
884
926
2052
1385
1577
1693
2066
1924
1901
1951
1856
1944
1950
2057
2064
1975
1452
1959
2702
2092
1473
1964
1958
1842
2033
2068
901
1507
1525
1423
2003
1437
916
2111
1570
1393
1965
1998
1537
2023
1953
892
886
870
1890
2221
1950
2171
992
1447
1510
1466
1458
2134
845
1999
2022
906
891
941
2065
1933
1992
1953
2074
2080
2011
1959
2064
2100
1901
925
895
858
1842
1389
1472
1719
2058
2067
2063
1945
1532
1525
1928
1901
877
886
1998
1452
901
925
900
1407
1395
1896
883
897
2009
1955
2123
1953
1974
2010
1992
835
2085
877
972
2027
958
931
874
878
2251
1516
1428
2026
1978
1920
2077
947
900
1990
921
868
855
868
924
1037
1955
1405
1745
1998
1956
1939
1974
1905
1930
2090
2087
925
952
963
2120
869
1749
1498
2026
1905
889
836
2129
2246
971
931
956
872
911
865
881
1556
1397
1373
1535
2213
908
874
840
1849
1936
2016
2091
2043
2117
1993
884
836
1457
1464
1440
1304
1411
1438
965
1476
888
949
914
1484
865
1955
2033
1981
1560
1407
1524
888
1489
921
888
1372
1390
812
899
979
1440
976
1524
1395
1972
2090
2078
1954
1969
2047
974
897
1471
2062
1874
854
841
852
1913
926
1396
1431
2041
2070
2118
2023
888
871
827
1911
959
946
1936
907
1614
1903
2618
1511
1991
1889
881
840
1639
2041
1921
951
1491
873
812
862
1436
959
1392
1968
2059
1505
917
897
1967
1874
1823
1853
1901
2080
2020
1981
936
873
1518
2168
1434
1407
833
1973
2164
1484
1000
1967
1981
882
1885
958
914
912
1465
1493
1550
1413
964
2107
915
847
890
2086
1909
1975
1941
2062
2176
2023
2605
1962
1955
855
861
860
966
1996
1450
1532
960
2016
1922
2007
940
1672
2127
1397
1501
1482
886
2020
2002
1989
2049
1973
2035
2031
2047
1991
1943
1842
2879
2005
1477
1332
915
2162
957
935
870
1920
1953
2155
1957
873
927
963
2023
1504
1505
2086
941
902
2025
2097
797
2001
2069
962
912
903
1515
1888
1865
1904
1959
2131
924
1556
1440
1434
2019
874
2116
1927
946
877
908
2013
2001
1962
1938
1453
1867
1877
1936
1042
2169
938
2095
804
850
1442
2125
889
1910
1859
1460
2206
947
2006
2018
1934
846
835
1985
2069
2004
951
1935
1479
1459
1500
2014
1380
868
853
1925
1974
1960
2026
2007
1944
1973
861
1980
1489
1886
2059
1452
1493
939
2054
950
1923
2084
1833
965
940
1991
1914
1861
954
1890
1915
1529
2008
2008
1482
2013
976
977
2080
2185
1953
881
1373
2152
1001
1878
1989
2007
1613
1994
947
1475
1879
942
1419
1997
905
2043
1939
1957
814
1442
1628
1507
2025
850
915
901
1542
951
2141
2049
1509
845
1860
2046
950
1871
1861
1982
1520
969
978
1966
870
1999
822
1954
1979
1978
2086
922
837
1437
2047
2040
2026
1937
1981
1898
1950
1792
943
1986
920
1978
855
912
1464
2176
2088
2031
1555
1971
930
928
877
1890
1967
927
957
2017
1952
1998
860
1923
1557
1550
857
1963
2134
877
2180
2128
1914
861
1890
1933
1403
1976
1950
2574
1395
1454
2218
1984
1991
960
889
1917
1391
2069
2024
2067
2067
932
1951
2012
2040
1530
1899
1866
931
1929
1962
1479
1931
888
837
2018
2071
1527
876
1980
1463
1522
2093
1904
2090
1478
2040
882
829
2001
881
937
1997
873
1900
1920
2052
1473
1366
890
1988
2023
2042
984
956
876
1948
2045
813
1996
883
1962
1885
2075
2026
941
968
919
827
851
1383
2003
2095
2255
1936
1867
838
2073
2055
1509
1981
2042
1948
1926
955
1960
1933
870
1912
911
818
2015
2118
1345
1404
2148
943
963
2069
2119
2028
1889
1410
2034
941
925
920
2065
2009
2011
1674
1469
1412
1917
1913
1504
1499
962
2072
1906
2117
1439
873
1483
2121
1999
2145
2112
1670
2117
2002
1979
885
866
1410
2007
878
1904
2043
2047
1934
1950
1539
1500
1405
2001
2184
2051
2162
2122
2043
1928
1832
857
1862
908
2011
2006
1395
1449
2131
2045
2042
908
1965
1437
2033
1984
2055
965
2068
1973
1861
1466
2050
1489
1411
2179
846
2164
964
2217
2099
2088
1885
843
1937
1936
1962
1960
1387
2082
2035
1975
1523
927
882
886
1885
912
1959
2173
2186
944
850
2129
2056
2077
1620
1957
1917
890
1942
1951
932
1950
846
854
2060
2080
936
1358
1971
1498
1462
2024
2136
1929
828
2029
2044
2044
912
962
1495
1956
855
1943
2032
1921
1415
879
868
2086
2011
2079
959
894
861
1986
1970
957
2082
1890
1391
1919
2010
1985
1555
920
878
1931
1906
1997
2055
1990
908
910
1849
1468
1527
1517
2039
1982
1963
2110
2050
2061
1975
1897
853
1913
1511
1986
961
1398
1400
2082
2036
2047
936
2104
862
838
853
1989
2062
2019
1454
1947
1857
1953
1518
1979
870
822
886
1893
2085
1090
2142
2017
1980
1427
1863
1937
2013
2522
1991
1540
2065
2152
952
2106
1929
861
835
2068
1637
2083
2026
1969
862
1460
2151
2076
2032
1389
2013
917
1972
961
902
1930
1919
1927
827
1975
2036
1455
2277
2091
2178
1694
1990
888
930
874
1945
2006
2115
926
964
1999
1935
1949
2649
1500
1871
845
830
1461
2041
970
1504
860
1413
1407
1927
1967
2082
2085
1447
1470
1470
983
2045
2023
2013
2075
1441
950
1968
2036
1995
902
838
1477
1645
1513
1991
1960
929
1974
941
1976
1931
2027
2048
1962
886
2082
899
2576
2053
2055
1999
1929
2098
893
939
1922
853
929
2060
2083
2025
851
1914
2016
1990
4940
1402
2004
1971
1900
915
957
2078
2070
1929
879
1920
1934
1462
1876
1960
1972
2056
877
1002
1959
897
2001
1394
939
1924
1997
2075
1985
1471
2667
2112
2037
1963
1876
1928
934
944
2048
1988
879
2019
2008
819
2076
1970
1357
2064
1519
2031
1442
929
965
2018
2066
2103
2117
2003
2079
1937
2059
866
2578
1515
1483
871
2189
1450
938
925
991
2101
1961
1971
922
1818
2080
2019
1974
1845
1553
1566
1942
2025
2014
1938
849
1449
1980
896
2107
2040
1982
821
1452
2088
2151
1960
922
1937
2069
953
1947
1485
871
871
863
1870
1972
1973
1960
1388
1588
2179
1481
2062
2059
1978
1437
1901
2094
2190
2033
1996
1978
957
1947
1481
2531
892
848
1965
2022
921
919
944
2036
1875
1874
860
2161
2115
1947
1951
1983
2143
1612
1495
935
1429
1877
1953
947
971
2115
2004
1990
1981
1927
1972
1913
1452
2074
900
888
970
951
942
2052
2035
2047
1503
926
2118
1473
1380
2074
1971
2069
879
1944
1898
1891
888
1954
2142
2110
938
1981
1906
1925
1534
1992
2019
1860
1992
1945
2177
961
1985
1956
825
2081
821
929
2111
1910
1445
1477
1962
923
1924
2080
1934
2181
2031
2102
2055
1475
902
1432
1863
1442
2099
2080
1402
1944
1883
1958
1577
2043
938
887
1461
1922
839
933
2097
1442
1493
2050
1580
898
1991
2026
903
1969
820
933
930
2134
943
886
810
1462
1681
2106
1907
1289
1865
900
947
951
943
2071
835
1949
1886
2060
944
2097
2169
1940
2078
1007
944
2120
864
2003
1995
932
2000
924
935
894
1409
1984
2039
1579
1898
1857
857
1927
1957
1504
935
1990
1912
1957
1993
933
925
1963
1424
1473
2099
2004
2072
903
2048
1987
1977
1943
1938
957
2020
1912
1913
1441
1513
2058
1891
1880
851
1986
1986
938
1482
1954
1954
2024
1935
2013
1912
1370
1890
929
950
2039
2085
934
873
2089
841
2064
1965
1966
1923
1946
899
1884
2033
2270
2004
1946
2036
927
2082
2116
1501
1948
1992
1962
833
2017
898
1477
1419
1976
1983
1990
912
1465
1898
1960
1816
2082
968
2077
947
868
840
2595
1505
1454
1440
956
1977
2103
1968
1946
904
879
856
1885
1896
2055
1982
1559
1374
2048
2046
2110
1931
905
861
1819
878
1979
2126
2182
967
949
1926
2723
1973
1929
1348
1931
846
922
1982
958
2020
1588
851
1935
2051
913
956
2753
2011
1534
1933
1950
968
1964
1985
1942
887
1944
941
919
1968
2007
928
1513
2078
1469
1943
853
886
964
896
2086
2146
961
1955
1928
2105
2044
1513
2078
1442
1985
915
1493
1980
1965
1832
830
1959
1520
2046
2088
1998
2052
1890
2632
2128
1512
2028
1478
1981
1946
946
2031
956
2017
1980
1978
1959
863
943
2066
1884
1488
2110
2015
2193
898
1991
811
855
2008
950
1920
941
1971
1913
2739
1619
1973
1969
1885
1835
2022
2008
1956
899
1949
2037
881
2017
1932
1942
1459
1954
1486
1490
946
2072
1998
860
1908
1972
2037
955
1475
2063
1482
1992
1540
1465
1920
1943
1892
860
1990
928
1474
938
1952
867
883
1971
2011
982
1402
1965
2042
912
2100
945
2099
1439
1851
2039
2038
908
920
2064
947
1906
1949
1503
1973
852
1912
906
1609
897
1919
1932
2318
882
1982
2025
1995
906
2082
1459
1986
954
956
1976
1971
1816
1926
864
2070
2032
933
1988
1886
1912
2069
2071
1618
1973
926
1966
2206
907
895
1969
1943
1964
1998
1989
914
1478
2054
1837
2046
2074
2086
967
1993
816
1866
855
1936
958
954
1985
871
1900
2151
2058
1985
1971
1896
870
974
1936
1928
1967
905
1940
1915
825
2090
2227
1612
1894
1489
1953
916
898
910
1840
1666
1971
2156
2041
2055
934
918
2050
1495
2031
1474
1872
1890
847
2014
909
1960
974
2104
2067
1425
2091
941
1513
2679
1864
2015
2125
2100
930
1983
883
1889
885
1987
1472
853
1993
889
1895
2752
2204
2065
2065
2037
1466
967
1505
2022
1919
962
1974
1937
902
1993
2062
1958
1398
1967
1461
992
963
2051
2085
849
1950
1967
2176
946
926
2099
857
2725
1930
1868
1900
914
859
2012
963
2071
957
975
2021
1984
879
2258
2016
1913
1407
2003
919
2093
2086
1964
1466
1426
1875
939
2006
1905
961
2097
938
2109
1621
1472
845
1947
1878
2080
2055
932
901
1928
869
1896
892
1879
932
1399
1948
1964
2000
952
2290
1920
1431
2065
2067
2017
2035
2190
2039
1482
1395
2002
1476
1893
1823
845
1897
950
1045
2140
965
2151
1958
1966
868
914
1546
2064
2007
2034
2091
2187
958
1995
826
1897
862
1897
928
947
2024
1045
1888
2151
2137
2019
2018
1946
2008
945
1970
1972
1976
908
1920
853
2001
1461
2033
2060
1924
1489
1901
930
910
1498
1871
2019
852
2051
2076
2048
952
1554
2040
1513
2019
1458
2006
1928
1873
977
883
1918
1026
1459
1919
856
1413
1946
2149
1605
1975
2070
1426
2079
926
1880
1871
1870
1990
916
901
2078
1531
1930
1896
1539
1998
1473
1899
1855
875
2099
2028
2145
945
2051
871
1981
2015
849
1961
1574
1892
1518
1945
1954
1992
886
1924
817
1956
2017
1978
4912
2134
2111
1954
1617
1961
1449
1877
882
867
1968
1964
1437
1021
2047
1450
1959
2016
886
956
2101
2021
1564
2101
954
933
888
1875
863
1928
2191
1513
2030
908
1881
2151
1993
1501
2081
847
1939
1957
2062
2142
1935
1956
925
1977
1429
1434
1923
974
1985
1382
2044
1433
2087
1508
1937
913
867
1904
2105
2177
2168
2024
2137
1994
1973
1525
1908
1866
871
1953
967
2012
1419
2118
2060
2029
862
878
1955
1982
2063
1384
2143
1970
940
1602
1905
870
1902
881
1619
1984
927
1948
912
2013
1580
943
1967
1963
2096
1990
919
910
912
2119
1875
1948
2018
856
1935
2030
1443
1500
2101
1440
2016
936
875
2046
842
1994
2094
2241
2024
2086
2213
875
2031
1496
1467
1948
1913
1895
1992
922
1452
2073
929
882
1940
2016
2075
2113
2137
1385
1969
976
2122
2076
882
2067
858
1895
956
1974
2096
977
2101
869
2172
1496
2023
865
881
1915
1965
2017
1462
915
1910
1418
1921
843
2039
2133
2094
1388
1973
1552
2072
1526
2001
1971
1975
2083
2031
2068
1937
1944
1658
1873
1934
1483
1441
1882
852
1399
2111
2086
2036
2108
2126
902
867
1875
1965
2061
1428
1415
1700
2016
942
2026
868
843
1923
881
1943
945
1537
1981
878
1904
2082
1536
1600
1930
2018
2018
966
1496
1929
1976
1943
874
1878
891
1975
922
2032
1925
2190
1457
2038
1466
888
1873
818
2000
2213
2068
1398
2141
2050
1426
2045
1607
1448
1911
1891
834
947
1940
912
946
1996
1938
2029
2057
984
2101
2493
2005
1584
1510
2130
908
1989
924
809
1892
915
1952
943
882
1907
859
2043
1509
1895
1351
882
1996
2165
2039
2018
1488
943
1569
1995
2020
2056
940
1917
1464
1518
1949
914
2007
1573
1391
1901
831
1926
943
2042
2025
1961
2049
1531
1676
2085
1331
1941
862
1038
2112
907
1009
2057
1853
877
883
1908
929
1543
1486
1508
2020
958
985
1992
870
1914
868
2035
915
1632
2065
1995
1922
1613
1931
1562
1994
1954
1856
948
1959
962
2015
1941
1992
2030
1982
2031
951
2142
1396
1999
1936
864
1941
1927
788
1922
862
1972
949
1498
2103
1972
848
1537
2122
2025
1987
2055
845
2021
960
904
1992
952
894
1834
1918
2016
2091
1566
1408
2061
2041
1969
2036
1905
2018
856
1969
895
2073
927
917
1887
877
2133
1996
1434
1342
2031
1940
2141
2059
910
933
892
1967
1994
1878
904
2003
1521
1876
1548
1896
1952
2009
1424
2033
837
1890
903
1905
1979
2120
2070
1966
2065
1547
2103
913
1961
1945
2157
2112
895
971
1937
836
825
2059
4409
960
1516
1980
2057
1516
2096
945
1432
2081
1818
1857
1432
2095
948
2135
906
1953
2016
1935
1545
1348
2024
1871
1527
1948
2046
2061
1999
2015
2010
877
1912
963
1987
1627
1949
1967
1936
833
1969
1486
2020
1482
1858
1863
2015
1999
2055
2061
2158
1405
2059
1474
1983
935
863
864
1912
1896
938
951
2056
2079
902
1392
1466
1527
1506
2018
1408
1381
1984
1548
959
2113
911
920
2018
839
2055
2090
1557
1421
1472
1972
1963
2094
962
885
2080
920
1495
1939
944
894
1952
1961
1540
2081
1697
1427
1979
1914
2023
960
971
914
934
865
1486
897
1020
2125
1521
1973
1691
1508
1918
905
903
874
1827
1995
1541
997
2119
920
847
853
2136
1507
1492
1982
869
853
1458
2100
2020
1911
1911
1825
856
863
1517
1755
1437
1368
2031
2112
983
956
933
842
2018
831
2137
945
940
2006
1957
853
1524
1468
1950
1431
1958
859
1991
948
2114
913
870
1431
834
963
2127
2165
1404
1993
2006
944
921
1487
923
1931
1832
1839
966
923
2040
1524
1486
861
1444
1510
1987
1389
2021
878
2042
980
963
909
2025
881
2145
787
1983
902
1854
2045
2051
2091
1514
940
2118
849
1443
1426
1985
907
1527
2088
1971
857
1994
1531
1649
2040
1876
1994
912
972
970
911
897
1457
936
1955
941
2266
1364
1409
1934
1989
999
929
1959
2042
887
867
2052
1011
972
931
1871
862
1991
2093
1429
1414
1438
1938
928
2060
2018
2025
1874
2024
1438
850
930
942
1347
2612
2011
912
1494
973
906
1974
1873
883
916
1967
2013
918
878
865
1963
1476
2121
880
2027
904
1940
921
953
959
887
841
866
2051
939
2024
1362
1867
1527
1506
1942
944
922
889
1869
1979
971
914
2038
901
2059
1890
1495
1540
1536
1917
868
817
873
2264
1993
1930
1945
2006
858
854
880
892
1482
2086
2021
980
935
943
1005
2016
1915
900
1495
909
2042
1963
883
1402
1511
2005
1457
1990
877
2156
2167
1501
971
1007
892
831
2037
2032
945
2066
1329
1432
1901
1982
875
958
964
1847
1998
828
993
2077
2109
2071
850
853
1627
1537
1501
1979
2039
929
1944
1480
905
2074
864
883
2056
880
2097
946
1468
1391
1477
2053
2001
1979
2047
891
891
2132
952
899
1940
964
886
1888
2555
1493
1943
859
834
1994
2128
953
2110
1021
885
852
2058
834
930
941
1952
1426
2002
1497
2052
2022
899
880
871
1833
1965
1023
945
2203
874
796
1433
2097
1567
2065
1853
878
922
944
2105
1997
2018
1999
1902
1954
968
947
1340
4708
1491
2105
1495
974
871
929
2051
1845
913
949
2009
938
2013
1869
1460
1963
1561
1952
850
2001
905
2172
915
956
861
868
894
1954
949
2006
2455
1550
1504
1599
949
948
1959
1932
1401
858
2144
2026
922
956
859
1389
2156
1923
2133
1406
2086
1441
2023
1007
947
1948
1513
1851
895
1898
1003
1976
2012
1420
1474
2185
891
917
2123
862
899
840
1977
936
946
1965
1927
1944
1454
2035
1496
1431
2040
1945
1975
901
961
977
1999
843
876
882
2101
955
1347
1962
1574
1929
1921
1942
1995
864
892
851
2112
2273
930
922
1433
816
2164
2121
1958
1389
1855
859
929
1948
897
2043
838
818
875
897
900
921
1936
2024
917
956
2113
941
1439
2052
873
1375
907
1950
930
1523
1945
827
1469
1953
1966
1354
1467
1986
949
2069
2149
947
934
1926
1440
1382
945
2104
1348
1445
1477
1488
2093
2068
1937
889
1913
812
934
1938
2044
1003
1996
861
1487
1510
2036
895
811
858
886
968
1490
2105
1451
845
1924
1870
2083
1974
1943
1384
1624
930
2252
925
921
867
852
2043
2009
2061
952
896
1899
1883
1553
1981
1528
1420
2018
861
2109
2102
968
923
1444
823
859
851
1967
2092
1987
1916
1880
1949
1878
1969
2034
1466
1426
1958
2104
2266
913
1486
875
854
1497
2178
1916
1407
2000
2024
887
963
2144
915
913
1965
819
1948
909
949
1413
1963
1447
1977
916
897
2055
877
850
2001
918
1979
1942
922
872
1925
1502
1540
1930
1913
860
879
1994
939
2047
2100
888
793
2146
860
1531
908
1993
1453
1439
1429
932
2075
2129
1983
1973
1935
1590
946
2037
1939
1897
1895
1582
1521
1495
1989
798
867
931
2089
2199
942
1968
2003
1402
1931
2049
902
1365
1420
1461
1597
2081
953
924
833
883
1992
2018
2068
946
916
1908
1965
1538
1520
1976
1352
1960
875
2103
2091
942
926
1426
853
831
1420
1950
2010
1487
2035
1938
1969
1971
1964
935
880
1926
1920
2023
2079
957
962
906
2023
2055
1624
1516
883
845
826
884
1974
968
1963
1985
1897
1897
2031
922
917
1432
1970
1510
959
897
1000
2156
1919
1410
833
1966
2045
930
2037
1501
1894
1532
2146
965
1900
848
888
1059
903
931
909
2081
802
2058
829
1940
2032
2009
2027
2071
1546
899
2017
2154
1901
835
823
2044
914
1953
1964
1507
823
2005
1602
1469
1885
826
2077
921
993
922
924
870
807
2025
1961
926
1478
1884
1398
1518
2078
972
948
917
1943
858
852
2009
921
897
1489
5144
838
1445
2841
1944
1982
819
1956
910
935
955
1956
1447
862
884
918
974
1005
1862
1565
1480
1916
1930
930
1043
1936
1990
2011
2202
917
987
935
1900
859
1505
1505
1491
1374
894
907
879
1524
2166
1970
1981
821
1889
2038
1442
895
1524
2089
1510
1491
1527
964
2032
1999
2049
1817
959
957
2031
1949
1873
916
2284
2001
1494
2540
1912
2117
1435
942
1538
937
879
838
2065
1953
953
2033
1988
1903
1909
2132
1895
1989
2044
877
895
1938
2116
2074
969
1515
929
823
1530
1982
1527
1400
1870
874
895
1987
2013
892
892
874
843
846
936
1977
1996
1422
1456
2109
906
978
2238
880
1888
1945
997
914
1974
1953
2009
2042
1546
1462
2207
1355
878
1930
1999
971
911
2149
907
903
1464
1955
968
938
2050
1401
1495
1977
2013
1480
1926
880
1872
823
1982
944
2107
2057
911
2009
2131
1948
1469
1884
1428
1990
2088
877
849
2054
894
1908
848
848
1950
893
1409
2010
2135
2106
932
1493
1916
1998
1823
863
908
1989
934
949
2042
1402
1490
2162
1431
1430
876
2027
2134
1973
918
1991
1369
875
901
856
2056
948
2101
1373
1986
1577
1537
965
1877
1430
1835
882
1945
945
2070
2068
1987
1996
2111
1513
1919
1358
873
1859
902
949
1935
2076
941
1947
1869
841
1940
970
1392
1411
2101
2086
916
860
895
844
845
2001
1976
1005
874
2112
2002
1871
1531
1989
2263
1897
893
1906
970
936
1943
2157
935
887
817
1973
909
2043
1476
1957
1516
1913
973
2025
891
2057
854
1992
1990
2088
1029
2121
897
1948
1581
2126
1971
2076
824
880
1964
914
1967
931
874
1881
915
844
2148
2100
1391
1389
1970
2021
2017
912
857
1994
847
2162
892
1517
906
2044
936
875
2735
1486
1887
1464
1982
888
2079
2033
1498
928
899
1967
1901
845
1881
928
1534
1444
1995
1590
2049
979
2038
835
1474
1950
851
2065
2066
1930
862
862
2002
1478
1456
2013
867
821
2062
1935
906
1972
2012
1404
2173
884
1472
970
1463
1988
2032
1434
921
918
909
2007
1950
2073
913
2102
922
1982
920
1870
2025
1949
1452
1862
860
833
2136
2031
880
917
1506
1955
824
1986
866
987
1962
1365
1999
945
2116
965
1951
888
1956
874
2093
1005
2073
1985
946
862
1985
1460
1436
1973
866
1960
1965
2024
1908
2062
937
822
839
2000
2102
962
1556
1391
1493
1577
955
2009
1910
849
2059
1455
920
2108
2177
947
2049
1911
2002
1550
2070
1327
855
1956
2023
916
925
894
2059
865
1902
861
1895
1540
1484
1434
2050
1483
2134
893
1971
840
2026
1915
904
931
948
963
2047
855
2079
1471
1936
1877
889
859
908
1922
922
1978
915
836
1988
858
882
946
2081
1396
2183
1930
923
1897
1929
1402
1998
866
1999
935
954
2061
893
1948
1529
1513
1430
2047
858
1861
1996
951
2056
2054
882
885
862
1945
904
2205
1401
1861
1555
1541
946
1929
835
1923
813
1992
1435
2119
2022
2075
1952
864
1489
1977
1472
1339
1879
860
958
2094
1978
954
1977
1925
899
1884
880
2129
1552
1985
2037
1493
1495
910
905
1993
1912
2005
1023
2130
868
2033
1925
1957
2752
1932
1458
2026
1406
2137
2048
2260
919
2026
886
1909
829
2085
916
2080
1484
2010
1661
2052
982
2040
876
915
2009
2032
921
1964
963
2107
950
2120
1937
1975
1595
849
2180
842
1972
923
1468
2108
1495
873
1927
2022
2001
2021
1980
1423
1968
2017
2028
956
876
2054
830
851
2112
1003
955
2125
878
813
1532
2148
1457
1869
880
1987
926
2095
2016
2134
888
852
873
1972
1455
1997
1396
1873
1626
1971
1498
1994
899
1897
825
872
1992
904
935
964
929
2040
1574
1465
1481
1354
897
1951
963
2073
1940
2028
2008
811
841
2028
893
2131
1425
1407
2038
1453
1980
1995
2043
2027
1844
1498
1945
1032
2052
1478
1468
1954
1526
1511
2068
1391
1977
903
1986
2138
878
952
1965
2080
827
866
2033
953
2107
1416
1560
1955
939
1488
901
1842
836
1855
1967
898
2021
1930
890
2052
1582
1486
2218
1996
2037
2048
917
1961
938
2003
915
2047
827
859
1448
2221
2020
1957
1509
1471
920
892
871
1410
1977
834
2053
963
913
900
1487
932
2110
1762
1890
1330
1857
2057
2039
941
2164
956
2005
876
1875
930
913
2003
2352
1953
1534
2031
1611
1930
848
1815
843
1942
932
939
1938
922
925
1421
1513
2036
1451
1372
1410
827
949
2089
912
2139
2086
2095
1847
869
943
2039
1438
1918
1496
1442
888
2079
894
791
1930
1945
1945
1992
1928
1490
2119
1948
1750
1648
2076
848
1902
1373
926
2039
905
910
2010
878
1820
899
1982
959
2004
1378
1535
2111
1575
927
1968
831
851
2051
900
2075
897
972
971
1966
1485
2216
1978
1421
1881
2033
931
2061
1452
949
2005
2006
2016
1959
879
2069
2006
1883
1499
1458
1976
2006
1997
808
868
871
1888
957
2187
2072
917
842
1548
1627
1434
1955
914
1979
971
1936
1991
2016
914
1980
858
869
1963
1996
1428
1416
1528
1938
2137
964
1992
823
1962
947
2044
933
905
1994
1922
879
2042
2112
1434
1863
873
1033
1944
870
1446
2040
903
2024
842
1800
858
2011
1647
1894
1549
1500
974
1464
1442
1838
843
857
965
1492
1515
948
1025
888
2023
1562
2043
1467
907
894
962
933
1926
941
2123
855
1904
1920
1538
1957
1382
1959
2049
982
1048
1995
1898
838
2018
1518
2064
940
1942
1977
1441
854
1938
1489
1491
1411
878
1841
892
915
892
1568
1011
1966
863
1979
2040
2102
1474
1875
1546
1949
1558
2088
881
1868
1910
1936
1938
937
1956
945
1932
877
1522
1494
1559
794
879
1941
934
2136
903
1983
1038
1321
825
879
2086
923
2043
1353
1515
2099
982
2041
887
863
1378
2011
911
1947
904
1906
944
1915
2057
2000
1989
1397
2081
822
950
1923
1943
2033
2147
854
1908
1852
971
2025
1425
1455
1567
1966
1969
1950
1523
852
828
919
940
1486
2173
960
2082
888
1510
1624
1442
1365
2028
1423
2049
977
2102
2026
1925
870
1898
882
925
2017
2573
2014
1507
1521
1956
2308
860
1957
850
1991
863
2028
904
2054
985
1880
1490
1479
1419
1448
1893
1960
905
945
1003
2111
967
1994
1945
1981
2033
974
1433
1828
1553
1898
939
923
1935
871
1892
1909
1918
2097
2033
1508
2259
887
1838
1399
1946
1467
924
1987
950
867
2090
822
2034
931
2154
2116
1932
1861
1454
1624
2051
870
848
1968
918
2125
927
981
1917
1850
877
1924
954
1985
2045
2063
2032
991
2107
934
933
2013
1892
1888
903
2006
929
1977
865
800
2068
1513
1544
934
809
852
920
2061
2080
933
897
1885
1919
843
1955
2041
1448
1524
2005
1470
926
1514
2180
876
1965
820
1564
955
2095
980
2135
803
2080
1488
1984
880
835
880
1946
1998
972
936
920
830
2067
881
2026
2069
1383
2521
1480
974
964
931
1916
2041
880
849
929
955
910
2112
928
1935
1988
1546
2246
1997
1878
1862
1934
1920
2029
2107
1437
1863
1899
1986
2082
1482
1345
1995
1509
1441
1960
2000
908
1434
2031
1926
2115
1992
1960
942
1946
1899
2014
1992
1473
855
1901
866
921
975
2109
2178
871
870
2047
1957
2057
900
1918
1383
1993
2021
2099
936
936
1972
884
837
2033
2022
2100
2165
905
942
2578
1537
1479
1940
890
864
876
1979
963
2085
2124
1450
1979
1820
970
1958
1992
1892
1538
933
1907
2069
1540
887
881
2022
966
2093
941
938
1508
1918
1560
1665
1967
860
1997
866
860
1901
1984
1005
914
855
867
1931
1392
949
2643
1968
1484
2117
947
2034
926
1906
1881
862
919
1447
938
938
2007
1952
2892
1547
1550
1985
1869
1887
1942
1960
962
2040
1988
1391
1977
2106
1908
1987
1369
1942
1490
1560
2023
2018
2016
1905
873
853
2167
929
1950
2115
4651
836
1475
1986
2119
1960
2047
2037
2004
933
962
909
1884
1955
1428
2024
1508
958
1358
1421
1989
2131
932
988
1473
848
875
1940
2099
1967
1009
1034
1915
1906
1952
2041
2108
2057
1878
2008
1952
1952
944
2006
883
1889
1906
2006
2010
966
1983
2051
1914
2147
1991
2083
1526
2145
1883
1852
2167
1005
911
2099
869
835
1588
1518
1584
1862
865
1424
1888
2029
945
2083
875
1934
1992
1856
977
1585
1871
1468
912
1975
2090
2082
965
2014
895
1919
952
923
961
2003
880
860
1489
1950
1508
1868
1874
858
1979
1518
1915
892
2108
2097
1961
861
2092
921
1374
1392
2109
955
1962
934
907
889
1887
871
2034
1919
965
1951
900
834
1452
2013
1960
1639
841
1450
920
2119
960
2064
872
1924
879
857
954
952
1988
1966
1481
1538
952
977
881
956
1971
1973
1988
924
1039
1873
2005
1942
2047
2080
2031
2122
2050
851
1955
2195
2142
2003
1456
1875
834
900
1928
1971
1937
1475
1927
2288
2019
2197
1993
1871
1952
1899
933
1955
952
2026
2021
1986
1877
1529
1504
2003
876
864
906
2050
2046
1526
944
1968
1893
846
2246
2047
2070
1980
1453
1496
2054
972
1707
879
902
1991
1940
2079
959
1982
2011
1967
1459
1518
1499
1932
1481
1944
1918
1538
1996
1933
910
1845
2013
1947
912
2066
1970
1430
1491
1512
2044
934
2053
1458
858
892
2102
929
2009
2160
878
1876
1465
1528
2041
1978
1930
865
921
2143
997
1909
1874
848
2039
1935
2079
2080
1923
1883
1493
1528
2106
972
2064
886
830
2069
2146
2093
1001
1949
884
1853
1480
1533
1523
1940
1525
874
907
965
919
957
890
817
1924
882
939
2077
1414
1963
1498
2080
1940
1969
911
887
1895
830
955
936
977
2016
893
1948
1409
1487
1515
1874
1557
1904
2092
954
2056
929
854
870
1397
2057
932
945
1431
1399
1958
1925
2115
2072
1510
1960
877
1996
1981
1634
1970
891
940
879
1531
1523
1495
1883
1876
871
1530
966
2114
2107
2021
2011
1901
1825
2047
2079
2570
2008
1572
2095
2003
2070
1934
1868
1864
815
2106
2027
2152
1907
870
1944
1466
1980
1507
2488
867
1901
896
955
1501
1954
2033
824
878
1959
2076
2074
1347
1985
1981
1985
2082
960
2034
1404
918
842
930
2037
2131
1949
908
1952
1454
1506
1909
868
842
2021
907
933
2164
2054
890
852
1958
872
1941
1927
2537
1891
1954
1947
2156
938
885
2005
870
2096
2080
952
2039
927
2013
1867
1553
2030
1654
1364
1921
1981
920
931
2022
2203
1934
1804
937
1983
947
2071
1351
1977
2025
1513
2127
954
948
851
840
985
1005
2032
2018
1436
874
1414
1951
1999
1990
1965
1969
1472
2042
2084
2033
2002
1947
852
895
1868
2005
1953
2405
2016
2001
2057
1528
2063
2097
1871
1931
1924
966
2016
1535
2084
2095
834
1435
1959
2003
1387
872
848
903
2122
2066
955
2108
869
1986
828
2027
2064
1375
1448
1647
1535
1450
945
936
831
1445
1864
1968
1015
993
1485
1917
2036
2626
2169
2111
1873
1885
2135
1941
950
2122
2069
2005
2057
1844
1965
2036
2004
2522
829
1932
1501
2014
2039
1497
899
1885
1859
945
936
958
917
1896
1882
1895
1983
2161
2021
2011
2009
1931
938
1973
966
884
990
876
1904
1996
1476
1984
1404
1945
971
950
962
1894
845
835
873
953
928
915
922
888
1970
1465
1614
2101
898
1900
854
2012
2022
2082
937
834
2032
867
811
976
934
1899
1437
1496
1507
2024
974
1996
1412
1862
1939
954
2066
1493
951
2098
1923
1522
1489
1498
1480
1888
1993
2086
947
2138
2157
1432
2095
867
1946
2006
1896
1529
1487
1494
1528
1916
1948
1960
836
887
840
1962
2061
2045
962
2018
1880
2082
1974
2041
1868
2003
850
2038
2077
2015
2048
2048
1906
1976
1435
1979
2066
2518
2021
2054
977
2042
970
2047
2040
1984
2082
2059
2050
940
884
879
820
2011
1941
1535
1353
1854
1890
1994
934
2119
2067
2074
2007
1928
820
2069
955
1387
1573
1492
2099
2036
2001
890
1891
1011
1873
1997
940
969
920
890
835
1492
1539
1486
1886
1452
1890
880
2070
1015
2125
1971
2174
1980
1962
926
865
2134
1864
1523
1942
1981
943
1930
839
1883
1967
878
2032
917
966
2053
2059
2158
1577
1487
1887
1977
1947
2054
926
2039
2078
1906
2075
1864
861
1446
2030
1455
1419
2180
1571
1011
985
2041
1412
835
843
1458
969
2013
905
885
1877
2023
1573
2035
1937
891
936
1982
1480
1939
989
906
2016
816
2005
893
946
1452
1933
1544
2044
937
2096
917
2017
823
2072
906
918
1678
2096
1968
932
1559
1478
1973
1811
1866
840
959
1459
939
949
2029
833
878
1945
1942
1984
1504
2014
933
2132
960
2045
871
2180
858
865
870
1994
946
1952
1482
1983
2059
1464
1489
1997
1972
2181
2002
943
933
2004
852
872
1962
1938
835
1941
1981
1400
1527
1552
906
916
1877
1980
1930
1998
1912
2011
1995
1475
904
2095
2075
1947
1525
1379
870
1424
932
2129
2043
939
2116
2035
1939
1507
2015
920
2533
1362
2005
1525
972
1997
1432
847
865
1978
939
959
944
948
2063
1965
1534
1528
2178
2056
864
1886
1933
2069
1988
973
1988
886
811
2041
926
1945
1384
1442
1979
2096
948
2109
929
1924
859
2058
910
2056
2008
1511
2066
2030
1520
1529
1952
1897
855
873
965
898
975
2124
2121
911
828
1954
1863
1974
1403
2018
1550
2028
2083
2013
907
858
836
900
1929
1535
1920
2102
2079
1446
1514
2060
2103
1851
901
1926
938
1984
2096
977
1509
1948
1861
858
1946
1974
1428
1407
1540
1892
2069
2075
1981
2014
1895
1915
1948
933
962
933
2007
1472
1526
2023
1456
1397
867
1893
2047
2042
899
2062
906
2130
845
2148
925
1945
1498
1868
901
916
952
1975
1411
2043
1831
1574
860
2113
2056
2086
943
1932
1960
1980
1481
813
1981
2017
894
2033
2001
2068
1470
865
882
2019
2106
997
1983
1898
1922
2068
2066
1996
1510
846
1825
1888
2087
967
921
1709
852
884
1966
1985
1445
2063
1861
2018
2107
2083
898
934
2025
851
827
1906
962
935
2481
1631
1555
1547
959
906
1575
1967
861
1421
2032
2026
1480
2003
935
1912
1952
1522
2052
1301
893
2017
905
2095
922
935
2183
1885
1908
852
1952
970
1984
1354
1997
1448
954
976
1977
1900
1392
891
2103
980
2089
1982
933
889
1509
1554
1434
1985
885
832
2055
2099
2012
950
2077
826
1945
840
2014
884
2655
1359
1541
1487
1960
2013
897
1997
2041
1901
910
967
1945
2113
2107
878
2689
1535
1965
1928
881
1955
1570
1946
933
2123
2083
870
1400
941
2016
2097
1920
1865
1540
2022
2207
2028
1469
2001
1389
1430
1487
2094
2182
2034
943
884
1564
1475
1451
1396
2002
2044
977
2070
2016
1954
1930
1599
1852
889
925
2018
2054
1959
1476
1469
943
2050
863
881
838
851
2044
1958
946
974
1954
1935
1505
2067
2165
1895
1886
1462
923
1947
901
1970
957
1841
824
880
2062
2161
1513
1928
1685
2042
1978
969
1898
840
808
837
1931
1939
1453
2051
1971
2073
1498
1546
1450
1348
1418
2057
973
2015
2091
910
909
1995
2020
1897
893
1982
1468
2009
1471
1443
2070
1566
898
825
2069
827
1466
925
2051
1239
2127
801
1531
2054
1899
1486
2017
1946
1953
930
1986
1966
1491
1893
2013
2056
1959
1020
1908
1418
1500
1482
2055
1595
2002
1894
808
819
907
2110
951
928
2041
887
1525
1558
1493
1366
1935
1942
2034
2143
2098
1976
938
1985
1406
1854
956
1931
1420
1478
1577
2074
899
2047
1920
1458
1846
865
2086
2069
2090
1525
1443
864
1535
2100
1873
1456
874
1887
956
1939
871
2098
2062
1961
823
846
936
981
1435
1901
1527
2021
947
973
882
1886
1352
1857
2025
2101
936
939
2052
1991
1551
972
880
837
869
1990
2090
948
2122
2070
1966
1850
889
1418
1906
1929
1994
1393
2084
1525
2034
2009
922
863
858
2230
1990
971
946
1990
2092
870
2012
2042
1964
1953
898
1849
953
2066
920
2116
2164
1862
1930
822
1959
961
2006
1949
1501
2003
2116
1507
884
864
1928
854
1929
919
904
952
2079
2029
2098
2016
1913
1897
851
1885
949
1940
2062
2019
2092
899
836
843
927
2051
1520
1992
2085
2044
997
2067
1614
859
1867
1899
886
1526
1999
2079
1952
888
1533
2050
1502
1957
861
2003
2103
943
894
937
871
1498
1888
851
1936
969
1433
1373
2027
2002
2015
1993
1955
834
1819
880
888
2055
2036
2139
901
883
1583
1468
1441
1997
1969
838
1975
1505
1919
918
1926
1881
1927
1891
1452
942
1431
2024
1528
2124
2030
945
1927
1454
790
810
2095
2069
2053
1033
874
868
1482
1979
2089
846
819
1945
971
924
2066
1702
2004
2031
2053
1452
916
947
1402
1506
2071
1470
2062
963
885
835
2038
2048
1986
2138
2060
2073
1944
2062
1542
1573
1498
830
892
802
947
2121
2156
932
1976
2022
1989
1914
927
1559
2143
1826
1485
1942
1023
1510
2092
861
1394
856
2024
991
923
1516
2105
2090
1486
2126
1930
1452
2003
1965
1965
950
1945
1982
943
1866
2031
2009
1886
952
1904
1409
1572
879
956
887
851
1893
1955
1403
920
959
1937
924
1441
2258
1521
1508
1495
1986
1944
2004
2059
2043
904
2004
900
1932
1834
1897
2007
915
1384
1444
1515
1946
907
908
2021
1860
1876
891
858
2123
2155
2031
932
841
1465
1484
2034
1901
1852
1940
962
899
1934
946
1949
2215
2028
882
863
1002
1411
1370
2049
1533
2076
2026
876
2020
1822
1946
2005
2021
2091
1669
1502
1957
1970
2082
1457
1350
844
1400
2043
2061
2106
2019
2016
1901
885
848
1929
2042
2084
1459
2078
1509
948
1028
2006
859
858
866
924
2134
2132
959
1482
1863
2056
1431
1983
1902
1908
1899
955
1967
888
2058
935
1847
1971
2015
1940
924
2125
2657
1543
1892
1880
863
2002
1995
933
1491
877
1935
859
1920
936
908
1348
1972
2139
2063
945
2172
875
1987
882
853
983
2124
1980
953
874
859
1443
1937
1932
1365
1901
2078
1929
958
945
1997
952
2048
2059
1976
2234
2103
1369
1901
1482
2120
2091
2083
2022
1914
1887
834
1984
1045
938
1992
856
2015
1422
2149
2016
926
1814
1950
2286
2119
920
910
1906
1476
857
846
1952
929
1371
1942
2160
1546
1995
2055
1989
1891
1910
1982
960
964
957
2041
1961
1877
1907
1511
1930
1939
1870
910
884
909
962
1935
2023
843
2026
1985
2021
1476
1361
1447
1490
2029
1954
2072
1030
1946
887
824
2001
931
910
975
1945
1957
1968
1649
1521
888
875
828
895
976
916
897
889
850
889
861
929
2060
2007
1428
1460
1983
2040
960
2068
1468
1414
939
2128
1983
941
980
890
1365
1896
1492
1923
1866
1879
1959
863
913
2086
2052
2002
1975
1873
1950
1993
1489
2082
1968
1992
923
1986
1979
2037
1918
928
826
1966
941
966
2094
1986
2011
1460
2122
1964
1924
875
1942
2070
2078
2049
2000
2046
873
869
2059
2080
1464
2009
1436
1488
1965
902
1963
934
2047
2028
1993
2084
2060
2047
912
892
1937
2027
2046
1970
1930
939
1914
927
1979
2004
921
1424
1980
1851
1968
2072
2048
1412
1413
1420
2045
1919
1960
1550
1897
887
896
954
1956
2005
919
1966
1945
2603
1513
1530
1471
861
1449
895
1552
2122
931
868
829
875
853
2098
2008
1974
1984
2098
2050
934
2041
1494
1894
1883
1460
1998
2049
2097
2108
2014
1978
1532
1495
1443
1413
1408
1461
1949
1936
2041
978
1945
849
945
837
2194
1562
2541
1985
2097
1943
1947
904
947
1413
884
777
1978
2116
2047
955
1983
833
1463
1562
2101
1567
856
873
2136
2013
2040
962
1430
819
856
1476
946
904
2044
1462
1479
1560
935
982
2007
1834
839
926
1998
2043
1006
1963
859
844
1466
2312
2014
1579
834
940
1459
2037
2146
961
2031
1985
2002
1415
1490
2015
1874
1960
1962
2069
2010
917
2107
1918
1886
858
1950
1996
2095
1487
932
1861
1529
1504
1963
1950
2035
1449
2028
2277
935
2117
1984
2011
1991
2003
964
894
2027
1413
1491
1511
2114
963
917
879
1955
1829
1967
2046
2083
2118
2003
2086
1471
1504
1940
1894
1962
1935
2072
962
2151
933
2017
1932
869
1933
1952
2017
2031
1409
1548
1974
1952
951
1968
1941
2009
843
2095
920
963
961
1952
829
1504
2026
1910
1926
870
864
1502
966
2035
998
1977
822
849
853
951
938
1947
1992
2047
1938
2053
1036
2053
2016
896
921
945
901
2113
2018
918
1394
1506
1498
1997
1906
904
2038
1944
1943
1525
914
1940
2033
1965
1997
1898
2058
2030
1864
1519
2029
2002
2185
916
2006
1902
1909
2003
939
953
1987
876
835
1961
1939
2063
1448
2020
863
2087
975
1978
1996
1934
1954
1870
2027
918
965
1950
1434
1450
1530
2109
2086
2109
1904
901
1891
932
896
951
931
871
894
1903
1479
1903
1944
1875
875
894
2120
931
926
1981
1921
1406
2013
982
2047
2021
1925
1453
1952
1950
1964
2057
1864
1413
863
1973
920
981
969
876
2082
1476
2069
2110
2045
855
1916
1975
950
1982
1978
2050
1949
887
883
2139
889
1442
1477
1472
2157
961
1536
940
2044
944
1421
1960
1510
2020
2171
2061
1980
2053
1527
1532
851
832
889
911
1958
950
936
865
1854
2063
1998
2084
2062
2449
1900
1980
1998
1943
969
1977
2069
868
1862
955
929
2049
982
2009
1873
2673
1511
2057
1352
798
865
895
2046
991
951
932
839
873
855
932
2093
2013
1410
1510
2631
2003
2072
982
843
2100
848
1925
2066
1509
947
1870
1954
1491
2009
1969
2103
805
873
1998
924
2059
2052
837
1440
1942
2079
1995
950
1901
1432
1921
2083
965
2029
2005
1931
1857
2095
1040
915
1965
970
864
1238
2099
1559
2032
917
1960
2011
918
2095
1503
2103
1929
2058
1856
1991
900
921
1367
1980
1448
1444
934
1004
2006
947
887
1977
2176
918
2044
2033
1898
1847
1981
2002
2178
1991
1988
896
2027
1920
2055
1476
1935
1949
1941
852
1980
956
1566
1918
1940
1966
2016
1943
1484
1996
1999
1980
954
2249
910
920
2110
1892
1947
2050
2179
1380
857
873
902
946
2058
875
907
821
863
868
941
943
1999
2076
1459
2046
2037
1496
2018
1879
1882
2076
2005
2085
2095
2057
1916
862
1433
1532
1445
1564
913
1909
2079
924
2107
2069
2004
1848
1948
1875
2019
2104
2070
1951
1464
2079
1970
954
1918
1394
828
1945
1997
2053
2082
2021
1445
880
1487
1533
1523
1421
864
855
874
964
998
894
873
1877
1932
854
2023
1942
1898
1854
1961
986
954
944
2224
844
840
1957
2077
952
2106
2050
2011
870
1507
2104
1484
851
1992
1968
1989
1482
2013
957
1882
1451
1892
1907
946
1985
2445
1864
2075
2034
947
953
1998
864
922
855
946
2029
939
2121
944
1863
2079
1553
1969
1903
1977
2021
2011
946
971
977
1969
849
1484
869
930
1953
1369
1432
1618
1927
1982
942
1960
1951
1995
1970
2226
1997
2051
903
887
905
1550
1497
1510
1897
2000
2075
911
2053
969
2064
1964
879
1854
1841
1961
1978
1424
2058
2053
1609
2062
1979
939
2131
1466
838
1951
2000
2037
2129
1445
832
1490
1681
1529
1883
837
889
938
974
967
942
911
1840
1910
910
2052
2045
1373
1411
1989
2008
2087
1941
916
1864
1904
882
984
1964
2102
925
1993
2037
1470
1522
1521
850
1850
1962
1975
2089
2062
953
1956
843
1987
1865
2009
922
1913
1947
1918
1928
2032
1513
927
1973
844
861
928
925
2060
957
2128
851
2696
1908
1501
1915
885
1881
2001
2019
2017
2147
2017
894
826
912
2093
930
1464
1433
2040
1472
2065
1958
1925
889
1858
876
2129
962
2039
1996
950
1968
2035
1616
2043
2001
871
1866
964
925
2063
941
2050
1959
1928
899
1926
1997
1425
1367
2075
2093
1004
2007
1850
1941
1963
1968
909
957
2022
2148
1960
866
2077
2133
1490
1881
901
941
969
1920
1906
963
2079
1940
904
1976
903
2032
2065
1973
2135
2027
2115
2064
907
828
1378
2073
1942
984
2094
948
912
840
1992
2071
2041
1479
2093
1940
963
2241
926
912
917
889
865
904
898
2144
1402
1407
1561
1938
958
911
915
1935
1900
840
1902
949
2049
1992
913
2005
2089
2054
1911
1344
1905
858
972
1465
1961
942
957
854
863
858
1976
2077
2001
1492
2048
2000
2094
1900
916
1885
835
2037
915
2167
2039
939
2041
2020
1518
2084
1965
1966
854
1848
983
869
1934
2072
2108
2011
1916
878
1940
1947
1394
1566
1586
2005
2078
991
2028
1868
1823
1946
1985
938
954
2036
1449
878
2091
2001
1857
1881
1994
844
2025
1997
917
965
926
1982
1895
1892
1937
1570
1990
1378
1978
2077
2114
2015
1995
1999
1849
1961
913
2010
2105
2055
863
1892
1554
1490
1925
1391
1911
1942
1556
1929
2039
2042
1458
888
1470
2011
920
961
2161
1381
1496
1583
1375
899
1535
779
1906
1895
885
2009
937
1951
1930
2092
2177
1500
1965
1398
2041
1442
928
916
1898
2072
894
876
1443
2055
2125
976
2096
1394
2154
1953
979
920
1880
1856
1906
1938
2034
2134
1486
1492
2126
2011
1977
1990
1456
2014
906
868
982
2068
1947
1981
866
1982
1913
863
1942
1537
1409
1405
2111
931
957
2050
868
864
871
1976
935
965
948
2129
901
889
1619
2064
1493
2065
1927
801
1977
1951
1889
1969
920
866
859
881
940
977
1981
1386
1503
1495
935
919
2037
1937
1843
865
1941
2149
2011
2159
979
2032
1575
2077
1454
2270
1907
904
1953
927
905
1944
1915
1955
875
2005
861
1495
2015
1392
2085
2126
2027
961
1888
1867
881
878
848
2106
1934
928
1947
2032
2020
2162
2108
2013
829
1860
2027
1975
910
1972
2048
856
2013
881
1491
906
2628
1927
1504
2078
2040
928
1993
947
1942
1856
1890
2007
1965
2137
2147
1971
1586
2075
1998
1861
1425
1885
918
973
899
2096
913
2082
1974
877
2046
2048
1952
1368
1554
1467
1983
937
920
2006
1486
1998
1995
944
2094
2094
1502
854
1581
2113
2054
1943
1948
1870
1975
2026
917
2152
2018
858
1992
947
908
2153
1409
1994
2096
2039
893
2036
1998
1932
1871
874
1924
1007
1928
989
1940
1904
1488
1992
1917
1372
1956
2025
2092
968
2055
962
2093
897
1903
2005
1983
951
2021
2066
1528
935
934
1990
1868
803
2037
1965
2012
2063
1949
1971
1923
839
2040
1998
2122
1381
1969
2032
2011
1891
899
2136
1998
887
871
1010
2085
2063
1425
2016
1985
1438
1980
1960
1947
852
835
872
901
1983
2053
959
906
885
2119
1474
2072
1964
2009
844
2133
958
920
951
956
1877
1881
2035
2010
904
2005
1894
1939
2031
2171
2159
1966
2119
1950
2186
923
2213
966
1453
1996
882
1970
1963
2070
1985
2245
2018
2089
1940
910
1523
912
1945
856
1837
947
956
1433
1839
1745
1882
941
2037
2037
1980
1870
1902
2065
2086
2095
1998
929
873
2012
1521
1898
1835
864
2016
2042
927
1975
2051
904
1958
859
882
903
899
2637
1371
1535
1460
950
2161
842
882
1828
865
1473
873
1987
946
1965
1904
1482
2037
2086
1983
855
1895
1980
880
1935
959
1961
886
838
876
2010
2093
2042
1428
2047
1972
1947
1929
2168
928
1979
873
2089
2073
939
1041
892
2011
1518
1505
2189
1953
1962
843
1989
1516
919
1996
1987
2003
2049
1937
1030
2159
1426
1908
1549
920
1966
2107
2200
852
1980
1995
913
2004
1972
2047
882
2155
1511
1487
1529
1929
1977
2025
1993
1901
884
1979
2120
2082
1420
1434
947
2060
2210
1372
2109
2048
1552
2029
939
2080
824
1899
2026
2109
2023
2155
1328
1841
2708
1506
1473
1952
832
1523
2034
952
1965
1957
942
1938
1881
875
1878
917
2053
1427
1545
1517
999
2052
2002
877
1972
842
1615
2093
963
965
857
2011
1750
1960
1917
1941
880
1977
2046
925
2029
2112
969
1951
1945
1871
1451
1949
2084
1934
2115
1588
2054
2073
955
869
1881
855
1962
2141
1961
2131
1956
1866
2102
2141
1979
1338
827
851
2104
876
1957
1981
887
1905
1942
930
2018
1994
1477
1471
1563
967
900
925
889
1885
840
854
959
940
2098
1033
896
871
2160
1668
1458
826
1974
868
2050
2109
1929
967
1981
1929
874
1847
1942
983
2518
2131
2021
2043
2017
1934
2065
866
2022
1970
2129
2095
2042
4127
894
863
1615
1987
1919
1346
857
835
1914
966
929
1583
941
1889
1812
883
2008
2034
1514
2010
2023
2091
1997
935
1914
1862
1993
1924
2050
2021
2027
1997
1947
865
1977
1488
1448
1521
1930
1923
2121
2095
1962
1012
1951
1899
869
2003
2275
967
2647
1927
1520
2181
2052
1004
1991
851
1914
1870
1898
2045
1968
2052
2064
1940
2086
2174
1905
1938
2198
2012
2029
926
1998
1941
1986
1872
875
1915
1908
917
2150
1405
1569
1497
1000
2090
1470
903
1357
1443
2004
926
1476
2075
965
877
1613
1996
1478
2117
1848
1972
940
1950
1984
1707
2024
1994
865
878
1985
2112
2095
1425
1942
2051
2029
915
1972
2070
1949
1954
885
1999
961
1971
951
1915
1977
905
1896
1888
868
853
1996
2088
1986
1586
2069
2008
936
862
2000
2075
2712
1820
1578
1932
991
2015
2003
1948
1897
1916
1938
2080
2066
2034
1460
1983
1910
1859
1515
1972
980
949
892
1884
1963
1918
2118
2111
2031
2032
1884
1367
1477
1537
2040
2071
850
2050
2115
933
2051
971
898
1944
1929
1859
992
1965
2643
1455
1465
1555
2120
2105
1954
900
1493
1423
2034
2000
1004
880
2026
836
1622
2840
1497
1961
1911
856
908
1956
975
2017
1925
825
2063
862
2047
956
1430
2177
1474
1546
2089
1985
1980
851
2076
848
907
948
1932
964
2015
864
1515
1506
1992
1398
1860
878
1990
1967
1932
911
1865
1413
1836
857
961
2022
1432
1456
1483
1528
959
2107
906
867
2063
1989
986
1967
1951
2115
870
1962
1983
1955
1483
2040
875
1896
881
915
1941
967
2028
898
1948
1994
932
921
1896
1463
1909
2056
926
2136
914
2041
841
1694
932
923
2085
917
903
1959
1462
2079
1673
1410
2025
863
895
1554
910
940
863
1946
1887
833
1977
2024
1379
1394
1512
1973
1970
920
927
887
2181
1996
952
1482
973
906
892
1946
2130
1908
1485
1427
1861
892
1903
975
2110
940
2005
858
1978
1956
1937
1478
1387
1966
1985
1949
2031
940
947
871
2101
813
1976
1869
943
957
2094
889
2105
1506
2036
1819
1895
1403
904
941
934
2043
1573
2051
893
826
1492
928
1984
2005
1441
2097
899
1940
1469
1994
1995
863
2031
2013
1980
2025
864
2038
1433
2041
1465
1993
945
2084
1440
1976
1972
1992
873
829
1901
820
2042
2015
1620
2022
1427
2024
908
1943
978
861
897
1867
2034
940
1472
2092
872
1902
1434
1528
2079
1411
853
864
1935
2003
927
1960
882
1924
872
836
1962
946
2724
1414
1471
2058
937
934
898
1454
2003
802
1951
2049
937
1998
1948
1905
2692
1500
2039
1440
1868
876
2126
986
2065
2145
2045
1949
870
836
2047
950
1998
2059
1491
1999
1968
955
973
854
869
1934
948
1522
2106
908
2017
864
1487
2110
1438
1906
1390
912
923
1965
1963
2026
907
1931
2017
1976
939
936
1363
1910
2052
1535
932
1479
2043
1942
861
1896
1505
1563
975
1487
1404
1215
1965
1639
1557
1917
860
2016
902
2037
963
2074
1407
1913
2007
1868
1017
969
1921
1401
1482
1947
918
2079
918
870
857
1867
995
979
1967
923
901
880
1947
1526
2093
1405
1987
1973
2011
1947
1982
938
1918
875
875
2036
937
907
1546
1960
2009
1526
2110
914
2080
861
1964
1995
955
2095
1954
1934
1976
860
1929
1580
1537
2245
892
1963
950
2078
980
2079
2032
1852
862
882
2026
1905
1930
1930
1470
2033
1493
1967
951
876
854
854
2018
900
910
2132
846
1947
1491
2046
1469
1437
955
863
919
1504
2000
1951
1877
826
2042
1984
2092
1460
1375
1438
2052
1916
2020
908
915
1587
1986
1957
928
2016
962
968
914
1914
1960
1996
1590
1901
862
1993
922
2055
960
2030
871
1966
2013
1930
951
1492
1958
1386
1422
1531
2009
942
1954
921
885
854
1991
893
2007
930
893
866
1963
1561
2106
845
858
1979
2032
1993
1976
941
1895
1869
841
841
1984
2035
1476
1510
1487
2091
2163
968
2021
1958
927
869
2008
862
970
927
860
796
1949
1944
1451
1450
834
1951
859
1941
1022
2108
884
971
2089
829
2145
946
1404
2058
1453
949
956
968
954
877
2096
851
1995
926
919
950
951
1997
1448
2043
2011
1412
878
1976
920
2016
964
923
857
1874
1882
2093
2012
1971
1411
2150
1454
2108
963
1961
868
954
882
860
990
1928
973
1474
922
896
1470
1507
1488
1840
1913
2037
2113
1943
1972
2062
859
1903
1431
1832
940
1992
2434
1949
1455
922
936
1963
938
1915
2002
2012
991
906
940
1455
1901
1386
1475
2689
1499
2025
2007
832
2008
965
963
937
2052
904
1956
1851
910
1916
1846
1911
1997
1551
942
942
2084
1969
2088
1870
937
1929
2134
947
877
1906
1443
1519
1505
1387
2022
1955
922
1014
1992
902
1872
885
1883
857
965
1951
1421
1867
1446
1467
2039
973
895
879
955
851
923
860
2061
2070
845
822
1447
1603
2072
1384
1923
1935
902
947
2002
1998
856
1914
857
1409
978
1982
2038
1954
1847
2077
2032
1605
2044
2000
2082
835
1015
2056
1552
1986
1949
855
1566
2029
1460
1847
1884
2033
2032
2105
2103
1488
1865
859
1935
1414
2091
965
1958
1403
1915
1582
1978
1980
937
829
2020
856
2112
888
1982
2001
869
844
1487
2079
2133
2034
2154
1428
2069
2125
957
1992
1982
1861
1895
937
2140
1924
1895
1409
1453
1532
941
934
1983
2136
922
842
1033
955
972
926
1438
1969
2049
1977
1986
1986
2021
1453
2016
936
1992
1454
2002
1958
2047
847
1039
1999
1389
1997
1941
986
1982
1501
1002
869
880
844
2164
1548
2008
2157
885
1864
1955
1594
1928
1869
851
1866
929
1933
2016
927
2014
1978
2060
1893
1000
2037
1412
1445
1477
1953
1918
917
860
1899
1511
843
1517
955
946
1980
1966
861
1472
1533
1892
846
2141
901
1978
932
961
2050
898
1916
848
841
1942
914
1385
1423
1480
1524
965
965
1982
1867
813
942
913
1980
933
2168
2038
832
1956
2099
1482
2006
849
1410
897
2146
2038
2075
2018
1943
1941
852
1970
2102
1917
1398
1482
1994
2027
992
1538
862
892
901
926
956
2060
2181
2083
836
1948
2010
2018
1867
1827
878
1938
1509
1987
1476
2000
1952
2029
809
961
2023
2494
827
2012
954
2061
1906
951
879
846
1884
2036
2015
2164
923
1968
1416
1966
1510
1979
1893
821
1928
930
1954
2004
979
2038
1929
2018
829
924
930
1439
2531
1982
919
1966
2032
906
879
1938
833
974
934
1485
1017
1922
1887
1450
2035
1903
1359
1954
876
2036
986
967
2070
2003
901
1450
1835
932
871
1924
1372
1575
882
1925
1998
892
875
853
856
2065
1512
2086
2017
930
909
2042
1917
1508
1995
877
904
2005
2247
1910
924
914
1918
828
1914
1985
1528
2090
2030
2084
2294
970
2013
1926
1425
1998
868
1927
935
912
1503
893
1947
1514
2090
1417
1975
2056
1994
913
1456
1940
1965
1972
874
866
816
1998
2047
1394
1943
1530
1938
951
2114
896
892
1544
1965
921
2214
921
2080
967
1861
1903
1490
1453
1286
1997
822
934
2099
905
1051
2080
2005
2031
1902
1929
960
1962
1376
1540
1562
2096
2042
2053
1449
826
846
1430
2015
907
965
933
1881
1521
1503
2042
873
1919
890
950
932
2045
2070
2104
1867
842
1381
921
958
1931
1423
1520
1474
1986
1958
1987
868
1991
839
1945
922
937
2102
2025
1453
2086
1467
1475
800
851
856
2177
2053
1962
919
955
1867
840
1893
2003
949
2595
1987
1524
2083
913
2032
1892
882
859
2068
2075
939
931
937
939
1945
1489
2132
1447
1953
834
1983
959
934
1901
1948
1967
895
848
2003
1981
958
1474
1380
1500
1904
989
2083
913
835
851
1961
1389
906
2061
1985
1943
837
2719
2040
1496
1367
1968
899
912
2054
897
1949
1924
1928
1418
881
2084
1540
2067
1392
1993
1987
950
920
1413
849
1366
1907
2039
960
2043
954
1573
1989
1537
2053
1424
1543
846
814
1933
1972
1947
921
893
881
1877
1944
918
995
1482
1950
2111
1469
1926
927
1970
1367
842
824
2095
2028
934
2110
1490
838
1573
1502
1455
1354
1889
901
919
934
869
2029
918
856
2031
879
1463
2020
1375
1961
2082
965
963
2130
922
812
1884
1946
2062
2117
1468
909
1455
1905
2187
1463
1452
1884
826
1939
966
2111
893
932
995
886
1939
1972
2069
979
1527
1419
1664
1949
914
887
891
1919
1799
1949
969
2079
933
2024
932
889
1944
2122
1490
1999
881
832
934
952
922
2199
2145
841
1553
1873
904
1953
1967
1375
2086
1461
949
943
2013
1432
2006
1889
916
1955
916
1940
2014
869
1589
1486
1961
1891
916
1894
927
932
1992
902
2189
828
874
1959
2066
1945
1393
1409
1532
1995
2013
882
1905
859
1909
866
2065
991
951
954
1937
873
1982
1455
2058
1399
1988
1944
916
923
897
1953
898
878
2013
848
921
1970
2075
1982
2037
1437
978
2056
951
862
846
2083
1943
2039
881
1541
989
1893
2063
1962
1449
1837
1449
823
2014
1009
1885
881
2193
896
1969
1996
1986
981
1494
1367
1511
1982
980
904
892
1894
1857
1915
872
2042
910
2031
1966
862
1978
2107
1446
2000
1435
849
974
947
890
2100
2035
827
826
1905
982
1953
1561
1855
1517
1974
2104
959
2011
827
2002
1871
906
1487
931
2052
2154
874
1487
1556
1448
2045
1911
850
2014
934
2109
884
1930
1998
822
1624
2015
2074
1974
1397
1538
1515
1961
1999
870
1943
861
2033
897
2169
969
974
904
2039
1715
1733
2018
1431
1885
793
2014
2093
2029
1971
915
1902
805
1924
899
943
1413
1393
2028
1422
1602
922
1479
2002
852
887
2065
2146
868
2076
2251
1402
1519
1540
1884
1327
1890
1925
1542
1983
2120
977
991
892
2027
1911
1972
1524
1437
1880
2280
1446
2057
912
2029
849
1867
1886
886
945
903
1942
966
2051
1470
1499
2106
1369
2079
1984
2077
945
1962
936
1942
872
846
1878
884
932
2603
1975
1526
1913
891
966
1899
1999
1952
882
1479
971
945
942
948
905
2685
1574
1565
842
1934
1856
2235
943
1971
940
880
872
1366
847
936
2010
2538
1410
1616
943
2088
2114
852
834
884
1856
1981
1966
912
2210
946
1921
2083
1464
2089
1902
2196
835
940
900
935
956
2042
2010
1963
869
1980
961
2005
1389
1540
1477
972
1995
900
841
814
879
2002
890
2128
2061
863
1965
2115
2172
1437
1356
876
813
2193
948
1960
2001
889
1855
1930
1871
900
927
1433
1541
2153
2031
2028
950
1436
2006
1828
1921
1962
917
1908
1013
2013
1409
1676
1750
1487
1366
1957
839
2050
900
2054
965
892
1863
1890
1997
932
2115
1447
1965
1565
901
2170
1515
889
1855
1870
898
1977
1482
932
977
2236
1956
2066
1491
1499
1985
852
875
2082
925
899
935
2034
1980
1922
883
1958
939
1948
1383
1467
1931
1937
883
864
840
1990
2020
2043
957
2043
954
2173
1886
1741
1964
1432
1435
1931
1922
2090
1881
997
951
1950
846
1975
865
916
2133
1471
1973
1551
1424
1488
2125
885
902
1849
2048
909
2019
908
958
2129
2097
2113
1533
1462
1363
911
779
957
887
1924
963
868
812
1931
1451
1432
2063
1418
1978
1473
1457
1019
953
1433
856
2047
1934
1945
921
966
947
902
868
2020
2048
1452
1856
900
1876
2150
1650
1996
981
1947
1961
1873
1991
903
954
1986
1435
1511
2073
2088
1950
2076
798
2070
915
887
923
933
2104
869
848
1537
1478
2072
830
865
1835
1924
918
1899
2069
920
862
1879
1490
1945
957
2661
1884
1507
1998
1986
2208
879
847
1889
2064
1889
2104
946
1946
912
1934
1505
1469
1454
883
872
1852
954
2025
918
2054
906
859
1863
2063
871
2106
2629
1368
1595
2037
953
1003
1994
1850
1922
894
2051
920
914
2080
2009
1992
1647
1677
1472
1325
2061
1897
1746
869
880
2141
2032
1928
906
1939
918
950
1546
1407
1569
946
1947
1955
906
2008
2068
2066
2007
1531
2065
912
2059
866
2162
1498
1999
1284
872
1924
1945
1985
2043
2070
953
874
1856
834
1880
2105
2054
1385
1663
2059
968
2032
871
1932
810
1912
891
949
889
980
1982
903
1542
1944
2543
1347
2016
1961
2083
1508
1633
948
1979
869
1871
1987
1495
2021
2017
1582
1499
1415
1859
2022
2092
2018
935
966
1995
2134
2029
1867
2058
1489
1980
1425
1506
1985
2018
1533
2011
854
2070
863
942
2038
2031
2197
2055
878
2659
1497
1536
2081
2002
882
912
951
1996
1956
1918
1923
1924
800
2060
2029
2085
1402
2100
1676
1991
2035
2102
841
2043
863
960
905
913
2016
855
884
1489
1499
1519
2151
1840
946
1953
2032
2070
1968
1936
2045
1960
854
2134
949
1906
1895
1454
1521
1336
959
2035
1253
845
1898
955
951
2074
972
2035
807
1535
1549
1547
1922
1873
1894
2077
929
2046
2070
2038
883
1895
861
1072
1990
1886
2482
1970
2057
918
963
945
2028
848
1419
1512
2041
2031
2128
2038
1556
1469
1525
1466
1927
1896
1886
2066
2090
2073
970
1976
2024
830
1398
1487
2068
1351
1432
2099
2005
1963
1987
1963
881
881
2062
1541
956
1956
2096
2030
1964
1488
2098
1516
1980
1938
891
884
950
2058
1971
1898
883
1906
1900
968
1939
1340
1384
2097
1516
2059
932
1947
1882
1963
829
1946
880
971
970
2012
1421
1968
1544
1521
1935
1835
867
1908
946
1509
1995
1918
2023
2050
2026
952
921
1997
2018
1922
1524
1984
920
1989
1882
926
1956
1524
947
2050
2001
883
1999
1546
1547
1480
866
2005
1940
1878
2101
962
2067
2118
1924
855
1962
933
1974
1939
1862
1925
2096
2120
958
2023
869
1466
882
2060
2038
1932
2154
907
883
1980
1987
1484
1895
1899
1970
1927
1953
950
923
2014
837
1977
1951
923
974
1994
1502
1430
1531
2056
1969
2027
1927
1907
847
933
2052
2050
2131
1867
1962
2831
2066
2161
1987
1877
1938
920
1508
973
961
1956
1879
1995
1995
2121
2054
1473
1398
1451
2082
1966
986
1990
1982
2051
1918
943
903
1945
2041
1437
1856
2086
2102
2130
2109
1384
1913
1943
907
1495
938
1955
1409
875
1841
2046
932
1981
1988
2048
1537
939
1968
929
890
2032
1993
2092
2055
930
2139
894
867
1948
1948
1525
1366
838
1873
2028
965
974
928
2016
878
2029
2005
2163
965
1897
1455
1908
1999
2071
975
2042
856
1421
855
1921
948
1970
996
873
1964
1941
1512
1903
1989
873
854
2034
2019
2260
2015
890
1838
1841
1963
1616
1966
1407
1963
1945
916
1932
976
907
1922
863
2078
963
1492
975
1468
2060
1962
2051
2067
2030
1853
1886
1877
916
1978
999
1962
1989
2024
1946
2082
1951
894
1929
1545
1465
942
933
2033
1933
2040
1930
900
908
1905
1977
924
913
1849
1462
1970
2070
2002
1987
1962
902
2060
1943
1526
931
877
1896
838
964
2008
1349
1930
1934
2013
2032
1575
886
1921
959
876
1912
2013
2082
2115
874
1980
1448
2046
1960
1385
1910
1881
1954
1996
943
2099
1949
913
882
1427
929
926
2616
1391
2023
2060
2010
2017
2079
917
2013
1391
948
1546
2001
943
1894
913
1953
1966
1910
886
854
1991
2018
2127
2071
2061
908
1875
1885
2070
976
1972
1402
1995
2002
1541
1990
938
924
1861
859
1987
949
947
1531
1476
1976
848
1575
1527
2635
1940
2001
831
1954
1977
967
2099
1921
1944
850
1962
989
914
2591
1410
2101
2106
944
2212
2012
1870
1959
872
2034
1001
2073
950
2136
854
1479
1528
1529
1361
898
1994
2142
954
1983
1504
913
862
886
1918
1984
1940
1958
1441
2185
2083
1255
916
1899
876
1988
1978
966
2044
1019
1972
885
1495
1461
1958
2030
1957
863
878
2120
2103
2095
2000
864
887
859
823
957
1976
2422
1871
1978
2056
2106
949
2065
2001
884
2037
2148
1957
1957
2034
884
1885
1469
2010
1991
1977
856
850
2213
968
2036
1889
930
841
1884
858
967
2043
1369
1576
1475
926
1912
941
926
1961
1960
853
2008
972
980
2077
2024
2005
1447
1511
1443
1997
1974
2022
951
2141
2052
1970
1936
1948
889
1417
945
925
1355
2014
2082
2070
2273
1992
2003
1898
848
2018
919
2089
925
2005
887
922
2160
1954
2004
1434
1876
928
936
950
959
2125
1945
1969
888
839
2177
2017
1899
1988
1936
1555
1982
945
2075
2111
885
1969
962
942
949
962
2004
2122
2012
1577
1508
1957
1871
1880
2100
992
971
893
913
1516
1908
1882
2088
2064
1998
1411
1482
2116
1898
964
1993
1944
2024
2027
1993
922
1964
850
2068
830
1495
1971
2041
1365
885
1976
941
2133
1982
1985
1936
901
874
1869
938
1987
2551
1407
1425
2145
2085
915
1968
846
921
839
2116
2008
2074
2073
2094
849
1449
1982
1970
1895
1840
1461
895
952
909
877
1955
1903
2021
1854
941
1996
2011
1477
2057
2071
1987
2060
2061
894
2037
1993
1933
1919
1999
905
1902
2153
1472
2693
2049
1409
851
1917
884
974
954
959
1917
853
882
2056
2339
2013
1610
1410
1483
2098
1914
1958
904
884
864
1861
2019
2076
2103
2046
1903
1885
1935
1680
1515
1400
1395
882
2070
931
933
944
2061
834
1948
1878
1939
2051
1398
1976
1544
1592
917
1498
1971
1415
901
885
957
937
1507
1927
2038
817
2128
1492
1475
1379
832
1955
1975
2046
2115
960
1875
1828
1846
1961
975
1936
1362
1937
1933
1582
2075
929
2043
1466
889
852
1553
2053
2105
2066
1929
858
1879
1933
1954
1962
853
864
897
968
947
1963
2006
1968
882
2060
1983
923
1952
1916
1467
2143
2122
2018
1992
1878
1977
1386
2049
2044
2007
941
900
1422
1969
1495
1975
1915
1938
1970
919
954
2034
1723
905
856
2037
1863
1955
938
1380
1417
2045
1547
905
1585
2035
1981
1983
1871
947
1990
953
1965
1869
813
2614
2000
2034
2109
1980
889
911
914
956
879
1879
1953
1991
875
2043
2027
1942
1947
1517
1983
945
2005
876
1984
848
906
955
942
951
1903
2005
838
2072
1496
1476
1356
2007
2015
1979
951
914
1967
1909
1928
1884
1951
912
950
2555
2061
1546
1923
2085
949
1974
851
826
885
2084
2073
932
942
981
1980
1990
1507
1479
1446
1888
1973
955
2001
2028
956
960
853
1859
1465
901
993
2015
2042
2117
1903
2180
2099
967
861
1954
1980
2054
978
921
966
930
877
1994
1932
1466
1322
1883
1940
2090
1490
1935
2219
2105
846
1971
2032
2080
2094
1445
1484
1576
1991
953
1954
909
1907
1883
870
1878
1688
1934
1969
939
835
2058
2020
1463
1482
2015
1853
909
2063
2126
943
2094
2083
1889
1411
1871
2089
2041
1487
2083
933
906
906
2017
1931
843
1629
911
2090
2032
2146
1956
1885
1962
1962
1510
1953
1895
2047
920
2107
2005
2084
962
1962
1986
857
2100
2017
1927
1908
2056
2340
1979
1970
879
1972
855
2035
2029
2063
921
938
941
1991
2020
1531
1450
1323
864
1910
1928
908
1911
2004
886
868
900
2035
893
957
1408
1912
2029
2035
2238
2047
1927
1892
1880
899
2042
2256
2083
1585
901
2012
1607
2044
1923
1350
1888
1919
1980
927
1940
2121
2253
875
1975
2002
2046
2107
1415
1426
1999
1485
1995
1981
1859
847
1880
1996
1982
922
1459
950
2065
1950
1515
1496
1917
1408
2007
2028
2091
1499
2017
1990
1990
1421
1820
942
1981
2130
1410
1994
1554
2028
2045
926
2023
837
1995
1842
913
2047
1995
2067
2005
1890
2690
2126
1474
1953
1916
2008
922
2057
2033
2047
1007
2023
2014
1626
2088
1982
1395
1933
1995
1404
2180
2005
2146
816
2058
1895
897
1941
2101
2031
2030
887
2088
1959
1494
1881
1941
2033
915
2145
2069
1973
1531
1865
939
1948
1954
980
2668
1507
2092
2027
964
1959
1912
1879
1911
886
1928
2124
902
2168
1460
1977
2879
1503
2070
2002
2102
1485
2010
2020
1460
1942
1968
1402
2045
2000
2000
1952
2047
2026
1553
2079
2104
953
1926
1908
845
879
931
1928
1953
953
955
897
2047
2073
1510
1980
2008
889
900
897
2061
939
1507
883
1967
1959
2032
2044
1965
2057
2094
1996
1940
1919
1952
833
1880
897
1886
2102
940
2196
969
836
2645
1520
2132
1997
2064
830
1966
1998
1908
1977
935
826
1936
879
2005
924
1984
1988
1549
2045
964
1983
1965
873
826
882
1933
2112
1570
2078
2044
2053
1529
2063
1886
1345
1880
1831
951
1978
929
2038
943
1986
1945
872
2232
962
2117
1869
1616
1980
1030
2031
1916
846
2062
1998
1988
1545
2033
1940
2045
1913
1557
1959
2052
2024
840
2152
2075
2079
935
2076
1895
1428
1897
1502
1982
932
1892
1894
2029
2111
2048
1955
897
1823
1836
974
2092
2143
2105
920
957
875
2043
2012
1413
1537
864
1853
1952
1898
1932
964
1011
2089
831
1501
894
2033
2087
1998
2086
1916
2165
1999
1991
801
2017
1947
1912
944
1981
976
1968
1877
1513
1959
1853
1957
876
1932
2276
2074
940
2066
2174
1888
1922
1418
2004
1007
2026
1373
2044
2019
913
2037
913
2039
1920
1954
1920
2070
896
2117
2090
2052
2019
1949
1442
1400
1901
1881
940
1987
2014
1517
958
876
1874
1461
890
2041
1466
2028
2142
1962
2099
2025
1967
1866
1834
1982
971
2009
2087
2112
2064
2031
2148
1637
1909
814
1915
874
2047
1997
2218
944
2038
885
1999
1926
1948
963
1937
2013
2172
2038
2132
2081
881
1846
846
1852
913
1955
921
1991
910
2005
2126
2070
1439
2028
1951
834
2101
2129
910
1508
895
1992
808
1954
899
962
1438
1912
1556
1968
920
1904
1895
879
1887
869
1949
1924
964
2116
905
2164
2681
1482
1935
1984
853
884
2233
1997
870
931
1520
1922
1931
1909
1993
2042
1413
1928
2085
1961
974
1984
935
2006
1878
890
2039
955
2020
2065
2023
1952
1526
2800
1960
1888
1915
1916
2053
2053
2168
963
918
1962
2114
1877
2107
2017
1928
1519
2036
1945
1940
2056
1464
1965
1963
1998
2254
1919
950
2030
1919
876
2030
1991
2037
2036
1964
857
2077
1499
1878
2050
2029
1431
2030
1973
2017
2049
1930
1889
1941
1436
2086
2001
1968
844
2024
2060
892
2014
928
2032
2051
874
2079
1489
1878
2049
847
2003
956
2035
879
961
1982
847
1947
864
1471
978
1943
1400
2033
1986
2014
947
2039
856
2039
1960
2024
956
2227
2069
2198
901
1983
1488
1550
1888
957
1895
1947
946
1943
2016
2006
2150
2025
826
1992
1937
1922
1373
2084
1590
2136
1996
889
1905
853
2053
2025
974
2037
2080
1929
1918
1969
1490
1886
1883
1960
873
2107
2072
921
2030
898
1871
860
838
910
2018
1430
1907
1538
1515
926
2074
908
2031
819
1959
2062
1529
2030
1016
1900
1897
1524
2047
1456
1984
1903
849
1987
933
2086
941
885
860
2037
876
2000
903
1438
1392
2066
2084
1979
2031
1857
1928
1868
870
2040
942
2065
2053
1463
2020
1591
1465
1456
1372
2021
1849
1989
1497
2091
953
2145
1972
2055
913
2144
2097
1463
1429
1497
1975
975
1519
1899
1846
1965
2033
2025
2116
1951
1978
2086
1966
1542
2032
1924
1862
1974
1856
2106
2012
2070
868
2154
1887
1933
909
921
951
1946
1377
1954
2007
1983
927
1996
2050
1874
1898
1949
2073
947
2097
2196
1975
1552
1980
1860
1332
1880
855
1929
1957
1543
2106
2028
2007
826
2115
908
2016
1950
1426
2030
1514
939
946
1905
835
1979
2052
1990
979
1985
999
1892
1156
1546
2005
1455
1867
1901
842
1952
939
2063
2087
2004
936
1996
2021
911
2090
2073
1875
2028
2011
1001
1948
1945
1936
838
1954
903
2098
2070
1051
1951
1871
1490
2031
2028
1988
868
1987
2166
2018
1999
984
1959
1884
913
930
911
1944
1427
1473
1530
1929
1987
2039
1999
1874
1882
2009
897
2169
2008
1978
912
1894
1908
1843
1915
2018
2074
2065
1990
949
1984
1869
1949
1367
1972
957
1947
917
2646
2033
1954
835
2081
1920
1954
2048
2092
969
2042
885
830
1953
902
952
2083
1371
1987
1578
1970
1927
1938
818
1916
1964
877
908
2046
2136
1935
1865
1529
1534
2031
2004
1997
1889
1971
945
1478
938
2060
909
832
883
990
2038
1510
1466
1486
2028
2153
2077
1487
883
854
1921
2030
954
1993
2013
2008
1414
1505
1497
1930
1396
893
837
946
2007
1979
2213
2048
1947
2033
1996
919
1952
1374
1446
1552
1545
1931
1953
885
1835
1931
1943
903
2059
917
2096
2039
2140
1983
1644
2107
863
1942
824
1978
1901
1469
1980
1970
1952
829
892
897
936
1416
1413
2196
1976
2123
861
2050
874
1851
890
1900
2026
935
950
1994
1903
2100
1640
1476
785
1930
868
2107
1926
926
2106
1458
854
921
1956
2087
2048
2049
1455
2058
1450
2003
969
1852
2015
1954
2002
909
2038
1446
2073
1959
1870
1642
1672
1926
2029
1947
1941
2009
948
1880
1981
863
1446
846
1871
878
916
1422
1993
2010
2086
1956
927
889
1923
1810
1910
1982
2043
1923
955
896
1419
1985
1646
1479
870
2041
1944
2084
2138
2040
2077
1983
877
1870
885
863
1063
1488
1394
1959
1962
942
1981
2082
879
1963
869
2031
1899
937
1959
1998
819
2100
1973
1902
1368
1893
1897
941
2099
1342
1934
939
1981
863
887
935
2060
1987
1387
1652
889
961
1988
874
1954
875
870
1967
2206
1686
901
936
2050
1481
1985
1976
1348
1993
850
1942
1449
922
947
1969
1921
1937
2035
878
1535
2108
1957
1562
903
2099
951
2033
860
824
1913
918
1960
925
2077
2049
2003
1540
1997
1537
1893
1857
1892
950
1998
894
935
893
2023
1490
2051
2107
933
1956
1453
1975
2004
2017
961
2007
1960
1506
1992
895
954
976
972
935
1436
1958
2029
2077
1434
931
1372
2075
2034
2142
952
1918
1856
847
1924
941
2135
1549
1996
2106
2095
2086
1984
913
1876
855
881
899
2148
2102
2263
2035
901
1510
1974
1906
1311
1925
1859
955
961
1906
2315
2137
1994
815
2051
939
939
1466
1810
2037
1910
2036
1768
2244
919
849
871
1531
975
2064
958
927
1394
2086
2065
2054
1374
933
851
900
2031
895
940
1497
1996
1854
1817
1966
2089
1408
1450
2052
2206
986
1052
1989
2074
860
1915
928
1948
2014
2109
2092
925
2750
1492
1994
870
1950
1872
1976
2019
937
983
898
2048
1932
2013
971
2055
1393
1457
1555
2030
978
2044
1977
1880
865
1849
1953
1554
2012
966
893
874
1576
1563
1455
1362
2010
1902
2072
2013
910
2077
2015
2008
821
2091
1991
968
2480
1879
1518
1496
1402
2067
1525
1448
2028
2044
1462
2052
927
1531
872
1998
2753
980
1993
1933
1421
857
969
1996
2025
1615
2001
1910
1873
1898
1939
2058
1440
1457
1576
2039
950
919
905
1972
801
2026
2051
2122
2008
1987
2032
879
1961
1454
1433
1905
903
832
958
2001
2106
2112
2042
854
870
874
1919
2189
1413
1931
1541
1512
2044
921
2082
1400
1963
1993
1948
1949
1920
2084
888
1975
2246
2057
1592
2008
882
845
1032
2269
1927
1990
1490
868
1955
895
1460
917
1431
1993
1510
1490
920
941
967
874
838
906
898
2059
1974
1973
2019
2132
1550
1712
1925
826
2022
887
2332
2025
2061
1994
922
1418
842
897
951
2233
1527
1849
1965
1977
2079
2046
2006
1927
857
1892
945
1987
1500
2092
935
1953
1525
2001
2093
2010
876
1955
966
1935
1888
1920
1990
864
1964
2040
1962
956
2098
1433
2111
2068
912
2058
1982
890
1819
1944
1983
937
2061
955
2034
2024
1592
1914
1457
1942
1915
822
921
930
2002
965
2026
2040
1884
1902
908
1017
2057
1359
2127
876
1504
2080
1432
1909
806
1983
2185
2053
2017
1901
897
1843
1553
1551
1942
1964
1969
893
2118
904
867
968
2056
2121
2083
1901
1935
946
1403
1427
2092
1405
1537
870
937
2212
850
1432
1983
1979
1940
1987
1946
1896
2127
1504
1458
1992
897
1935
2085
1912
1967
945
906
1889
841
888
972
947
2480
1877
2021
2033
2123
2010
1926
832
849
939
921
1920
919
1536
1926
912
2076
1483
2669
1926
2084
1930
941
2083
2002
1955
1936
1864
846
886
1929
2051
1392
1999
2103
1451
2045
1539
897
824
1889
824
866
970
2002
2002
1931
1892
2003
1698
2518
843
1837
2050
976
2044
950
2065
2114
2044
864
1430
981
1958
1422
1639
1570
1995
2098
2115
1956
1847
2039
1946
2136
959
917
946
2055
2006
1536
1536
2032
1421
1948
1891
898
1936
1949
2127
905
2239
858
1884
2027
1622
2089
1408
2141
2082
1042
2196
901
2082
1991
893
1948
2092
1898
993
1973
878
1491
1640
2000
1367
872
2045
2057
1966
1915
1979
895
2075
2096
1952
909
2030
1506
1822
1945
1447
2013
2247
1971
2052
1904
