24009
7246
10551
7974
1527
1607
1603
6360
7522
7671
9110
2064
1607
1468
1507
7148
2001
7251
7258
2108
6261
1965
1585
6975
1962
6417
7349
1968
7234
2005
1675
7025
7305
2062
6714
2062
1490
6524
1960
6969
7407
6813
6931
1961
1566
6184
2092
6856
7393
7592
7747
2185
1531
1649
1486
6913
7339
7419
7739
2085
1447
1542
1674
1488
1534
7534
7845
6817
6964
1955
1655
1503
1561
7164
1994
6512
7540
1863
1450
1488
1532
6437
1941
6604
7234
1998
6720
2045
1476
6769
1995
7012
7144
2021
6541
6834
1958
6154
7232
1969
7107
2071
1432
1485
1537
6937
7433
2060
6990
2050
1522
1499
1492
7228
7734
7338
7170
2180
1462
1589
1556
6425
7749
7014
6761
2054
1481
1492
1537
1639
1509
6139
7613
7107
7271
2006
6829
2020
1438
6923
7589
7359
7624
2021
50834
2049
1522
7026
2213
6589
6742
2051
6522
1917
1422
7041
1916
6685
7783
2120
2185
7164
2021
6799
7102
1963
7301
1962
1786
1647
1529
7155
6598
2010
6528
1932
1602
1438
1455
6439
6630
7520
7155
1955
1580
1498
1487
7159
7594
7408
7365
7222
7646
2035
1566
1553
1539
7085
7300
6793
6854
1966
7057
2156
1467
6949
1906
7002
6900
1987
7250
2076
1691
6783
1981
6733
7431
1975
7084
2056
1504
7453
1746
1567
7460
1917
1507
7236
2092
6148
7180
7631
7484
2088
1545
6915
2088
6817
7558
7288
7209
2070
1487
1566
1452
7250
7115
6921
7509
1829
1593
1533
1501
6300
7194
6986
2045
1633
6496
2048
7665
7184
2077
6960
2039
1520
7016
2072
7012
7502
1996
6980
1937
1546
1501
1538
7055
7950
2182
6888
1939
1431
1627
1558
7262
6975
7384
2002
1578
1423
7273
7599
7479
7079
1983
6605
2003
1548
7230
7018
7007
6934
2041
6245
1983
1475
6892
1891
6834
7949
2074
6894
1997
1565
6930
2053
6905
7304
2557
6857
1984
7049
2072
1765
6452
2091
6185
6863
2022
7185
2043
1494
6975
1946
6290
7710
7171
7263
1929
1556
6583
2052
6841
7352
7470
7850
2038
1628
1468
1463
7090
7205
1976
1579
1546
1515
6770
7699
7419
7434
1976
6925
2060
1496
6810
2088
6853
7635
2078
6497
2023
1448
6519
1961
6677
6787
1921
7048
1863
1531
6241
1972
6549
1879
6619
7200
1975
6673
2076
1564
6854
2032
6926
7539
2069
7041
2017
1501
6895
2008
7182
7985
7736
6760
2026
1623
1554
1570
7138
7335
7725
7639
2056
1624
1446
6691
7149
7279
1960
1555
1510
1508
6421
1858
6343
7016
1937
6418
1980
1545
6290
2083
6802
7217
1939
6977
2036
1429
6839
1997
6901
7434
1999
6729
2081
1553
6989
2023
7029
2026
6622
7380
1956
6231
1948
1557
7098
2002
6159
7043
1949
7216
1935
1470
1716
1724
6511
7429
7199
7379
2094
1510
1517
1471
7053
7279
7934
7159
1972
1556
6164
1945
6762
7691
2547
1439
1463
1512
6849
2146
6849
7440
2038
7000
2151
1557
6665
2032
6825
7049
1985
6525
1906
1486
7086
2082
6285
7667
1971
6839
1943
1626
1666
1578
1591
6472
7112
8111
7202
2074
1498
1496
1485
6826
7410
7477
8490
2071
1550
1517
1625
7157
7878
7926
6844
1953
7053
1907
1476
6285
7314
7729
7662
2050
1696
6660
2156
6667
7121
2035
6981
1870
1590
6960
1913
7072
7078
2039
6236
2082
1543
6211
1937
6828
7539
2025
7000
2089
1448
1548
1519
6783
7308
7269
7755
7871
7256
2049
6159
1936
1666
7110
2008
6322
6736
1980
6924
1938
1512
6471
1887
6600
7214
1922
6760
2019
1578
6843
2042
6904
7206
2072
7173
2050
1463
6560
1873
7002
7237
1920
1580
7010
2064
6951
7446
7552
7739
2074
1479
1444
1482
6780
7329
7146
7142
1989
1551
1527
1511
6393
7498
6853
6542
1886
1464
1448
1562
6316
8092
7307
7414
7524
7619
2110
1592
1646
1458
6757
7460
7467
7594
2189
1526
1571
1509
6756
6761
7686
6777
1975
1465
1444
1528
6816
1993
7093
7652
2079
6874
2095
1549
6624
7133
1945
7182
2573
1672
6580
1950
6534
7592
1907
6990
1922
1450
6116
1954
6673
7459
7442
7549
2049
1529
6858
1976
6957
7659
7739
7825
2106
1492
1445
1422
1529
1514
6738
2596
6332
6803
1950
6858
1981
1605
6327
1936
7188
7057
2102
6759
1980
1454
6870
1995
6924
7654
2020
6718
2118
1490
6629
1987
6705
7329
2012
7125
1955
1492
6947
7629
7494
7773
1998
1536
1630
1465
7019
7489
7259
7004
1981
1484
1516
1517
7315
7727
6802
7443
1984
1514
1484
1425
6736
7158
7055
7444
1937
1449
1554
6728
7365
2078
6976
2042
1483
7139
2038
7066
7665
7735
7159
2181
1553
1517
1455
6851
6950
6866
7332
1932
1571
1456
1538
7361
7666
7440
7192
2076
1563
1485
1497
6631
6923
1904
6286
1961
1727
6376
1939
6415
7352
1881
6921
1907
1464
6887
1936
7401
7503
2107
6892
2069
1512
7890
2016
6885
7649
1955
6997
2002
1414
7427
2245
6096
1914
6411
7556
2519
6396
1950
1636
7047
1994
6401
7045
2029
6635
2052
1500
6807
1976
6791
7430
2033
7322
2032
6489
2042
1565
6344
7476
1950
6850
1978
1479
7102
7429
7424
7594
2018
1534
1570
1514
6824
7503
7387
8031
1997
1410
1505
1498
6673
2016
6439
7119
1991
6417
2002
1491
6063
1848
6480
7205
1916
7017
1905
6707
2235
1531
1536
1611
6793
7473
2088
6703
2086
1609
1530
1621
7063
7458
7718
7170
2067
1486
1445
1668
6877
7630
6977
7361
2017
1550
1555
1643
7122
7430
7284
7136
1944
1541
6671
2005
6397
6853
1989
6558
1947
1461
6446
1924
7135
7487
1928
6812
2063
1550
7162
2064
6849
7356
2070
7024
1989
1581
6798
1975
7011
7916
2130
7188
2063
6236
2067
1493
6183
1986
6477
6654
2037
6325
1956
1556
7215
2004
6484
7395
2103
7393
1994
1420
6946
2019
7034
2314
7408
8046
2038
1531
7129
2032
6793
7252
1864
1662
1558
1577
7235
7535
7547
7445
1992
1453
1503
1696
7216
7633
7184
7284
2093
6757
2020
1496
6367
1945
6253
6804
1939
6777
1903
1447
6412
1951
6472
7339
2003
6646
7517
1955
1488
12999
2059
7059
2133
6952
7659
2209
1590
1523
1533
7242
2064
7332
6919
1908
1561
1569
1567
1517
1568
6265
6821
1927
1551
1558
1536
6750
7994
7605
7499
1985
1587
6534
2168
6664
7531
7591
6761
1937
1525
6513
2055
7002
6879
7371
7583
2133
1515
7058
2079
6933
2125
7701
7305
1974
1523
7051
2081
1520
1487
7242
7265
2064
7006
2013
7240
2172
1553
6626
6913
6951
6864
1953
6594
1970
1593
1448
6671
7165
7452
2041
7145
2029
1543
1546
6585
7155
6862
1960
6311
1871
1486
6974
7691
2125
1614
1464
1474
1490
1550
7150
7521
2079
6965
2051
1585
1497
1426
7131
7479
2039
6967
1973
1603
1541
1470
6578
7036
1914
6443
1956
7021
1951
6272
1926
1619
6142
6747
7059
7319
2022
6694
2095
1447
7025
7468
7524
7592
2021
6955
2065
1519
6995
7302
7529
7133
6764
7258
1989
1534
7070
7648
7343
8084
1970
1459
1718
1649
7447
6937
2004
6273
1836
1432
1489
1508
6481
7532
2009
6887
2043
1575
1668
1611
6919
7125
1890
7150
1997
6898
2114
1559
6829
7482
2535
6739
7539
7659
2047
1569
1603
1541
7355
2135
6838
6788
1966
1475
1482
1497
6330
2134
6172
7014
7650
1964
1693
1506
7194
1998
7152
7291
7459
1946
1470
1613
7068
2087
6681
7894
1919
1393
6571
1910
6201
7222
7538
7374
2100
1527
6866
2147
6999
7669
7278
7253
2076
1503
6705
1987
7310
7849
7714
7463
1916
1521
6703
1956
7160
2027
6634
1964
1536
6634
1941
6637
7534
7617
7395
2058
1483
6944
2069
7688
7729
7982
6790
1965
6363
6866
1940
6782
7586
7676
7470
2012
6485
7748
1960
6308
7602
6858
6855
2046
1520
6754
7322
2181
6750
1959
7494
2061
1489
6799
7521
2006
6787
2101
6683
2042
1559
6800
7464
7071
6800
1847
7063
1892
1462
6345
7644
7104
6912
1949
7267
7190
7077
2050
1497
6635
2031
6717
7949
7904
7569
1846
1422
6657
1857
6769
1971
7225
7746
2077
1477
6750
1974
6969
2025
6807
7334
2174
1749
6926
2063
6476
7162
2053
7364
6845
1997
7105
6644
7704
7003
1890
7465
1931
1504
7019
7477
7450
7355
2026
6715
2061
1522
7028
7602
7103
7439
1962
6900
1922
1477
7055
7408
7770
2077
7769
7444
1994
6517
1954
1493
1461
1458
6609
7738
1943
6426
2000
1480
1442
1447
6408
1901
1605
6994
2056
1458
1467
1557
6812
2001
1478
6084
1963
1503
1536
1445
6700
7415
2023
1430
7270
2066
6728
2127
6723
7481
2075
1516
1475
1435
7057
2033
7073
7716
2151
1537
1480
1387
6770
1423
6531
7725
1910
1693
1547
1486
6883
1935
1462
1487
7068
7740
2038
6705
2112
901
1981
1435
6843
7078
2015
6923
2055
7007
2165
1528
6525
7137
1999
6484
1938
6703
1880
1425
6758
7693
2061
6832
2105
1474
6877
1996
6805
7409
2059
1418
1512
1664
6601
2081
6654
7067
2009
1403
1559
1504
6458
1967
7281
6924
1970
1523
1510
1417
1453
1402
6907
6544
1997
6355
1941
1452
7258
1934
1618
6816
7098
2059
6950
2036
7143
2438
1489
6802
7561
2004
7089
7838
8037
2047
1531
6915
6621
7549
7284
7739
7665
2100
1441
6600
7130
7794
7600
1977
1546
1405
1481
6879
6711
1927
6293
2013
1545
1416
1522
7145
7403
1997
6848
1914
1527
1535
1566
7140
7660
2078
6746
1980
1465
1574
1551
6708
7212
2026
7197
7729
7838
2578
1458
1483
1561
6203
1982
6288
7457
2001
1515
1435
1467
6930
1911
6318
6846
1970
1603
1497
1485
6701
1977
6702
7152
1981
6918
1988
1501
6986
2012
7584
7745
1941
1421
6331
7286
7207
7489
7595
7359
1963
1483
6887
7788
7506
7438
7079
7039
2095
1529
6384
1953
7050
1877
6331
7292
1816
1530
1384
1511
6386
1946
6705
1983
6879
7142
2021
1471
6898
2034
1506
1657
6966
7536
2097
1431
1446
1388
1515
1524
6843
7405
2091
1499
1486
1424
1598
1515
6927
7162
2085
1441
1405
1392
6199
6762
6872
7222
1959
1494
7136
2109
7019
7292
7072
7142
1977
1514
6321
1955
6406
6822
6980
6609
1943
1543
6078
1945
6619
7418
7443
7468
1975
1428
6764
1942
1474
1505
6744
7652
7729
6982
2142
6746
1963
1459
6189
6890
7366
7527
1858
6457
1905
1385
6412
2056
6857
7198
2022
6971
2037
1621
1412
1394
7186
7428
2065
6436
1966
1519
6422
6486
1870
1409
1445
1716
1455
1486
6851
7426
2270
1453
1417
1416
1416
1526
6995
7439
2079
6879
2056
6786
2025
1509
6740
7242
6996
7764
2034
7011
2198
7029
7251
2014
6729
2005
1407
1449
1426
6400
7639
2022
6810
1941
1506
1465
1453
8859
7515
1993
7024
2047
1542
1583
1574
6845
2000
7036
7612
1964
1516
1524
1524
7119
7087
2268
1480
7059
1887
7002
1900
6531
7278
1871
1477
7351
2082
7052
2039
6687
7812
1951
1463
6621
2034
7143
1967
6978
6885
1966
6215
1980
839
1485
1421
6884
2001
6084
7169
1928
1479
1466
7203
2105
1414
6826
7575
2682
6685
2057
6766
2075
1444
6719
7526
1976
7327
2040
6249
1886
1499
6399
6823
2030
7023
2005
1433
6909
1870
7420
7648
1934
1447
1526
1639
7505
2490
6846
7262
1926
1511
1517
1458
6824
2117
7387
8146
1968
1479
1426
1431
6854
1971
6077
7176
1954
1585
1643
7115
2043
1383
6951
2039
6808
7518
7322
7436
2222
1527
6800
1961
6389
7359
7602
7394
1859
1398
6253
1926
6227
6822
6958
7409
2014
9927
2010
1521
6763
7391
7255
7572
1971
1413
6890
7805
1989
6358
2046
7032
2031
1427
6175
7778
2521
6943
1919
7187
2040
1654
6775
2075
1535
6562
7152
7235
2014
1412
7047
1886
7094
6896
6846
1922
1511
6834
2041
1547
6309
7158
7592
2039
6822
7292
2025
1402
6727
2091
6663
2007
6817
7465
2043
1480
6324
2031
6053
1886
6157
7592
1955
1515
6842
1987
6295
7723
2001
7199
2167
1455
6717
7082
7326
7557
2207
6621
2045
1475
7368
7504
6739
7094
1957
7165
2054
1415
6797
7429
7569
7518
2132
6782
2072
1548
6518
7982
8097
1979
1430
1422
6920
1855
1385
1458
1485
7117
6651
7316
7494
7591
7495
7163
2007
1575
1456
1427
6829
1986
1487
1441
1427
6807
7461
7542
7683
7872
7092
2017
1423
6748
1964
1477
1642
965
1601
1407
6144
7032
7502
7745
7659
2032
6742
7105
2009
7241
1977
1522
1588
1427
1506
1451
6956
7437
7175
6805
6842
2036
6243
7342
1940
1427
1431
7094
7538
2096
7122
7232
1964
6609
2045
1619
1473
6956
7685
2337
6486
2093
1449
6177
6888
1951
6959
6869
2037
1453
1430
1444
1524
7031
7606
1990
7473
2022
1502
7404
7131
2256
1438
1447
1409
6707
7606
7228
2008
6479
7392
2145
6745
1946
1525
6683
7472
1995
1544
1488
1565
7861
2195
6762
1954
7040
7742
2041
6772
7758
7129
6989
1861
6923
7021
7368
7156
1841
1462
1522
1580
1491
1444
1433
6295
7722
7447
2166
1509
7399
7405
7452
8368
1469
1446
1483
1563
1486
1500
6883
7554
2035
6987
7002
7638
6799
6732
7166
1989
1514
1447
1477
1503
7067
2059
1525
6795
2630
6663
7062
7759
7608
6734
7694
1871
1576
1488
1473
1445
6987
1926
1515
6854
7281
7091
1864
1420
7206
2046
1570
6830
2068
7602
8275
7224
2073
912
6869
2047
6980
7109
2134
1490
6135
1874
1439
6225
6732
7362
7417
7745
1897
787
7152
2053
6721
7429
2216
1471
7068
7638
7222
7222
1966
1506
1483
6963
1922
1432
6739
1918
6651
7616
2101
1496
6860
7395
6856
7395
2000
6887
2115
6662
2023
1514
7067
2054
6432
1979
1411
6474
7520
7211
1849
1506
1459
1535
6782
1919
1479
6430
6933
7312
7962
2023
1447
6934
7788
7529
2079
1518
6925
1997
7009
2539
1446
7035
7292
6742
6765
1904
892
6449
7325
1941
7016
2041
1530
7835
2082
1516
1408
6625
7072
7706
6911
1907
862
6428
7719
1971
7072
1967
1486
6921
7287
1962
1529
6816
7735
7439
2077
7277
2020
1483
1427
6713
1959
6785
7569
1939
7091
2027
6501
2126
6162
6942
1952
6226
7553
2029
1477
6901
1439
6623
6865
2049
6602
2005
7248
1945
1428
6711
7662
2028
1382
6581
2104
6559
2003
1633
6233
1979
6031
1990
1503
1464
6748
7746
8305
8178
2034
7296
1996
6674
2079
1490
7118
2042
6898
2057
1582
1549
6721
7016
2033
6973
7571
1901
1380
1407
6280
7322
6891
8002
1983
7517
7327
2099
1491
1576
1494
6870
7376
2107
6661
1996
6929
7642
2057
6994
2065
7143
7484
2050
1450
1458
1422
6255
6752
2060
1460
6707
1967
7079
8332
2063
6993
7152
7212
1981
1434
1405
1413
7019
7475
1938
1516
6566
1952
6238
6703
6624
1860
6669
7555
2130
1521
1484
6799
2076
7010
7425
7326
2027
6823
1991
1456
6929
2011
6389
2076
6661
1971
1474
7059
1977
1480
6271
6619
1927
6897
1960
1538
7316
1916
6399
1937
6694
7242
1968
1372
6751
7966
2153
7391
2086
7283
7699
2001
6647
1912
6696
7589
7591
2083
1427
1452
1390
6923
1995
6896
2054
6989
7272
2052
6580
1940
7142
7961
6778
1979
1653
6348
7336
7296
1968
6192
8025
7218
7032
2061
1497
1403
1433
1441
1596
1660
6762
7369
7522
7692
2073
7131
7915
7745
6650
1980
1488
1473
6172
1930
1475
1494
1403
1614
1410
6343
7279
7717
7846
7201
2080
887
846
1540
1487
6548
6975
1913
6897
1847
6136
6725
1887
6310
7706
7424
7244
1935
893
1466
1443
1554
1508
1674
7141
7559
7460
2176
1490
6712
7222
7529
7766
8034
7528
6991
6664
1902
1384
6897
1949
7011
7094
1936
1535
1435
1516
1526
7252
7311
8005
7238
7632
1967
1594
6698
2056
6566
7532
1925
1410
6678
7358
7502
7532
2067
1533
1490
6728
2040
1517
7050
2155
7062
8372
2069
1443
7030
7152
7742
7401
1910
1418
1571
6196
1930
1500
6215
1832
1546
1549
1556
6730
1905
1580
1376
1448
7221
7895
7730
7206
7472
7492
7276
2025
1434
1579
1499
9851
2081
1457
1472
1495
7174
7709
7264
2090
6848
6794
7615
7167
7599
7487
2015
1428
1447
1477
1514
6807
7916
6991
7742
7405
1921
1444
6394
1990
6524
1975
1444
6212
1903
1408
1498
1639
6268
7111
7467
8272
7431
7292
8004
2064
1489
1544
6748
7667
2087
6746
2117
1469
1464
1377
1443
1499
6706
6927
1934
7001
2032
904
6067
7305
7868
7783
7328
2002
1477
1525
1519
1529
6704
7339
1971
6966
2029
1436
6627
8148
1851
1549
1574
1447
6677
6486
7528
2016
6871
7524
2038
6890
1977
1436
6941
7414
1996
1450
1691
1516
6611
7238
7777
2081
6668
7656
2016
6997
1931
6923
7258
2104
1485
6271
1906
7132
1982
7441
1878
7385
7594
1985
1459
1657
1596
6894
7352
2047
11305
1776
7852
7620
2012
7074
2795
6214
6819
1918
1487
1557
1494
7193
7291
1858
1588
7199
2096
6949
7332
2046
6595
7895
7680
1997
1490
1440
1422
7146
6382
1880
1479
6339
2044
6980
7305
1959
6698
7842
7446
2026
1549
1524
6800
2010
6831
7988
7351
1993
6809
1996
1539
6847
2007
6790
1870
7206
1956
1574
6293
2169
6171
7509
7071
2034
6450
1973
1395
6823
2687
1548
1486
6675
1915
1408
1421
6603
7328
2104
7361
2083
7221
7377
1937
6743
1891
6937
7596
2132
1497
1445
6860
2014
6716
7566
7370
2011
6833
7422
2116
6663
2012
7287
1967
7020
2002
1567
7114
1971
1539
6254
6585
1896
6528
1871
6462
1856
6974
1904
1451
6797
7468
7436
7432
2201
1468
6916
2067
6909
1998
1460
7126
2036
6384
2249
1472
7053
7331
6786
7382
1905
1424
7131
7422
1965
6565
2050
1459
6504
2095
1530
1655
7343
7826
7808
7090
1902
1458
7215
7458
1928
6117
1899
1499
6766
2450
1449
1534
7082
7512
8484
2035
7621
2085
1486
1583
6698
1939
7037
7556
2008
6710
2032
6695
1954
6832
6741
1994
6825
1983
1613
1447
6880
1868
6720
7088
2054
6684
7112
7425
2181
1475
1416
6915
2071
1416
7426
2123
7226
1985
1504
6226
2095
6735
1902
1406
6672
7738
7506
2051
6868
1981
1512
1544
7024
2002
6725
7319
1969
6635
2207
7211
2065
6580
7435
1934
1482
7060
1914
1439
1409
1458
1512
6860
6635
7468
7734
1992
6713
8052
2020
1588
1501
6775
7472
2039
1522
1491
1501
7593
7680
7822
7841
7686
7375
6641
6788
7272
1942
1498
1393
7560
2143
891
6843
7206
7122
7075
6703
1942
1567
6968
1944
1422
1500
1436
1412
937
1393
1366
1673
7222
6841
7412
6807
2072
1515
6831
1952
1608
1425
7099
7549
2038
1416
1446
1514
1556
1536
1472
1391
6920
8062
2070
6760
2032
6841
7641
7872
2265
6155
1926
1410
1398
1508
1478
1427
7064
6629
1992
7062
1969
1403
6878
7764
1860
1416
1455
1496
6616
2010
1455
6550
8035
7298
7636
7788
2084
1510
7227
6778
2102
1476
1412
1378
6065
1867
1435
1441
6883
7672
2099
6995
7372
7832
2009
7037
7475
7538
7860
7654
1952
1623
1381
1492
6945
2611
1500
6962
7481
7357
1808
1413
6909
7814
8119
7091
2027
1487
1482
1466
1578
1446
1443
1420
1419
6919
7471
7466
2061
6787
7588
7806
2138
1451
1448
1521
6453
6808
1954
6453
6882
7279
7878
7602
7476
7818
7801
7648
1954
1511
1474
1388
7154
1844
1428
6385
6723
7449
1954
1498
6152
7109
7432
7487
7372
7358
8175
7385
2035
918
6965
2091
6466
2051
1508
1563
6652
1860
6356
6741
7492
6629
6934
6949
1944
806
6651
1875
6830
7378
2027
1486
7025
8205
8168
6901
1978
6052
7916
2088
1457
1462
6907
1991
6832
8142
2179
1454
7010
7423
7350
7262
2016
6554
7148
7670
2141
1398
6185
2077
6133
1923
1524
6641
6787
2172
7221
1950
6777
1871
6662
1944
1436
7004
8347
7382
7536
7575
1995
7211
7896
2327
1640
1476
6837
1909
6408
1934
1530
6491
7272
7712
7657
2122
1439
6722
7102
1928
6463
2002
1414
890
7078
8100
1917
6524
6772
7335
6521
1962
884
6922
7771
2173
7755
2045
1407
817
6941
2178
1481
6653
7169
7372
2585
7000
8058
7608
1854
6286
1945
7065
6845
1990
6168
1950
1551
1451
7247
7731
1912
7500
7270
1928
1448
6617
1980
6810
7872
2120
7279
2005
6391
1970
6004
1919
6813
7655
2007
6956
7413
7565
2064
1643
6885
2216
7164
2056
1409
6766
7906
7007
1931
7050
1981
6986
1969
6903
1969
6111
6932
1923
7211
1966
1439
6765
7178
7389
2078
6885
7503
2023
1455
6699
2042
7016
2114
6970
1982
7212
7547
1927
1507
1557
1476
1469
6967
1824
1391
7055
7271
7605
2005
7670
2023
6605
7105
1992
1492
1576
1542
6522
7776
1892
1577
6944
2146
6575
7735
6726
2160
1393
6080
1986
1502
1507
1501
6697
7448
2036
1523
6727
2193
6711
1959
6767
1987
6787
7425
1998
1439
1647
6962
2080
1413
1560
6487
2081
6712
1968
923
6169
2067
6371
7468
7460
1883
850
7224
1954
1486
7164
8106
2004
7659
2043
911
6894
2097
6956
2143
7241
2118
7421
2008
1565
6921
1941
1543
1401
6168
7135
1957
7286
2056
6908
7448
1996
1640
1469
6925
1952
6987
2046
6622
2177
6633
1972
1496
7180
2019
6633
6752
1975
1541
1529
6887
6843
6610
1979
6877
6902
7239
7136
2039
1555
1433
1414
6805
1944
1502
1477
6864
7575
2099
1509
11629
7647
7840
7752
2044
1428
1509
1549
1480
1429
1419
1498
6224
7039
7422
8164
1977
7282
2068
7196
2072
1588
1680
1463
6680
7092
1956
6703
6816
6915
7519
6791
7112
6663
7343
7812
2017
1476
1548
1573
6980
7542
2029
6625
7312
7515
2056
1719
7286
7842
7641
6937
6716
7528
7525
7737
2021
1484
7263
1992
6537
7269
1947
1397
6682
7472
7846
7001
7432
6647
7220
7596
2033
1431
6921
2135
6695
7662
2028
1575
7186
7442
7332
7154
2215
1651
2174
6672
1936
1449
1466
1407
7141
6709
2050
1609
6107
6669
7398
7715
8087
7071
7546
7482
2106
1473
6665
2137
1476
1415
1426
6772
2014
1503
1454
1593
6922
7585
7979
8921
1554
6259
7501
7299
1970
1602
7170
7583
2312
1541
1441
1484
6778
7142
7075
7576
7511
7071
7492
6641
1889
1444
1514
1502
6994
2035
1505
1458
6543
7434
7516
7404
1936
1547
6859
2005
1485
1417
1471
1454
1519
1491
1461
1508
7427
7477
7746
7922
2100
1390
6703
1877
829
848
6231
7406
2041
1485
1383
1520
1749
1520
1492
1432
6183
6685
1856
6435
1869
809
7347
7296
1926
1512
925
912
1509
1466
1529
1481
6823
7405
1959
7067
2037
1397
7402
7911
1883
1503
1693
1456
6444
2154
7247
1962
6734
7262
7242
7182
1973
1376
6776
7615
2012
1457
1517
2033
1388
1529
1668
1550
7010
7385
2106
7217
2019
7271
6748
1901
1380
6860
1857
6063
1909
6787
2076
6572
6744
2198
1480
1709
1571
6558
8185
2096
1498
7000
2029
7205
1999
6762
2068
6733
7242
1915
1492
1477
1440
6854
7002
2205
1615
6275
2015
6390
7718
1905
6772
1899
7075
2057
6907
2137
1548
7663
7229
1939
1523
6410
2013
6937
1981
6015
1930
7103
6997
1955
781
1369
7098
1934
6201
1940
6999
1938
7005
2162
1534
6599
2094
6577
2045
6646
2076
6967
7511
2018
1452
6739
7115
2023
7023
1874
1438
6569
1979
6477
2145
6949
1982
7020
6742
2001
7063
1952
6580
1922
6860
1965
1595
6993
2009
6962
8018
2190
1457
1404
7087
2029
7064
2075
6867
1926
6767
1980
1436
6923
2007
6620
7370
1948
1594
1474
6779
2040
1489
6980
7642
2148
7700
2040
6585
1960
7027
2043
1594
6189
6539
7532
7598
1907
1438
7319
7464
1889
6594
1908
6923
2081
7043
1989
1462
7099
7450
7168
7282
2049
1495
6844
6980
2034
6307
1838
1418
6443
2089
6412
2047
6854
2151
6882
7418
1974
1653
6732
7832
2003
7296
2029
6154
1962
7035
1917
1396
6413
7689
7710
1924
6892
8058
1862
1450
6736
2096
6805
7170
2039
6901
2088
6825
2101
7128
1966
1479
6949
6849
2037
1504
6340
1965
7125
7116
1963
6809
2009
7034
1921
7112
1929
1492
6377
2024
6676
1994
6696
2010
7023
7662
2148
7523
2055
1488
7188
7468
7634
1820
6642
1911
7091
2091
7470
2110
7403
7396
2110
6918
2018
1672
6921
8059
7188
2020
7003
1989
1489
6941
1907
1417
6959
1854
6064
6790
1892
1468
7044
1471
6334
7102
1921
6836
2000
1592
7172
7802
7532
7352
2064
1527
1482
7045
2091
7056
6986
2031
6273
1888
6398
7855
7571
1941
6899
2014
7049
8539
2061
6562
7072
2067
1535
1689
1606
6699
1883
6770
7607
7738
1955
1493
1515
1433
1412
7087
1967
6380
7376
1911
6838
7626
2135
7680
2051
6807
2027
1456
7616
1947
7076
2029
1460
6935
8082
6982
6955
1984
6384
2087
1437
1418
6276
6624
6582
6822
1967
1553
1473
1522
1507
1416
7285
1925
1448
6936
2083
6954
7682
2033
7623
2085
6395
1984
6987
7370
7315
7415
2046
1439
6651
2715
7575
7450
7782
7556
7478
2085
1508
7409
1994
6206
1885
6738
1920
6078
6651
1890
6947
7495
2136
6569
2067
1507
7457
7291
2193
7056
1973
1448
7097
7378
7352
7213
1971
1503
1512
1449
6710
7052
7679
2095
7354
1924
1547
7364
1930
6833
2082
1478
1406
7103
2032
6831
1994
1541
6886
2137
1554
7450
6933
7470
7411
1935
6435
1906
1418
1445
6564
6779
6838
7189
7172
2247
6685
2068
1406
6500
2008
1428
6655
2107
6853
2042
7026
7588
2106
6447
2117
6921
7631
1901
1410
1413
1457
6445
2073
6211
6535
6719
2151
1438
1454
1565
7030
7227
7406
7562
7882
8212
2086
7151
6495
2166
6949
2003
6687
7202
2040
6726
2026
7345
2010
1421
1542
1491
6830
7655
2060
6761
2102
1425
1384
1453
1533
6981
7752
2013
6284
1960
6871
7337
7208
1824
1442
1443
1534
1541
1496
7618
7816
6713
7079
7648
1985
1398
6949
1985
7236
7551
7277
7289
1930
6841
7882
2138
6995
1928
1480
6630
1916
6600
1992
6835
7374
7516
2132
1504
1498
1495
6940
7878
6811
6603
6541
6806
7777
1960
7666
1885
1406
7050
7315
7632
7266
2084
6616
2038
1520
1519
1493
1407
2121
1521
1480
1587
1432
1427
6778
7298
7756
1979
1471
1584
1486
7875
7258
2086
1393
1412
1404
7192
7821
2029
7140
2032
1438
6863
1930
6041
7462
1918
6290
7067
7226
7482
2037
1529
6957
2069
1510
6516
2037
1429
1395
1466
1504
7076
7399
7571
1939
1611
6823
1905
7042
7209
8048
7597
1958
6874
7508
7619
7829
2677
6448
7386
7355
7451
1977
1546
1429
6956
6946
6808
7261
7332
7709
1946
1421
1433
1639
1571
7300
7308
2077
6574
1967
1563
1402
1389
10650
2056
1457
6856
1982
7107
7628
1867
6352
1912
6467
2038
1498
1525
6875
7650
7529
7302
2018
1612
1411
1394
1508
1443
1463
6749
2037
6420
6675
1894
1419
1594
1487
6327
1951
6429
1882
7271
6781
6774
7603
7212
7205
8056
7231
7535
1977
1459
1484
6994
7532
7699
7757
1944
1513
7410
6954
6669
6608
1955
1434
6410
2022
7033
7301
1932
7737
1929
918
7122
2017
1954
1488
1464
7120
7409
2126
7069
7659
2061
6219
7231
7462
7376
7362
2045
1473
1474
7570
7715
2059
6757
1988
1516
1490
1487
6670
2017
1577
1402
1497
6585
2100
1465
1582
1472
6521
7279
1873
6043
7296
1926
6906
6791
1963
7011
2021
1488
7523
8046
1963
6938
1947
1457
7039
1993
7654
7398
2090
1497
1447
1436
7044
12902
7145
2061
7046
2537
7288
7685
7433
7620
2098
1509
1491
6784
2025
6802
7859
1981
6325
1895
1632
6788
7207
7420
6531
2005
7008
2107
1518
1505
1394
1457
6350
7684
7296
2124
6726
2100
1493
6765
1970
6713
7407
2157
7029
2068
7103
2160
1540
6378
2107
6294
7049
1889
1512
1473
1417
7041
1525
6257
6594
7436
1974
1464
2205
1477
7038
7082
8254
7528
7589
8065
2089
7007
6802
1972
6927
2136
6730
7356
2108
6754
2067
6672
2016
1467
1487
1427
6866
7963
2127
6793
2062
1452
1388
1692
6864
7141
7496
2033
6224
1983
7003
1871
6070
1813
1461
6897
1445
1515
6412
1913
7097
7978
1960
1461
7613
1992
7037
7779
2071
6722
7583
2015
6641
8316
6881
7092
1967
1475
1433
6422
1881
7039
1900
1641
1505
1556
6771
7311
7496
2071
6903
2013
6610
6947
2061
6230
6575
1832
1708
1602
1505
6424
1970
7215
7451
6769
7202
7215
2030
1414
1515
6581
2095
6526
8062
1960
6906
1997
791
7164
1950
6891
2075
6473
7499
1937
6356
1956
1476
7507
7387
6681
7398
1938
6370
1913
1443
1415
6650
7406
7594
7860
2122
1484
1452
1477
1483
1591
6845
2086
1485
7057
2016
6357
2014
1411
6198
2051
7572
2138
6779
7262
7248
7376
2005
1510
7060
2059
7494
7454
7010
7651
1957
1414
1483
7021
2011
7064
1956
1456
1372
1442
6848
6797
7129
6795
7068
7490
2020
1605
1675
1452
1436
7085
1959
7137
2041
1393
1447
1456
7032
1995
1438
6735
2006
6731
7498
2067
6569
2125
6979
2002
969
1413
6503
7771
7402
7335
7588
2155
1417
1506
870
949
1499
7604
1998
7490
7491
1924
1463
1542
1536
6788
2102
6813
7067
1844
6639
7645
7431
7394
7453
7410
7285
8144
2003
1421
1479
6736
7512
7344
7690
2097
1509
6307
7081
7755
7561
1951
1400
1402
1362
6155
6947
1942
7008
1943
1945
6565
1938
1484
1550
1556
6772
7402
2033
7973
7234
2058
7074
7571
7705
7217
1902
1428
1402
1487
7096
7996
2040
1576
1485
1581
1415
1486
6733
1641
1501
1429
1508
6799
1420
1458
1575
1523
6900
8352
7741
2069
1438
1464
1450
1425
1504
1481
6557
7662
7501
7243
1936
1438
7009
1925
6936
6999
7692
8191
1971
7046
7712
2002
7041
2125
1461
7526
1430
6639
1979
7441
6935
7754
1991
1511
1505
1544
1459
6874
6790
7712
8304
7367
8394
1993
7470
1915
1569
6513
7001
6895
6587
1955
6483
1981
1422
6460
1855
1472
1444
1640
1530
1531
1483
1591
6334
7578
7510
1874
1408
1493
1615
6757
7226
2549
1509
1525
1550
7383
7271
7506
7628
2051
904
6789
2081
6363
6825
1882
7069
7111
7575
6718
7441
2176
6301
1934
1469
6706
2026
1459
1498
1448
6865
7574
7879
8369
2028
2072
6374
7527
7521
7350
7469
2067
1542
7397
2048
6630
7365
1936
7200
7421
8068
7171
1994
1474
6410
1983
6848
7384
1952
1448
6120
1939
6957
1853
1411
6599
6760
2005
6619
7319
2049
1511
1472
7105
7812
7535
8210
7437
2035
2153
1519
7090
2179
7011
2278
1485
6344
1953
6482
1884
7169
1902
6884
2023
7173
7671
2080
7033
7269
2166
6945
6675
1962
6784
1884
6320
7145
6946
7058
7476
1856
1471
6887
7378
7329
7464
7356
7692
7525
7742
2095
6391
1949
7244
1896
6501
7562
1482
6130
1839
6901
7017
7906
7255
7742
1998
6965
2061
1521
7498
7287
6682
7639
7356
1979
7008
2096
1423
1433
1452
7570
2204
1516
6484
2034
1470
1494
1486
7928
2041
1522
1492
7180
2074
7000
7652
7227
2019
1387
1517
6910
6571
7347
6595
7518
6767
1949
7239
2052
6629
1982
6733
2025
7213
1951
1482
7349
7302
2210
6634
2053
6575
7268
1980
1446
7149
2050
1480
6913
7708
7597
1949
1515
1621
1435
1449
6764
7386
7518
2032
6802
1971
6497
6875
2014
6823
1949
6237
1948
6332
1901
7193
1943
1519
6305
2009
1546
6322
1973
1467
6772
1981
6846
2018
1467
1701
1510
1451
6695
7189
2068
1462
6701
1978
1492
1505
1548
1395
6831
2157
7044
2016
6824
2096
6382
7585
1953
7057
1921
1414
811
883
1416
6393
2021
6896
6617
2091
1417
1405
1481
1541
6489
1960
6257
8052
7547
7558
2034
7202
8489
2091
7184
7639
6894
7269
1907
6877
7212
7422
2020
1400
1473
1456
1482
6808
1989
7059
2016
1437
1460
2172
1521
1392
6767
2035
6743
1975
6623
2073
6204
2049
1519
1458
1456
1498
1380
1492
6952
7308
7267
6541
6836
2015
7079
1991
6507
7286
7672
7812
7381
7327
7306
1988
17468
2007
1454
1541
1482
7077
2191
6966
7167
7202
1979
1415
842
6849
1950
6859
7682
8343
2085
6461
7729
2001
6908
1524
6848
6768
2093
7332
7771
1905
6997
1915
6877
1951
1602
1460
1602
1480
862
1428
1536
1523
1486
7072
7382
2062
1399
1419
1387
1500
6699
8012
2124
1462
1438
6728
7609
2164
6689
7119
2126
6382
1933
6442
7092
2015
6195
7424
7502
6701
7119
1986
1403
1429
1582
1518
1458
1522
1501
1459
1356
6701
7364
7746
2091
1618
1543
7394
7945
7595
7601
7267
1910
6893
1991
6587
8222
1957
1481
6860
2056
6952
2051
6935
2145
6871
7211
6879
7494
6515
7408
7475
1978
1411
1520
1413
1512
6418
1944
6329
2503
1602
1501
1556
1453
1512
1519
6651
1967
6844
7605
7630
7424
2001
7320
1946
4485
6645
7440
7855
6880
1931
6989
1944
1544
1440
6541
1947
2070
6911
1985
7152
2044
1431
6696
1995
1473
6837
1986
6749
2033
6402
7372
7504
6939
6887
7747
7051
7341
8058
7198
2126
1624
6567
7259
7478
7605
7448
2031
1414
6904
6797
6827
1865
1401
6396
1976
6232
6502
2154
7006
1935
1436
7047
2005
1559
1539
1517
1548
6670
7272
7717
8048
8410
7624
7638
6843
7105
7409
2134
1461
1401
6626
8212
7367
2093
1505
1584
1475
1542
7022
2198
6769
2765
1600
6986
7842
2024
6325
1902
6796
7216
1870
6813
6865
1900
1465
7186
1948
7084
2055
6578
7204
1994
1461
6948
1921
1450
7109
7532
7413
7509
2003
1587
1511
1456
7064
7158
7588
1886
6285
1905
7178
7481
2016
6999
2068
6869
2080
6810
2013
7241
1980
1438
7086
1395
906
6752
1992
917
6012
1961
6196
1916
829
1437
1487
1586
7486
7535
1986
1442
1459
935
1509
925
1456
1437
6946
1919
6926
1862
6845
2049
1491
7610
2198
6631
2513
1563
1501
1515
908
6694
2050
6993
2092
1474
1392
1403
1502
1549
7038
2067
6867
2102
7348
7745
1938
6580
7651
1874
7079
7297
6632
7706
1983
6625
1961
6811
2125
6879
1979
1375
1389
7159
2034
7645
2106
1522
1692
1422
1394
1443
6560
1974
6282
2044
6319
1946
6990
1884
1464
6859
7380
2089
1599
1672
6467
2016
1543
6829
7972
2080
6826
7665
2004
1369
1514
1528
6940
7616
7444
6553
1946
1521
1464
6206
1828
6840
1901
1532
6444
1919
6502
1981
6643
1925
7019
2008
7154
7742
2061
6783
7311
2057
6916
7332
2061
6338
2139
6245
7092
6872
7346
7642
2033
1431
6820
7635
7909
6901
7377
7395
7538
6417
1911
6909
1908
7004
1987
6916
7243
2104
6628
2600
6513
7262
7395
7722
7509
2009
7250
2093
6882
6953
7076
7519
6518
7415
1978
6344
2014
6606
2007
1685
6854
1997
1421
7048
1935
1519
1493
1445
7357
2098
6769
2030
6999
1879
6936
7554
7278
2120
6831
2073
6711
7162
7492
7592
7445
8205
2014
6513
1972
6675
1940
6071
1978
6086
7205
7374
6751
7016
7125
7205
2217
1688
1508
1579
1473
6936
2030
7069
1991
1462
1674
1475
1453
6912
2001
7661
2013
6854
7672
7705
7934
7958
7094
2018
1632
1477
6731
7412
7582
2113
6951
1988
1520
1447
6528
2025
1467
1557
945
6958
1433
1562
1471
1747
1503
6353
1935
6079
1927
7057
6477
7556
7384
7208
7497
7439
7355
7182
7406
1968
7092
8066
8051
7104
7084
7006
1988
6556
6602
7112
7488
1981
1517
6569
1989
6777
8220
1960
7003
2010
1557
6489
1987
1527
1475
1472
1438
6985
7347
7698
7292
1944
6984
7333
7301
7363
7599
2062
1489
1530
7066
7672
7139
2026
1436
1448
1389
1546
6508
2040
6125
1971
1547
6115
7373
2134
6227
1875
6484
2570
6400
1974
1528
1481
1428
1416
1496
1517
6882
7352
7568
7592
7371
2080
6489
2024
6759
7475
6945
7636
7531
1902
6653
7465
7436
2018
1418
1397
1493
6616
2021
7446
7221
7042
2489
1443
1470
6177
1967
6174
6898
7257
1946
7144
7685
7191
8205
2057
6604
8089
7337
7452
7897
2002
6912
1999
6967
2051
1387
1660
1510
1514
1509
829
1533
1497
6426
6856
2007
1571
814
839
1424
1450
7209
1976
1665
907
1473
6559
6549
1868
6305
1901
1635
6389
2060
6733
7395
2037
6911
7668
8181
7037
6669
2080
1429
1598
1562
6910
1946
1500
1614
1418
1393
6828
7422
7236
2054
1429
1503
6631
7665
8568
8398
7291
2006
6461
2112
6316
7276
2034
1589
6173
1959
6271
1940
1523
7077
1570
6251
1873
6271
7375
7249
1948
1505
1610
7210
1995
6963
2110
6937
7324
7716
7773
2299
7155
7121
6785
1955
1388
1421
6538
1978
6967
2006
6921
2077
1392
7010
7562
7852
2067
6240
1944
6749
7145
2026
1519
1477
1359
6930
1382
7382
7085
2041
6449
1953
6834
7372
7632
2163
1478
892
1474
868
6698
2673
6674
2043
7135
1979
1402
1423
6955
1979
6880
7756
2132
6985
1969
6888
1976
1679
6560
7492
6737
6728
1948
6368
1942
6525
1935
6805
7610
1978
6961
7942
2090
6522
7582
1962
1456
6809
1860
1574
7009
1988
6856
7390
2288
6899
2039
6849
1967
1387
1384
7212
7669
7742
7172
2005
1447
7004
1947
6079
7195
1965
6871
1979
1480
7015
6801
2048
7049
2041
6592
1951
1557
1466
1585
1381
6734
2051
7186
2005
7035
2122
6945
2097
1457
1439
1395
6650
2061
1569
1507
7471
7261
7049
2750
11309
1874
6493
2023
6498
7392
1989
1677
1531
7911
2071
7509
1980
1409
6748
8092
7715
7401
1923
6929
1872
1473
6347
1939
6545
1985
1656
1415
7307
6934
7095
7446
7358
2748
6563
1982
7433
1962
6894
7406
7632
1964
7160
2067
1374
6197
1939
6371
1947
6446
7642
1651
1507
6701
1888
6275
1901
7002
1918
6639
1899
1472
6902
2031
1486
6917
1909
1644
7164
7510
2089
7158
6683
2001
7010
1945
1440
6701
1971
6663
1985
7048
7636
7502
1944
1457
1521
1501
7255
7509
2109
6984
1980
1422
6472
2063
6302
7580
2021
1502
6050
1833
1447
6914
1855
1543
1466
1493
6872
7625
7121
7052
7352
7566
2051
1486
7160
7502
7346
7425
7555
7865
8004
6968
7807
1939
4674
1453
6778
7371
8454
2077
1517
6955
7906
6803
7369
2491
1468
1554
6676
6781
6942
6924
6666
7496
1925
7214
7218
2123
6689
2060
1424
6733
7402
7826
7388
1955
1398
1438
1468
6525
2102
1488
1496
879
1397
1561
1759
6399
1888
7529
1892
1427
7286
1891
1500
1743
1655
1501
1483
7151
1946
6778
6911
6740
1898
1428
7549
1990
6632
7402
7572
7922
7376
7536
7337
1875
1729
6889
1895
1586
1625
1483
1437
6965
7227
2031
6577
1940
1481
1452
1415
6947
7428
8446
7701
7185
2089
6253
6806
1981
6149
2034
6878
7469
6917
7476
1911
6695
7552
2063
6957
7525
7445
7366
2044
1546
1494
1508
1420
1582
6904
7434
2080
1468
1503
1481
1463
1415
1398
1389
1450
6390
6975
7579
1959
1516
1449
6690
8305
2005
1516
1551
1565
6922
7382
7312
1984
1464
1373
1382
1506
1496
6835
1998
1653
6361
1924
6090
7272
2067
1503
1540
1491
6414
7740
7577
7535
1850
6749
7435
7578
7221
7258
8262
7705
1970
6829
2006
6945
6833
1974
7191
7094
6776
6592
6804
7622
2180
6760
1970
1546
1590
6717
7948
1948
7293
2065
1417
879
883
1410
1372
1537
7458
7744
7488
6818
7202
7648
7239
7385
1993
1483
6895
2018
6946
7455
7406
7855
2021
1561
1402
1433
1539
6419
1985
1493
6104
2012
6831
1472
1408
1497
1641
1497
6117
2052
6890
1892
1421
1489
1496
1461
7056
6865
7118
1990
6666
2086
7040
1952
1436
6993
2028
6951
2089
1473
1490
7490
7664
7621
7052
6842
1848
6336
1958
6548
7432
2003
1495
1672
7782
2038
7572
1956
1395
6785
1966
7405
6846
1950
6750
1952
902
6672
1930
6211
1961
1461
1545
6498
7602
6807
7276
7363
2085
6792
2108
6655
1936
6915
7362
7485
2024
7047
2033
6427
7758
1984
6546
1978
6345
7617
7635
6641
6842
1995
6499
1970
6879
2132
6989
1986
1421
7080
1995
1490
7565
2097
1514
7015
1920
1587
6245
6782
1923
6838
2018
1492
6793
2066
6823
2052
7476
7404
8117
2124
1416
1605
1545
6966
7666
2059
7308
2078
1518
7046
1876
6034
6562
6678
1934
7037
1982
7107
1878
6424
7181
7482
8122
7662
2001
1436
1502
6842
2199
6613
2061
7455
7269
2147
7039
2218
6529
7692
7694
1986
1580
1391
1422
1443
7582
2003
6813
2626
1437
7170
7586
7372
2051
6988
2063
6193
7312
1931
7111
6998
2006
7048
1940
6208
7056
1839
7964
2098
6597
7225
7296
1951
1609
1474
1490
1532
6840
2101
6843
1951
6713
2149
1540
1457
7159
2015
6894
1858
1444
6478
1966
6546
1974
1455
7244
1992
1569
6127
1862
6993
1885
6318
2175
6625
7369
2017
7229
7685
2156
7543
7002
1972
6245
6891
1881
1667
7010
2061
6723
7378
2132
6689
2053
6944
1982
1423
1432
6992
7505
8284
7055
1975
1476
6380
2047
6127
6552
1927
6984
1952
1514
1456
6901
2682
7057
1927
1606
6205
7115
7231
7740
1944
1410
1665
1483
1480
7111
7503
8288
7411
2026
1522
1473
1548
1407
1452
1480
1536
6809
7000
7518
1955
1443
1522
7350
7908
7275
2024
917
6849
7638
7626
7518
2030
820
853
1385
1440
1455
7118
2085
897
6258
1994
6680
7701
2061
1479
1540
1520
6554
7075
7487
7275
1912
7028
7329
7275
7232
8380
7387
7258
1992
7156
2029
6263
7656
1881
6472
7582
7540
7589
7531
7074
2029
1563
1477
1503
1536
6708
1975
1451
1417
1453
1521
1542
1520
1496
1518
1528
6820
7607
2052
6611
7646
6729
7461
7436
1926
1415
1377
1441
6934
7312
7242
7422
2016
938
1500
1486
1479
1401
1535
1471
6929
1986
7018
2107
1458
1405
1483
1508
1458
6834
7182
2070
1475
1613
1362
6418
7460
7231
6691
7535
1883
1452
1511
1455
6373
6799
7294
7545
7538
8430
7487
7161
1940
1608
1680
7523
7538
7108
2113
1583
1469
6479
7459
1849
1399
1455
1508
6483
8362
7391
7418
8152
6598
2005
6319
7438
1994
6840
1922
1477
6335
7622
7631
6851
1929
1699
1506
1547
6759
2516
1408
1432
1513
1445
1447
941
6777
2023
6975
1947
1403
6561
1995
1642
1499
1402
1456
1508
7559
7741
7738
7356
7575
2085
6225
6968
6926
7458
6541
6906
6748
7362
7256
7742
2050
1479
7364
2112
1387
1398
1440
1461
7369
7365
7509
7444
1962
1475
1493
1635
6716
7382
8117
7268
7424
1957
6910
7465
2043
7551
2018
6534
7656
6551
6776
6552
1912
6891
1869
6264
1929
6409
1926
7373
2039
6624
2041
6937
1987
7052
2140
7038
7502
7512
7755
2118
7107
7011
6858
7675
7328
1904
9436
2039
6871
1993
6770
2000
1505
6952
2041
6326
1907
6136
2129
6665
7614
1931
1529
1446
6522
7642
1993
6445
7322
1878
6929
2022
6720
2049
6674
2060
1503
866
1493
1456
6805
1973
2143
1498
6913
2188
1389
1482
6936
2216
6861
2137
1502
7140
2085
7288
1960
1488
1407
1400
1431
6795
1946
1488
2044
7301
1869
7146
7191
6740
6863
2034
1494
7279
7310
2078
6866
2071
1487
6950
7998
7745
7297
6805
1901
7680
1851
6866
2118
1471
1515
6926
7206
7522
2029
1695
7228
7656
2077
7667
7191
2017
6257
1945
6085
1927
6884
1904
6961
1853
6934
1556
7069
1923
1495
1448
6305
2070
6690
2024
6725
2070
6922
1971
1377
1419
1466
7073
2124
1536
1525
1605
1607
7764
2102
6754
2064
6707
2077
7558
7052
2016
6980
1874
7215
2012
9495
1455
6764
7375
7450
8262
2098
1490
7451
2042
1471
6302
1953
6906
1629
6859
1925
7334
7654
7524
6805
7145
1853
6779
8186
7241
1985
6776
7429
7513
1954
6821
2036
7272
7741
1950
6594
1941
6440
8257
6988
6809
7685
1993
6719
7281
7565
2001
7242
2045
886
1407
811
7455
7738
1957
1522
6318
2520
6993
7271
1931
1678
6840
2067
1549
6708
2207
6581
2036
6840
7563
7690
2034
1416
1428
6715
7722
2080
1501
6276
2051
1572
6821
1990
7020
1886
6827
2546
6203
1882
1506
6327
1877
1384
1408
1522
1511
6333
7182
7265
7829
7825
2062
7009
2124
6843
7339
7362
2052
7161
7864
7654
7079
1979
6794
1880
1452
6829
7452
2109
1514
1512
7010
7865
6798
1926
6737
1981
6116
6756
7262
7227
6699
7332
7695
7398
7250
2046
6808
7358
2083
1445
6796
7282
7076
2040
1399
1384
1440
1579
1524
1526
1515
1495
1576
1582
1493
1473
1452
6191
1859
1453
1508
1511
6606
1930
1477
1490
1434
7275
1966
6968
7268
7094
1860
6277
1979
6547
8129
7324
7785
7849
6472
6847
6607
1935
1543
1400
1618
1528
1491
1512
1449
1419
7139
1869
6867
2037
1502
1498
1504
7438
7485
7418
7416
7602
7618
7836
7587
2190
6822
6541
7489
7641
7038
1931
6388
7146
7345
2009
6952
7708
8226
7211
7302
2672
1519
1480
1431
1408
6799
1980
6379
2113
1607
1465
6936
1941
1518
1565
1439
7042
1888
6605
7475
1953
1709
7273
7299
7392
1986
1577
1545
6709
1995
7342
1984
1539
1412
1550
1431
1491
6129
1941
1496
6228
1970
1458
6386
6988
1928
1465
2141
6565
6853
7280
7282
7217
7953
8158
7564
7476
7412
7742
6801
6972
6892
1993
6360
6533
7527
6791
2059
6658
7335
7574
7741
2050
7317
2049
1367
1512
7081
1996
7022
2053
1496
1461
1404
794
821
1565
1466
6978
7491
7452
7272
8238
7400
8336
8511
7461
1972
7232
1999
6308
7280
7178
7421
2005
1679
1484
1457
1454
1420
1399
1540
6938
1466
1513
1508
1668
1518
1559
1512
6260
2088
6269
1940
7453
1452
6845
1969
7016
1900
7055
2116
6976
2092
6711
2038
1507
1659
1588
6870
2008
1432
1489
1523
1577
7072
2163
6508
2091
6296
1964
7041
7038
2040
7008
1995
7195
2073
7606
1994
6779
8122
6820
6582
7238
2054
6226
1866
1475
7477
2031
6569
2046
6470
1965
6973
7365
7562
7485
7355
1986
6783
7566
7522
2068
6456
7742
7811
1981
6408
1972
7091
6888
1847
6924
1871
7265
7073
7277
7615
7492
1968
7458
7545
7391
1906
6166
1982
1520
1451
1491
1499
6857
1890
888
1587
1461
1519
7015
2055
1403
1488
1532
1468
6735
2148
6679
1986
6854
2005
7184
2037
1438
1429
1476
7006
2272
1530
1500
1405
1697
6978
2190
7352
7061
7228
1902
6885
1830
6813
1421
6946
1868
6303
1919
7075
2028
6588
2099
6750
2090
6998
2001
7002
7691
7185
7422
1969
7691
7103
6899
7738
6906
1878
6834
1928
6923
2082
6749
2097
1458
7928
1985
6870
2042
6265
2005
6245
2021
1515
879
1371
1486
6808
1852
6349
6972
1939
7097
1985
7043
1922
7573
1904
1507
1440
1515
1490
6803
2037
1585
1447
7388
2033
1557
1470
6530
1992
6644
2048
902
6853
2018
6776
1925
1399
947
1522
1461
6854
1994
7137
2117
7059
1912
6421
6929
7407
6658
6792
1943
6410
7219
8265
7738
7745
2085
7358
6985
7625
7377
8060
1940
7059
1970
6831
1997
6903
1991
7695
1974
6872
2079
1582
6635
7196
7968
6438
7809
1995
7101
1938
1517
1522
6851
1918
6210
7669
1917
7348
6722
7869
7359
7582
2009
1478
1405
1468
1501
6790
2037
7073
2039
1489
1409
7088
1937
1479
1477
1535
7139
7269
7502
2502
1441
7078
6991
7263
7482
2170
1470
1477
7193
2151
6692
2003
1406
893
1423
905
1519
1486
1483
1460
874
1502
1501
7392
7740
1941
6946
1333
6153
6820
7741
6628
1890
6101
7241
7669
7505
7456
7418
7169
7451
7634
7806
6737
6782
6778
6705
6850
6871
7669
8041
7261
1975
6622
2056
1574
1478
6971
2075
7263
2085
1417
1449
879
1482
1542
1519
1428
7219
7621
7158
7157
7682
7376
7492
7355
7462
2078
6867
2180
7483
7184
7086
7095
1950
1586
1465
1407
1420
1401
1465
1481
7021
1963
7019
1994
1462
1430
6964
1950
1555
1524
6469
1829
1483
1437
1528
1494
6548
7300
7915
7568
7449
2069
6767
2089
6885
7352
7685
2007
6500
7446
7331
6787
1952
6796
1875
7038
12892
1938
1498
1510
1562
6621
7839
8051
1894
6368
2203
6300
6924
7559
6605
7722
7276
8203
7640
7304
7531
7240
7583
2048
6915
7649
7366
6865
1963
1498
1553
1440
6307
1863
1445
1516
6106
2024
1531
1464
1447
1449
1507
1514
1469
1379
1422
1446
1504
975
1463
909
6258
1930
6567
6972
7289
2028
6595
1945
6726
7768
8146
7897
7651
7255
7296
7619
2025
1491
1664
1536
1506
1513
1578
1387
1409
6840
2076
6916
2067
1499
1473
1427
7061
7375
8015
7321
7902
7848
7418
7511
1882
6121
2059
5975
7552
7139
1930
6633
2026
6552
7558
1962
6892
2058
6838
7643
7606
2026
7439
2083
1539
1528
1526
7295
2040
1413
1405
1423
6720
6784
7019
7188
7781
7539
2203
1490
6726
2048
8820
7230
1986
1485
790
1509
6218
7295
1997
6282
1948
6459
1927
6279
6855
7356
7531
8383
2042
6807
8118
1945
6770
2033
1531
1522
1527
1433
1407
1416
7013
7632
7172
6872
1921
6283
1984
1494
6253
1925
1463
6920
7591
7750
1924
6486
2061
1462
6675
7132
2074
6750
7367
2019
6510
2010
854
1438
7263
7674
2017
1489
1531
1487
6230
7182
7812
2072
1459
6990
2710
6883
7502
7632
2159
6881
2071
1464
6635
7112
6972
1887
6392
6712
1840
6245
1879
1550
6760
7704
2113
6597
2059
6702
1957
1405
6594
2000
6779
1957
1473
6823
2097
6731
2010
1576
1453
6857
2085
6802
7574
7252
6861
1966
6252
7372
8227
7558
2118
1660
1446
1436
1379
1543
6881
7422
2069
6417
2027
1513
6660
7065
6789
6952
1904
1469
6255
1943
6808
2032
6047
1943
1463
1432
1442
907
6604
1902
1571
6942
2111
6866
8389
7461
7255
7434
7706
7848
2118
1445
851
1380
6749
1947
6962
7741
2017
6215
7352
1863
1487
1447
7212
1974
7149
8201
1985
1666
1466
1442
1442
6654
1969
6844
7537
8008
2092
1485
6547
7565
7429
7187
2007
1598
1443
7014
7466
2027
6706
2655
1645
6837
7402
2030
6860
7195
2167
1426
882
7061
2017
1528
7175
2086
7158
6774
2023
1433
6127
1987
6117
1839
7222
6974
1918
6616
7099
7575
7502
2058
1478
1461
6802
7539
1974
6843
7602
7816
7631
1932
1507
6306
1982
6487
2043
1528
1629
1450
6766
2016
1505
6991
8366
2242
6659
2063
1586
6725
2103
1419
6446
1966
6357
7372
1938
6418
6763
6576
7292
1959
1405
6729
1877
1643
1492
7182
7612
7665
7279
2051
1588
6579
7372
1992
1452
7656
7094
7559
1820
1415
1381
942
7073
6831
7513
7641
6834
1943
6469
7202
7148
7360
1953
6803
2034
1462
1515
7285
2093
6384
7575
2012
6026
1928
7716
1886
874
7209
8226
7454
7549
1954
1741
6712
2077
6930
7426
2066
1455
1499
1602
1536
1511
1517
6510
1950
6473
1946
1408
1439
7111
6831
6858
6566
1965
7189
1928
6701
1952
6649
7349
2047
6787
1971
1622
1383
1482
6815
7308
7549
2008
1452
6827
1970
1594
1537
1499
7071
7752
2106
6902
1945
6262
7658
1944
7718
1951
7082
7486
1998
1478
7542
2058
6493
7900
1990
6299
6841
1951
6359
1938
1454
6335
1905
1626
1484
1434
6799
7301
1881
6675
7458
7456
2172
1450
1475
1493
6824
7442
2152
1469
1422
6677
2030
1414
1501
7047
7682
7615
7338
1952
1471
1540
1457
1481
6969
1927
1533
6340
1950
6144
2043
7093
6891
7699
1962
6891
1871
1520
6833
1994
6902
2016
7114
7408
2137
1447
1518
1540
6469
7529
2738
6628
1944
1457
6642
7684
7486
7546
7407
7466
7252
2102
6607
1939
6484
7076
7448
1907
1564
1505
1488
6984
1888
6204
1916
6127
1911
1383
7000
1962
7200
8052
2003
1456
7505
1529
6857
2010
1559
1543
7078
2136
6970
7666
7606
7772
2104
7162
7515
6630
6786
1921
1420
1369
1446
1466
1567
1522
6720
1927
7231
8425
1991
6758
7761
6958
7395
2582
1536
6299
1892
6327
6746
7488
6645
1878
1422
1448
1484
6855
1970
1542
7265
2089
7956
7454
1974
6700
8153
7535
7692
2041
1447
822
944
7251
2092
7037
6439
1913
6982
1912
1504
1455
1492
7573
2027
6912
6786
1944
1401
1492
1425
1481
7307
7337
7166
7262
7312
2051
1483
7269
8071
6784
6892
1948
1517
1390
6867
7529
2086
7055
2237
1512
6830
7433
1920
7067
7347
2123
1431
1466
6902
2096
1523
7282
2037
7259
7423
1941
1409
6980
7571
7258
1847
6369
1854
1583
7292
2029
7417
7157
2049
6900
1975
6883
8393
8228
2041
7518
2078
1673
1506
1504
7000
1990
1428
1450
1486
7158
6730
6876
7472
8061
7544
7522
2015
6660
2039
1476
7242
1950
1460
1440
1516
6614
7627
1908
6332
1870
831
1440
1468
7107
6854
7269
6591
2103
6587
8241
2126
6756
2077
1543
6764
1926
1433
1439
1491
1479
6817
7232
7498
1952
6886
2028
1459
7202
2132
6147
7385
7454
7435
1930
6219
1912
1489
6411
7641
7370
7930
7546
1935
1412
1412
1526
1487
6951
7280
2082
1519
1432
1370
7420
7101
7385
2151
1490
7476
1992
6941
7395
1991
1450
6795
1987
1611
6764
7592
7229
2120
7486
7739
2069
6674
2118
1473
6235
7469
1845
1567
1397
6276
1970
6736
6807
1957
1543
1491
1455
6731
7182
7092
7622
2077
6936
2071
1479
1483
836
6749
7609
2018
6869
1944
7039
7733
2172
6137
1936
6211
6809
2015
1733
6827
1921
7108
7739
2119
6732
6997
1990
1567
1521
1450
7103
6861
1898
889
1643
6170
6752
1962
6245
6685
7442
1938
1539
1599
861
6922
7672
2072
1435
6849
2110
1454
1442
1441
6952
7628
7199
7475
1986
1485
1449
1508
1454
7009
2015
1410
1434
1511
6689
2078
6044
6873
6869
1998
6445
2005
1498
6928
1868
7409
1900
7279
7254
2043
1555
1419
6522
7469
7312
1978
6675
2018
1427
7289
6976
6566
7985
2037
7379
7456
2072
6790
2094
6849
2158
6758
1963
1462
1433
6723
7532
7038
6976
2061
6288
1990
7063
6828
1933
6925
7115
6955
7505
2125
1519
1532
1503
6796
2220
6737
7545
7449
7322
2023
1446
6859
2002
6996
1954
1478
6453
2078
6081
1919
1512
6999
6784
1978
6682
1903
1637
7209
2074
1531
6849
8025
7087
7301
1962
1399
6444
9640
6909
1938
1471
6261
1980
1528
1514
6788
7355
7214
7409
2059
1533
6802
7432
1967
7000
7214
7576
7515
2074
1512
1513
2032
7072
6744
6662
6735
7302
1924
6235
6949
7697
8125
1959
6600
2172
1446
1507
6946
2023
6991
8036
2010
6769
2012
6507
2034
1488
7102
7255
7682
7389
2145
1649
6806
2002
6879
7311
2065
1410
2065
1573
7449
2076
1414
7442
1934
6759
2003
6436
2037
6240
6688
1962
7245
1975
1481
1534
6030
1852
6561
1851
1381
6419
2024
1491
6655
1910
6772
7316
1966
7122
7655
7702
2046
1602
936
7184
2101
1520
7159
2046
1450
1383
1503
7249
7431
6692
1969
6601
7288
1996
1474
7247
2056
1387
6939
2795
1486
1502
1578
6543
7161
2019
6487
1913
6957
1920
7053
1971
6261
6805
7520
6632
7429
7512
2108
7052
7576
2049
7060
1973
1441
1444
1409
6728
7505
7980
7088
7482
6981
1968
1464
6259
1929
6924
6841
6785
7088
1975
6694
1929
1516
6862
7408
7529
7832
7981
2010
6322
2021
6062
1937
7123
1916
1430
1403
7009
2133
6821
7562
7438
7636
2108
1489
1476
7701
2021
1399
1500
6644
7289
2109
7284
7421
7408
1919
6460
7149
1900
1450
847
1626
7117
7187
2056
6657
7069
7449
2058
7242
7353
2069
6711
2000
6998
1930
1470
6921
1971
1500
905
6700
7548
7044
1883
7024
8057
1963
7169
7548
7269
7093
2009
1561
1556
6463
2102
1441
6255
6832
1852
6344
6735
1912
6256
7342
7124
7599
2003
1508
6789
2072
6657
1996
6827
1961
6659
2036
1408
1600
1495
907
1447
7013
1944
1453
7097
2051
6550
7489
6657
6856
2022
1556
1499
1445
1424
857
6099
7512
1832
6404
1959
907
1372
1568
6432
1988
7015
7208
2051
891
1604
1459
1424
6831
1965
7139
2082
7335
2087
7232
7527
8093
1986
6648
2017
858
1470
1374
7097
8473
7541
2015
6751
7379
7139
2159
1589
7336
1510
1423
1414
6341
2023
1545
6532
2045
6400
7480
1888
1450
6864
1887
1428
1392
6185
1907
1494
6373
1891
6569
7341
1913
1491
1518
1539
7815
2074
6802
7672
7457
7569
2042
1401
6942
1967
7124
1949
1501
1532
7294
2341
1625
1419
1414
6841
2596
1730
1499
1492
6298
1962
1448
6393
1984
6963
7642
8437
2138
6894
7879
2059
1505
1473
6447
1906
1445
826
6252
6819
1926
6310
2022
1421
6374
7405
6550
1909
1490
6717
7666
2122
1452
1674
1476
1437
1445
6778
7471
7423
1959
6601
7532
2034
7150
8118
7558
1944
1495
1553
6447
1898
6320
7406
1906
6377
6852
6904
1943
1553
6753
7200
7262
2045
1540
1423
6766
2158
6464
7818
1966
1584
919
1476
1448
1391
1415
7023
1906
6667
1938
6721
1955
7195
8162
7591
1983
1602
1473
1525
6917
2019
6714
7529
2168
6682
2022
6589
1965
1493
6444
6978
7523
7430
1903
6854
1960
1506
1476
1511
7211
7034
1903
6829
1876
6977
8197
7475
7505
2027
6736
7365
7570
2145
6598
7512
6748
7462
2015
6813
7766
7562
8232
1971
1548
1460
6559
1975
1551
6563
7517
7515
1978
7195
6781
6722
2062
1572
6037
2034
7485
7391
2138
6816
1979
6974
2040
1491
1445
6771
7256
7519
7889
7705
7394
1879
1526
1500
6222
1926
1510
6392
1965
1532
1421
6228
7436
6911
1895
6435
2041
1484
6793
1983
1467
1475
6557
7359
1944
1458
1538
7129
7269
7355
1961
7182
1971
1385
6712
7111
7562
7442
7676
7369
7385
2070
6650
2035
6542
2044
7206
1549
907
1635
6384
7415
7411
7511
1954
6731
1915
1407
6244
1955
6508
8166
1974
1486
6533
1958
1485
1552
1487
1588
6897
7403
7463
2118
6882
7547
2021
7106
7822
7711
7321
1861
1425
906
6262
2011
1498
6968
7748
2072
6944
7242
1978
1395
7153
7716
7415
1944
2095
6914
1935
7027
1904
6391
1916
1460
845
968
1512
1581
1424
1375
6786
1989
1399
6808
1948
6722
7797
7562
7708
2064
1388
1404
1547
1500
1666
6872
7192
2095
6904
2073
1483
1429
1441
7000
2212
6385
6738
1992
1519
1687
1493
1474
7072
1911
1679
1549
7113
1909
7017
7431
6914
1894
6676
1958
6862
1955
6904
7300
7392
8591
2122
6626
6806
6664
2088
6714
7602
2095
1432
1426
6922
2083
1404
6739
2041
6950
7794
7455
2122
1432
1441
1467
1566
6726
2031
1522
6742
2109
7342
8112
1889
6840
7471
7548
6800
7035
2132
1433
966
7039
2123
1461
7272
2048
1437
1488
1502
6870
7612
7286
2096
6889
8345
2214
1426
7018
1972
1438
6548
6939
2028
1467
1620
6246
6752
1966
7750
1925
7057
2003
6887
8105
7778
7047
7026
9077
6802
6746
1906
6237
6588
1882
6896
1963
1500
1497
1465
7060
7742
7408
7339
7169
7478
1987
1532
6969
2088
6629
6782
6673
6718
2023
6065
1951
1456
6881
6864
6954
7378
7199
2022
6968
7538
7995
1964
6565
1970
1458
1525
7283
2030
5951
1903
7340
1890
1471
1530
1671
6951
1995
1590
1427
6857
2081
1569
7494
7621
7445
2095
6685
7452
2000
6353
2019
1387
1427
6544
7635
6354
6541
7179
1834
6375
6936
2026
6864
1957
1454
6617
7401
7416
7586
1966
6911
1998
1582
1469
1616
6950
8433
2082
6447
2078
6888
7593
6935
1950
6734
7688
7642
2074
1490
6686
7872
7118
7626
1992
6154
6919
1913
7047
2021
1458
1410
6893
2675
1657
1502
6088
9596
1900
7325
7448
7731
1933
1391
926
963
6652
2078
1592
6581
2019
6798
1946
865
1381
6929
7998
7423
6768
6789
7562
1535
6987
1502
6420
2088
1455
6405
1939
6628
2032
7422
7190
8293
2066
6542
2075
1505
7138
1961
1563
1409
6852
7288
1925
1510
1670
6752
7759
2112
1478
6859
1995
1470
6748
8216
7224
7474
7416
7222
7092
2055
6502
1967
7065
1885
6233
1869
1434
1485
6832
6807
6958
7319
2007
6603
2190
1567
6862
1953
7672
2049
6643
7724
2128
1397
946
1527
7648
2065
7251
7681
7035
6606
1906
1651
6954
2052
6741
2018
1559
1695
7213
2006
1453
6915
1968
6541
1990
1528
1519
1571
6576
1999
1565
6516
2020
6327
6829
6985
2020
6244
7012
7542
1964
1617
6696
1879
1455
902
6924
7518
7239
7359
2080
1511
6940
2047
6874
1968
7192
7862
7641
1884
838
808
1513
1460
6251
6740
2637
6162
1936
7076
7738
1934
6607
1992
6700
1946
1511
847
6848
1963
6899
7484
2096
7472
7774
7815
1925
1504
6725
7957
7587
2058
1528
6894
7462
2036
6947
7329
2057
1414
1514
1546
1517
1452
1481
6720
1974
6566
2146
7234
1489
7450
6231
6729
1930
1507
1515
1451
6897
1894
6058
6760
1858
7385
1945
1796
6733
7396
7345
2010
7615
7475
2049
1605
1456
1503
6848
2063
1453
1507
7096
1981
7363
2053
7065
7387
6891
6775
7269
1949
7218
2112
1516
6814
2092
1535
6647
7105
2109
6568
2000
6237
1973
1491
6170
7482
1867
870
1501
6283
7412
2058
6197
8338
7734
7518
2144
6834
7294
7272
2041
6881
2109
892
7077
2054
7168
7472
1990
6299
1896
1569
1478
6963
1951
1423
7080
7671
1933
1534
6537
2090
6796
7182
7096
7376
7425
2076
1603
7235
8038
1920
1418
6362
7275
1994
6825
1998
7783
8311
2138
6729
7531
2026
1540
7193
7384
7276
7222
2077
6417
6882
1913
6295
1946
6155
1918
6190
7448
7867
1988
1452
1441
6878
7119
1953
1550
6865
7562
2062
1452
6834
2109
6730
2043
1434
1382
1448
1471
1499
6877
7589
6992
6862
2792
6368
6786
8012
1893
7240
2109
7711
2046
1520
1523
1404
1432
6679
1958
7198
7775
1937
6296
7468
1893
1496
6808
1980
6270
2012
6913
7305
1935
1597
6762
7421
7408
2737
1541
6740
1969
1600
1437
1396
6905
2016
1588
1445
6619
2055
6960
7465
2078
7242
2067
1386
6170
1856
6248
7446
6695
1944
6966
6974
1958
1479
6456
7330
1863
6712
2055
1545
6746
2039
905
7387
8212
2124
1402
6689
6802
1998
1560
6027
2163
6628
1986
1484
6927
2067
1522
6856
7434
2014
1521
1470
1512
7091
1937
1445
6846
1977
7605
2091
6548
2217
1441
1539
6403
7902
7618
2111
1412
6256
7329
1861
1418
6675
6932
1917
6505
2034
1513
6565
1861
1597
1516
6557
7683
2064
1463
6904
7340
7480
7617
1968
7150
2015
7279
6806
1854
1429
7016
6821
8142
1908
7047
7552
8323
7028
7092
2034
1495
1502
7051
7505
1903
1441
6443
2578
6422
6672
6506
1958
1485
6728
1937
1429
1470
1552
7134
2125
1447
6822
2058
1449
6933
7272
2006
1416
6675
7355
2136
1466
1461
1491
1446
7116
2081
6600
2076
6795
6695
2022
6512
1995
1427
1422
6229
1888
1613
1476
1508
1492
1607
6909
1929
1430
2154
1531
1445
1413
7219
7001
7492
1923
1436
6761
7268
7396
7211
7142
6698
1973
1425
6831
7237
1945
7095
7446
2080
6709
2035
6867
1980
6884
7352
7451
1949
6745
7748
1971
6966
1928
1505
1526
1455
6231
1978
6986
6624
1939
6558
6863
7424
1991
1487
7707
7367
1993
1405
1422
1414
7649
2066
6694
2126
1527
7636
7645
2093
1495
7087
7748
2022
1517
1554
1591
1399
6768
6714
6829
1977
1367
6690
7594
2104
7611
2060
1491
1550
6563
7862
2012
6571
7566
6777
6972
1902
6212
6848
1954
6783
7231
1851
1477
7746
7331
2068
1470
6927
7292
7242
7455
7535
1990
6431
2178
6003
1958
1510
7187
1950
6977
7330
6721
2052
7338
7974
7364
7146
7322
7522
2066
6705
7788
7529
7267
7081
7588
1965
806
846
7818
6948
2051
1490
6964
2053
1446
1445
6792
7752
2249
1523
6792
1963
1414
6613
2015
6453
1936
6273
1941
1553
1450
6339
1979
1450
6945
1886
6003
6699
6932
7935
1900
6545
7338
1938
1584
1486
1631
1399
2119
6794
7515
7498
7854
2096
7455
7035
7352
1983
6117
6775
7255
1976
1664
1437
1416
1430
7135
2086
7632
7251
2287
6790
7805
2024
1502
6232
1937
6832
1936
6384
6839
2098
1524
6231
6636
7381
1943
1603
7123
2117
1408
1519
960
7082
2104
1489
7576
7534
7262
7509
7688
2139
7303
2046
1495
6809
1939
7144
1969
6256
1959
6213
6749
1985
1462
6459
7742
2041
7361
1380
7359
7626
2055
1474
6856
7876
2012
1444
7251
6735
2066
1441
6726
2013
6786
1960
1474
7011
2081
1486
7162
7385
1959
1505
1607
1596
6991
1944
1447
7092
7589
7332
2033
7314
2118
1525
1525
6682
7562
7381
1939
1563
6138
7191
1853
1388
7023
6907
1974
6902
1964
6569
7509
7464
7486
7414
7530
2093
1460
1477
1493
6944
2039
1619
1495
7297
2075
1392
1393
1446
7003
6781
6882
7946
2026
7337
2116
1555
6789
2124
1473
6635
7112
2057
6494
2017
7259
1986
1589
6966
7126
1888
1497
1402
7009
6187
2050
6825
7047
7455
7472
2050
9637
6947
1997
1582
1518
1421
862
6697
2003
6955
7522
2069
7161
2143
5968
1930
6261
1834
1561
6273
7512
1490
970
6130
1964
6579
6955
2146
6642
7222
1960
1562
6717
7619
2048
1572
7368
7125
1951
7006
2027
6698
7321
2002
6856
8198
2105
1400
1509
6813
7542
7505
2038
6602
7552
2015
1454
1459
7193
1996
6563
7592
6861
1956
1520
1517
6830
7244
1938
1482
6973
6977
2130
1398
6664
1891
6586
2012
6781
7678
7399
7799
2162
1513
7092
7699
1999
1514
7231
8446
6766
7728
8241
1923
1469
7047
8353
2308
1514
6833
7086
1929
1409
1412
1482
1549
6605
6832
6807
1926
896
6541
1924
1567
6346
2046
1658
1507
6836
7261
1886
6680
7997
7438
7619
1955
6755
7202
2168
6902
7675
2075
1507
6628
7602
1892
1552
6200
6805
6672
7488
7762
1884
6631
1924
6590
1891
1432
7382
1988
6715
7324
7866
2082
7245
6724
7850
2583
6722
7557
1967
6774
2078
6718
2050
1549
6892
2049
1520
1401
7060
7578
2040
1432
1460
1518
1494
1574
6680
7008
2014
863
6854
2058
1504
6283
6703
6802
1900
6761
1927
1454
1434
7114
1926
1488
6443
1941
7054
7316
7376
7522
2142
1452
1448
7463
8271
2087
1452
1524
6971
7742
2079
2120
6485
7504
1823
7036
1946
1727
1559
7134
7294
1971
1430
7186
8081
1960
1360
6619
7091
7145
7128
6760
2004
1446
1492
6426
6984
1978
7600
7305
1974
6819
7355
7492
2030
1375
6773
2713
1502
1477
1452
6681
1988
1435
6655
2079
1480
6919
7571
2061
1490
7271
6631
1927
833
1453
1471
885
6249
1954
7070
1990
6287
7526
1941
7377
1989
1507
1614
6521
2058
1497
1623
6640
1930
1423
6533
2015
6774
2013
6985
2134
1486
7363
7951
6979
2034
1412
6837
7118
7512
7408
7419
7488
2006
1509
6721
7722
2014
6511
7022
1976
1449
1408
7388
1949
6275
7626
6671
1961
6109
6712
1932
6638
2012
1482
1575
1378
7045
7752
1933
6852
7499
7475
2094
6862
7765
2099
1506
1546
1556
7169
2095
1525
1560
7119
2050
6043
1852
6199
1856
6527
7252
7806
7544
7256
2077
1436
7341
2084
1551
6405
7712
1985
895
822
6918
1974
1507
6469
6766
1965
1425
1442
6949
6645
1899
1520
6735
8648
7691
2136
6771
7442
2017
1486
910
830
1424
1561
1641
6693
2036
1454
6912
1990
1534
1493
7053
2142
1468
7279
7521
6794
1905
6358
1906
1453
1425
1466
6197
7561
1944
1475
6432
7872
1985
1458
7480
8025
7331
1994
1496
6782
8042
2024
7366
6870
1934
1508
6146
7248
7496
7485
2111
6725
7576
1926
7118
2186
6797
2132
6902
2020
1509
1465
6554
2014
7140
6861
1883
1447
6945
6637
1890
1665
6061
1923
6199
1805
1536
1495
6572
2060
1468
6650
7982
7451
7412
2059
6750
7369
7535
2146
6939
1937
6453
2070
6770
2035
1663
1619
1769
1483
6292
7485
1870
6727
7598
2110
1536
6920
7596
7272
1973
6561
6935
1856
6246
7160
7545
6761
2083
1423
6113
7232
1983
1643
1661
6893
2065
1417
6983
7412
7255
7225
7452
7539
7166
2047
6147
6662
1875
6417
6703
6735
1859
6625
7632
1978
1576
1518
6722
1864
6664
7402
7622
7239
2115
875
1522
6535
1955
1494
7080
7351
1864
1396
1401
6803
7368
2053
1547
6971
2065
1536
6781
7502
2081
1409
1491
1532
7056
1985
1457
6652
2076
6816
1967
6529
2064
6683
6862
6786
1923
6221
1871
1530
6616
7614
1954
1422
7255
7258
1866
6698
1975
1548
6818
2053
1516
1449
7002
7371
2080
1497
6990
7549
7568
2073
6495
2142
1451
6254
1862
1386
1462
6267
7043
2020
1517
6708
1984
1507
7225
7516
2088
1494
1585
7695
7741
2003
1510
6466
1909
6383
7452
6887
1870
1405
1488
6275
2022
1542
1490
1477
6171
1896
1430
817
864
6854
8171
1961
2315
7307
7444
1986
1546
1536
1500
1449
6884
1957
1412
846
6720
7236
2000
6729
2000
6904
2087
6516
2147
1506
6861
1921
1451
1486
1573
1485
6211
1902
6296
1929
1398
6216
6787
7040
1919
1469
6595
7139
1979
1485
6544
7219
2202
1434
1388
6736
2039
7310
7114
1993
1564
7820
6420
1871
6757
7645
7430
1959
1528
6770
2057
6904
7336
7601
2181
1542
1592
6654
7912
7031
1963
7061
6841
6768
1856
1407
6721
6795
1962
1532
1474
7213
1994
7658
7965
2169
6791
7729
8149
1988
1511
6665
7534
2057
7134
6982
2038
1540
6061
6566
6797
1960
1408
6757
8676
2087
6792
2020
1483
913
6874
7790
8024
7691
6767
7075
6763
6738
1989
6036
7130
7427
7466
1976
1364
6756
8708
1976
1457
7649
7455
7664
7251
6596
1962
7036
6727
6611
1960
1400
6279
1980
7217
1954
6491
2015
6882
7186
2057
6932
7555
7962
2034
6671
1894
6193
1939
5960
7415
1874
876
908
7315
7486
2149
1480
6966
2010
1442
1641
7014
7415
7422
2066
6645
2103
1455
6420
7136
1925
1396
6307
1964
1484
1489
6344
7372
1992
6700
2070
1447
1425
6140
6908
1925
1497
6701
1985
1481
1689
6689
2043
1460
6751
7468
7586
7692
2045
7055
7875
7735
2037
1479
1454
6752
1850
1414
1461
1505
1503
1545
1502
6205
6732
2131
6696
7732
2112
1512
7876
7246
7102
1976
7367
7471
1880
6858
7055
6822
6738
1974
1435
6921
7351
1996
1537
1468
7047
2128
1492
6943
7432
7275
7436
7692
7905
9715
1842
6834
7586
1914
6175
7436
6798
1844
6489
7024
1993
1519
6576
7092
2109
6822
7471
7818
7855
1890
1548
6440
7265
1948
1523
6875
7478
2111
1551
6874
2025
7635
1941
7165
7529
2071
1493
6773
7445
2277
1460
1487
1434
7399
2022
1530
6626
2022
1484
1359
6942
1876
7070
1867
6329
1957
6040
1929
1589
6984
6936
2050
1548
6697
7193
1982
6862
1977
6870
7479
7342
2004
6876
7552
7992
7567
1954
1566
7191
2500
1488
1556
6206
7192
7782
2087
6806
7968
7158
7189
7645
7578
6871
2007
1507
6267
1910
1400
6120
7508
1853
1419
1430
7396
1944
1502
7054
2119
1599
1415
2294
6766
7788
2150
1544
6930
7308
8202
1939
6957
7828
2059
1425
1515
1542
1504
1487
1533
6893
1878
1385
7125
1846
1562
1532
6574
1985
1441
6156
6688
2051
1422
6592
1981
936
1456
1372
6379
7186
1943
1408
6868
7336
2006
1477
7135
7461
7861
7632
1970
6272
1972
1496
6786
7349
2020
1469
6670
7196
7322
7532
2010
6743
7675
2034
6697
7738
7565
1903
6033
1957
1390
1493
6841
1943
6810
6931
1936
1512
6301
7106
1968
1511
6748
1960
6993
7821
2013
6881
8052
7394
2008
1665
6836
7782
2307
1568
1568
7154
1962
7311
7148
2185
895
7575
7347
2034
1407
6973
7561
1977
7467
1954
1479
6290
2037
6140
7288
1909
1657
6311
7773
2027
6949
1930
1481
1534
6422
7482
7495
2245
6746
7275
1920
6622
2002
6701
7689
1927
6865
2090
1653
6391
7734
1926
910
6366
7062
7502
7391
6707
1891
6276
7102
7272
1976
1409
1440
1469
6811
7462
7614
2117
7104
7454
1958
6901
6781
7632
1977
6616
2179
7425
2027
6765
7655
2067
1508
1462
7741
8465
2013
1400
6609
1970
1550
1527
6397
7632
7261
1920
6135
1937
1452
7060
7011
1862
2155
6271
1939
1488
1433
6630
7432
2021
6932
1930
7064
2396
6881
7308
7182
2183
1449
1504
6906
2021
1411
1424
6323
7565
1849
1495
6277
7675
8398
2006
6857
2087
1429
6920
7391
2043
1513
7255
7684
1968
1652
6186
1885
6858
7741
1894
1386
1443
1497
7347
6914
2018
1517
6209
1989
7013
7194
7196
2133
1401
2266
6735
1997
1448
6723
2040
6834
1984
1397
6993
2235
6769
6959
2113
1452
6862
6951
2025
963
1437
7272
1872
6201
1922
1532
1502
5959
6695
7532
7224
1977
1449
1558
6725
2054
925
6962
2024
1424
1591
7070
2048
6657
2019
6266
1959
1509
6986
7085
7112
1901
877
6987
7393
2097
6780
7300
7613
2053
1515
1445
7537
2151
6744
7129
2088
1496
6452
6615
1949
7015
6788
6795
1925
1504
7142
1949
6417
1893
6627
1989
1507
1541
6814
7571
2007
6947
2055
6910
7318
1953
1483
6993
7642
2159
1565
6536
2007
6227
6856
7235
7389
7465
7499
2018
1438
1470
1567
1536
1504
6926
1977
1419
6765
1963
1444
7041
6571
7332
6741
2025
1507
6512
2004
1464
1526
7055
6898
1982
1516
6955
1982
943
6869
2001
6745
7283
1967
1587
6799
8189
7746
7737
7052
2113
1501
1501
6346
7999
7668
7477
6565
1859
1443
1401
1468
1530
1489
7035
1882
6587
8028
1899
1398
1508
6738
7648
2067
7016
2066
7522
7741
7354
1945
6168
7292
1924
1456
1502
6862
7489
2016
1515
6633
1988
6916
7866
7539
8338
2563
7367
6738
1898
1498
1531
1531
1476
1501
1456
1403
6144
7217
1901
1512
1463
6889
1942
6985
6947
6831
7172
7276
2074
7016
1977
7026
7482
2017
6861
7235
2008
6683
7648
7605
1991
6552
2137
1466
1371
1384
1473
1512
6405
8128
7580
7656
7445
7145
2033
6415
7355
1932
6253
6801
1917
1486
1467
1380
7297
7518
2039
6324
7341
7230
2062
1446
6689
7189
1946
6669
7447
2023
7085
2037
1508
6900
7103
2145
1593
1575
1407
1379
6855
7601
7201
2129
1494
1450
1496
1424
7088
8161
6798
7572
7967
7514
1970
7071
1967
1529
7192
7408
7795
1927
818
6361
1901
6296
1886
1702
1553
6740
1999
1494
6901
7990
7207
2050
1397
7618
7641
1971
6943
2037
1505
919
2110
6865
1968
1414
6610
7085
6805
7304
6511
7382
6821
6996
1994
1446
6494
7245
7624
2043
7146
2167
1409
1425
1396
1495
1474
6766
2065
6823
7289
2182
6986
1993
6431
2065
1575
1487
1616
6296
7003
1899
6629
7572
1890
1403
1444
1631
1481
1673
1443
1527
1446
6819
7516
2012
6981
7055
2050
891
6333
7369
7201
6887
2418
7293
1973
1491
1658
6244
1934
1488
6934
2139
6877
1887
6980
2038
1459
6658
7499
2005
6669
8302
7571
7348
2040
6588
2087
6270
9344
7765
8122
6219
1947
1585
1395
6974
6831
2562
1535
6601
7240
7511
7498
2096
6682
2090
6437
1923
1472
6872
6871
7252
1931
7087
8092
7254
2080
1679
1470
6709
8336
2012
6911
2253
1429
7092
7256
6912
1933
7014
6621
1966
1489
6309
2098
6160
1856
1468
1552
1522
6759
6879
1933
1692
6583
1923
6890
2023
1528
6903
2015
6997
7286
2072
7462
2068
1491
6661
2011
6813
1981
6517
6847
6866
7692
1980
1532
6812
1993
1433
6885
7616
7315
7369
7118
1891
6855
6837
6856
1916
1452
7412
1977
1509
6238
7456
1905
889
1394
1438
6852
1911
6802
7381
7312
2067
6857
7382
2086
7067
1971
6865
2063
6949
7021
1919
1592
6382
1952
1526
1476
1455
6553
1927
6130
1908
1513
4676
1521
921
6734
6715
6803
1958
1425
7579
7451
2008
1616
1489
1459
6907
1910
7251
2082
7583
6950
2001
1527
1530
7017
2039
1527
1394
7144
7261
7668
2001
1401
6697
2134
6753
8356
2085
1454
1429
6926
2095
1523
7626
7361
2049
6557
2055
7109
7397
7201
7411
1930
1430
6183
6834
1902
6313
1905
6534
7325
2056
7094
2008
1502
7064
2249
6894
7412
2025
6821
7641
2054
1505
7095
6821
1943
6445
1947
1409
1419
1540
909
1534
7198
7368
7419
7528
7606
7168
2079
1489
7294
1946
6713
7422
1886
1423
1412
1523
7021
7001
2002
7028
7011
7421
7386
2070
6813
2042
1579
6613
7215
2050
6865
7786
2093
7051
2141
1478
1419
1439
1452
1478
7250
7901
6981
1945
1464
1458
1439
1492
6413
2019
6302
2045
6764
7290
1959
6558
1960
1398
1460
6507
7358
2061
1530
7036
2030
6950
2038
1460
1485
6649
2004
1423
6310
7559
6664
2017
6873
7302
7432
2101
6771
1962
1482
1447
1583
6902
1996
1512
1663
7356
8336
7561
7272
6814
7320
6541
1857
902
7061
6665
7537
1828
6402
2069
1500
1522
1474
1419
7300
1910
6698
2021
1543
7175
1993
1396
7051
7602
2152
1410
6646
2030
7549
7271
6892
7116
7765
7720
2003
1660
1566
1449
1416
1497
6838
7499
2004
6979
2155
1706
6904
7306
6932
7438
2454
1425
6165
1900
1676
1537
935
6620
1964
6559
6741
1948
1582
7034
1859
936
7652
1892
6967
7182
7161
7478
7409
7539
2046
1482
1413
6845
7009
7564
7569
7141
1962
1641
1544
6819
1965
1411
6834
1859
6346
6937
1943
1480
1529
6847
7417
2114
6954
1994
7220
8495
7727
1927
7051
7401
1892
1501
1373
6753
1982
1512
1665
6845
7212
7205
7509
7562
8098
2223
7763
7791
7571
2004
1555
1502
1481
1568
1537
1463
7010
6651
1844
1492
1492
6766
1952
7671
6901
7458
7155
7272
7552
7818
7482
2024
1452
1373
1473
7741
2017
6852
7360
7062
2301
1462
1587
7017
1927
1453
6780
6986
7395
7335
7568
2225
7070
7204
6826
2042
1463
6848
1956
1374
1568
6008
1830
1582
6466
2139
6582
1945
6932
7472
7273
1871
6976
8142
2087
6685
2100
7430
2280
6991
7581
2033
1452
6922
2002
1470
1434
1510
7153
2098
6434
1963
1469
1439
1391
1564
6428
7755
6941
2027
1494
6122
7656
1878
1393
1398
1499
7028
1990
6497
2020
6724
7328
2025
7005
2018
7242
7697
1952
6951
7437
7181
7583
2002
1446
6657
2059
6606
7326
2063
1457
1555
6829
2032
6844
7634
7467
7743
2033
1496
6872
6751
6697
2110
1485
1407
6266
7056
1867
6448
1905
7481
7426
2126
7101
7635
2112
1583
1524
6890
7092
7337
7656
1998
7211
1998
1536
1498
6301
7622
7743
1994
6850
7355
2002
1411
1434
1432
1494
7741
2094
1527
1435
6783
7832
2015
6440
7319
6633
1864
7086
7051
2035
7019
2032
6910
1930
1548
1439
6825
1886
1553
6896
2073
6620
2055
6635
2045
872
6881
7502
1996
6992
7536
7644
7585
1855
7051
1937
7274
7417
7348
7511
6881
2047
1499
1508
6720
7318
1999
1447
6984
7632
7979
7708
2561
7051
2059
7023
1945
1472
6679
1864
6912
2000
6687
7282
1998
1683
1671
1695
6857
7654
2065
7022
1963
1427
6759
7965
7094
1922
6126
1958
1460
1473
1451
6784
6556
2003
1544
1506
6229
6815
6830
1983
1451
6739
1895
6761
1973
1430
6900
2097
1554
7199
2123
6837
2114
6790
7526
7772
2089
6305
1990
2107
1502
7761
2170
6952
7041
7432
7516
7522
7512
1974
1390
1481
1511
1486
1541
6530
2029
1451
7127
1894
1453
6782
6431
7441
7129
1933
1524
6333
2082
1403
1439
6955
7341
1947
6881
7396
2156
957
6631
2061
6752
8165
2024
7036
7495
7787
7854
7176
6946
1918
1463
1540
6238
7382
6645
6854
7040
1953
7030
2043
7141
2013
1499
6947
2041
7461
7731
7087
1869
1513
1537
6850
7241
7362
2109
6809
7198
7448
1951
1478
7416
2224
1472
1673
7663
2089
1552
1442
6884
1962
1455
6597
6808
7422
6497
7316
7473
1847
1558
1494
1472
1435
1485
6494
1893
7149
7961
1985
1498
1495
7550
1998
7022
1991
7132
7377
7259
1957
7629
2044
6829
2028
1495
7058
7748
2159
6829
6912
7226
1904
7003
1997
1493
1576
1534
1438
1399
6849
7409
7132
6976
7386
7553
1870
6321
7002
1941
6245
7639
1982
1520
947
867
6667
7264
2025
1439
1395
6686
2106
1518
6505
1966
1438
6683
7523
2018
7026
2041
1524
6754
2093
1487
1508
1427
1427
1508
7190
7671
6796
1923
1001
1488
1460
1425
7143
2007
6251
2003
6696
6679
2020
6439
1938
1425
830
7431
7381
7556
7725
2079
1528
6889
2125
1558
1472
6339
7606
1890
7105
7278
7348
2046
6628
7342
7290
1916
7156
2090
1638
1445
1429
1598
1553
1518
6765
7692
7151
7848
7565
6571
1944
6839
1948
1397
6242
7470
7623
1536
7336
1916
6981
2065
1553
1507
1506
7124
1971
7128
7428
8082
7361
7380
7212
2042
1483
1519
1471
6970
1896
1583
6476
1882
7547
7441
1939
1528
1524
7086
2071
1440
7859
7476
7906
1925
6317
7326
7377
1859
6337
7142
7512
1917
1510
6209
1965
6985
1871
7285
7285
2006
6617
2167
6671
2067
1532
1525
1554
6762
7439
1978
6795
7258
7640
7638
7064
6719
1927
6043
7626
10021
6926
7992
7481
1927
1708
6916
8140
7632
1973
1509
7071
6739
7309
2000
1453
1450
6992
2182
1719
7447
2055
7614
1991
6981
7427
7659
2030
1425
1483
6941
7216
2055
6439
6988
1987
6936
7531
6791
7759
6828
7972
1943
1448
1396
6869
7643
1939
1455
1661
1505
6950
7436
7308
1984
6623
2185
1484
1536
1469
6928
2098
1436
6328
2034
6406
1858
1400
1551
913
1661
1463
6600
7699
7404
7562
2025
6743
7525
1957
6670
2622
1664
7178
7445
7331
1912
6406
7026
1881
1643
1481
6351
1998
1513
1750
6186
1938
1419
1378
6789
7203
2002
6798
1967
6607
2052
1492
7461
2026
6877
1990
6974
7338
7686
7621
1959
1627
6337
2110
1531
1445
1439
878
1385
7260
1954
1473
1481
1484
857
1405
6892
7237
1929
1552
1538
6312
6949
1974
1416
1417
7055
7256
7744
1965
7092
7969
2114
7047
2027
6544
2051
1437
1414
7082
7217
7441
2005
832
6611
2136
6638
7356
2056
1465
1482
1512
1607
1464
7226
8172
7303
2039
1498
6820
7052
7279
6694
1889
874
1380
6817
1992
6307
6936
7612
7187
1931
6713
7505
2011
7193
2127
6901
2055
1461
1466
6756
2718
6810
7642
6988
2066
7071
1874
7089
6996
1910
1464
1481
6844
7425
7599
7407
7202
6811
2086
6035
6492
1943
6932
7188
2032
1454
1383
1589
7009
7104
7309
1864
1523
7076
2075
1357
6749
2132
1475
7435
7258
2067
6823
2039
1516
7115
2103
1437
1482
1427
1487
1505
7681
7057
7793
1994
1490
1445
1454
1641
7311
1957
6465
1982
6982
7257
1843
7014
1861
1462
1503
6395
7828
1988
1587
1522
1452
6815
1986
1453
930
6926
2030
1465
7059
7947
7551
1918
6945
7491
7266
1908
7069
7381
2105
1588
1523
6698
2030
1512
6866
7847
7532
7568
7336
6822
7328
7279
1890
1461
6869
7681
6774
1813
6448
2043
1510
1559
1492
1479
7367
1890
6815
2046
7016
7759
7547
2092
1482
1460
1404
1408
7487
2036
7388
2005
1539
6777
7132
7665
1946
1433
1416
1421
1382
1500
6422
1981
1442
7135
1878
2053
6979
7529
7495
7673
2076
1491
6468
7598
7578
2009
6084
7659
1950
6508
6869
1952
1437
6866
2093
7436
7221
2105
7420
7240
7218
7416
7712
7357
2069
1533
1499
6392
6914
6876
7018
7386
1924
6176
1822
7169
2638
1692
7007
1981
7675
7421
7539
1950
806
7204
8070
2209
6292
1900
6967
6718
7332
2182
1511
6673
2077
1482
1434
6782
2041
1430
1656
6544
2038
1460
6687
7930
7522
7428
7952
7867
2035
1461
1495
1465
1535
909
6839
1910
7053
7225
1885
1493
1496
7205
1909
6280
6782
7152
7256
7554
7702
2101
6947
2085
1541
1596
1577
1682
1542
6690
7388
7418
7679
2084
7246
6951
1881
1446
6702
2009
6721
7471
7480
2092
7018
7212
2056
1518
1502
1413
1426
1382
1496
6316
2031
1409
1427
6809
8351
1874
7092
7594
7555
1991
1499
6243
2119
6794
7657
7262
7339
7329
8244
7402
2183
6743
2012
1449
1383
1481
6404
2054
7066
1943
1477
1445
1453
1452
1540
6484
1950
1563
6455
1921
6256
1938
1548
1518
1526
1588
6027
7172
1867
6289
7032
1958
6758
2125
6822
1913
1467
1462
7187
7910
7083
2003
1432
6926
1904
6105
7612
2027
1560
7067
2090
1463
1452
6925
7216
7422
1978
1418
6919
7612
7562
7152
2068
1480
1528
7038
2044
6169
1936
6105
7362
1910
6150
6984
2621
6274
1974
6726
7382
7585
7645
7539
7159
1983
1615
1605
1404
6758
2005
1506
6925
7663
2110
6290
1927
1435
1528
6320
1861
1492
6565
7342
7347
7302
7546
7188
7782
2010
6219
6542
6865
1980
1442
6435
1907
1535
1543
7183
7521
2146
6691
1951
1499
1437
1420
1430
1530
1479
6928
2075
7398
7205
8095
7598
2026
6928
2011
6948
7636
7525
7607
6946
6879
1882
6049
6738
2593
6280
2031
6648
7375
7528
7979
7353
2297
1452
7388
1905
1407
6183
1995
6143
1997
7031
7374
7346
2130
1677
1445
6609
7386
1941
7162
2049
1451
6829
7361
2153
7015
7040
7365
1901
1606
1409
6817
7257
2073
1539
1547
1488
7542
6705
7495
1948
6545
1914
6744
1940
1417
6938
1994
1563
7156
2113
1511
1454
7119
7319
1999
1517
6899
7680
2268
1449
6512
6796
7531
1838
1453
6614
1934
7599
1964
1553
6958
2089
1529
6821
7572
7125
2026
1441
1381
1519
6965
1967
6126
1976
1470
1464
6655
1979
1581
921
6962
6947
1990
1451
7110
2025
1417
1412
863
6509
1967
1694
1509
6810
7552
2093
1428
6918
2141
6803
2040
6663
7393
7635
7539
2298
1592
6524
6889
1916
6679
1937
6387
6835
2025
13271
6756
1950
1443
1499
7202
7844
1908
1582
6719
1986
1436
1521
1548
6875
7665
2095
1415
6581
2085
1502
6422
7324
1974
1547
1472
1407
6875
1848
7090
1917
6861
2072
1493
7490
7208
2007
1511
1607
6881
1964
2176
7352
7745
7634
2083
1470
6522
6869
1867
6085
1885
6719
6731
6643
1859
1503
7139
6831
2044
1562
6628
7221
2098
1595
883
7244
7662
2009
1479
1459
6962
7232
2081
6863
7709
2053
1383
1549
7024
6358
6942
7085
1967
6694
1962
6862
7422
7472
2055
7394
7655
7357
2058
1409
6070
6995
1851
6480
7087
6756
7218
1879
6743
7249
7972
1990
1503
6665
7496
2051
6863
2056
6999
2116
1427
1567
1485
6391
6857
1897
1435
6435
1868
6429
1920
1631
7029
1976
1604
6020
6840
11247
1352
1492
6025
7511
1975
6938
7842
8392
6911
1887
1562
7236
6831
1922
7096
7258
2093
1547
6603
7552
8138
1941
1564
7160
2071
6849
2110
6847
7028
2056
1552
6543
7454
7411
1813
6256
6622
1826
1435
1452
6264
7495
2109
1511
6548
1945
1462
6784
2059
1518
7017
7650
2060
1531
1438
1454
1441
1546
7006
7278
2036
1444
6795
2045
1616
6874
7719
2097
850
1417
6326
1949
7481
7131
2025
1444
6726
7856
7558
2031
1562
6891
7149
2039
7012
2000
862
1431
1407
841
865
1439
6088
7226
1946
1520
6303
1966
903
1395
7170
7622
1975
6382
7329
1943
1495
7090
7276
7298
7222
7445
1957
7743
6941
1970
1457
7167
7811
2050
1503
6357
7599
1955
6925
6747
1988
1475
6488
1868
1536
1467
6298
7061
1993
1038
6964
2038
1434
6877
2015
7114
7906
2111
6407
7370
1981
7176
6924
7418
2080
6659
7280
2071
1422
6818
7462
8519
2046
6823
2137
1559
1513
6472
2071
1476
7088
6851
1935
1435
1522
1532
1488
1402
6868
1887
6236
6825
1870
1534
7244
7740
7130
7383
7635
7615
2113
1509
7583
7368
2018
6771
7456
2013
6602
7585
7472
7004
2084
6763
1930
1449
6902
7542
1999
1507
1484
6736
7882
1970
1518
7196
1947
7062
6608
6932
6939
7613
7552
7231
1938
1538
6786
7175
2017
6804
7574
7583
1983
1562
6947
2043
1461
6831
6945
2127
1552
1507
1488
843
6904
1928
1460
6697
7067
1899
1482
6304
1943
1553
907
6012
1921
1473
7031
6814
2036
6727
7319
2027
1492
1428
6970
7724
2097
7371
7284
2126
6869
2082
1473
6951
1848
1538
7758
1919
1518
1511
6900
2058
1373
6677
8193
1933
1424
1494
6799
2028
6901
7556
7442
2018
6456
6994
1979
1499
6785
6634
6609
6785
6769
6782
1925
6688
7232
7786
2018
1518
7019
7545
2705
1419
6737
7508
2003
1383
1492
7207
7166
2064
6262
1939
6323
1926
1465
6567
7329
1969
1393
1402
7040
2081
1505
1635
1420
1647
1537
7844
7495
7993
2077
6250
7992
1986
1488
1389
6683
7054
1865
7255
7654
6954
1891
1446
6856
7328
8346
2322
917
6936
7235
2032
6989
2046
6969
2023
2170
1587
1501
1413
6892
2056
7075
6894
7166
7667
1887
1555
6378
2016
1481
6704
7633
7188
2023
1532
1477
7408
1886
7136
7673
7575
7132
2000
1483
7214
7349
1988
6110
7669
1925
1420
7632
7395
7182
2042
1529
6994
2061
7248
2135
6868
7656
2191
1390
6579
7726
7331
1991
7494
7383
1864
1435
1499
7021
6740
1897
1528
6355
2000
6662
1946
1677
1593
6720
7669
2054
1437
6997
7728
2007
1417
6800
7312
7591
2048
1524
6364
2096
6942
1961
6418
7689
1935
1460
7072
7449
8382
2015
1445
6834
7308
6944
7583
6618
1881
1462
1461
7181
1876
1591
1520
6578
6843
2130
1479
6336
1945
1376
1561
1424
6595
1902
1492
1514
6831
8232
2110
1444
6603
7235
7366
2053
7230
7402
7726
7487
7674
2563
6450
2001
1590
1485
1428
6238
7402
1868
6571
7065
2010
1617
1491
6659
7415
7606
2050
7240
2117
1467
1419
1433
7423
7044
1939
1495
7638
1973
1441
6990
7301
2727
1507
1534
6839
7590
2094
6560
2183
7531
2094
1389
7120
7482
2020
1624
1542
6720
2009
1547
6326
6921
6916
1956
1428
6291
7250
1964
6102
6715
2010
6241
7098
1910
1409
1441
7566
1951
7053
7636
2096
1507
891
6816
7359
2051
6733
7538
2008
7163
7920
6889
7052
1938
6765
1900
1403
6829
7718
2178
1477
1504
6843
7912
1904
1506
6935
1978
883
6415
6589
6852
6924
7067
7470
1956
1489
6714
7504
2060
6622
7284
7363
1960
1384
6879
2038
1728
6756
7325
2048
1504
1474
1444
1496
6413
2081
1512
6989
7661
1907
1393
6504
7508
1941
1483
6138
1943
1627
6326
7459
7427
8432
7355
7525
2182
1502
7216
6911
1956
7058
7321
7391
2081
1429
1458
6844
2099
1533
6637
1993
1562
1499
6587
7476
2062
7022
7606
2128
1458
1440
6936
1960
7301
6815
6864
1888
6775
6828
1947
1515
6880
7631
1919
6244
7128
7397
2124
6937
2022
6970
7745
7333
7281
2024
6989
2084
1527
6408
6932
7572
1864
1452
6562
2108
1480
6824
2013
1535
1499
1505
6889
2059
6815
8182
1961
1503
6650
6901
6888
1898
1460
6300
6894
1993
7189
7711
2538
1421
1555
1559
1539
1500
7219
7207
1886
836
6807
1971
1433
1472
6632
7874
2072
6687
7548
2200
963
6918
7372
7659
7734
7105
1916
6481
7462
1907
1477
6836
6775
1971
1480
6429
7218
1891
6784
7849
1976
880
970
1529
1461
1032
7274
8038
2104
898
7094
1924
783
914
1507
1471
6887
2584
6989
7361
1986
6938
7356
8061
2028
1597
6800
2030
1455
6997
7478
7416
1993
7410
1960
1438
6285
6675
1918
1475
6245
7265
1982
1610
6881
1916
1408
1633
6514
7460
7944
1958
6812
7504
2029
1428
7075
7542
7322
1987
7202
7815
7722
2017
1490
6273
7609
7094
1999
6826
7512
2085
1491
6960
7664
7200
2053
6414
7265
6471
6718
1878
6564
1955
7118
1973
6349
1916
1689
1584
6759
7369
2036
1425
6733
2122
1633
1610
860
6678
1952
772
819
6628
8215
7778
2047
6839
2154
1632
903
7224
2071
7065
6978
1876
7314
7664
2017
1468
1483
1684
6758
1856
1416
6934
7241
2047
1543
1470
6548
7266
2098
1646
11482
2069
1424
1382
1452
7027
2060
1512
1411
7318
1549
1466
7106
7498
2148
1565
6279
7462
7440
2080
1488
7436
7161
1922
6979
7922
7842
2023
1445
6761
7177
2097
1434
6987
6541
7186
1918
1432
6201
7344
1873
1542
1535
1513
1479
7004
1867
1401
7137
7184
2020
1523
1464
6759
2082
1462
1460
7275
7612
1978
1401
1447
6944
2092
1529
6588
7439
1958
1512
1522
7593
2061
1496
1433
816
6547
2030
6229
1947
6600
1936
7208
7411
7722
2148
1510
6857
7434
2080
7202
7545
7522
6699
1929
6382
6872
7582
1946
1508
1506
6269
2116
6587
1824
6912
2103
6631
2031
1443
6567
7262
1986
6849
7822
7569
7741
2108
6191
7561
1970
948
6419
7447
7185
1869
1370
7089
7518
1954
6669
7375
7601
8012
2112
6595
7798
7475
1990
6835
7404
2135
1428
6738
8159
2135
1506
1510
6787
7318
2029
1412
7086
8726
2008
1386
6744
7685
7016
1973
6171
7268
1881
1475
1471
6135
7565
1918
1536
7039
6747
7074
7294
2003
1598
6909
7741
7633
2088
6653
1987
1466
1436
6767
7564
1965
1497
6570
2117
921
7190
7701
1983
1468
1438
6453
1950
6874
7332
8454
2230
7956
8068
7694
1987
1521
6260
7336
1907
1430
6302
1920
1708
6388
6863
1978
1519
6279
7345
1875
1474
7061
7329
1984
1401
6675
7212
2196
7699
7477
7288
2290
7158
7735
7781
7727
1987
6255
6597
6795
2019
939
7010
7935
1928
6690
7429
7604
2724
7336
7655
2013
1472
6183
1904
1460
1424
6977
7251
1960
1457
6899
2086
1464
1531
7586
2007
6606
7412
7408
7706
7575
7149
7598
7811
1866
6071
6728
1891
1498
6960
7687
6915
1966
6642
2535
1501
1569
6795
2105
1506
7034
7863
2083
1526
1385
6789
1948
1391
1452
1521
6551
7291
2015
1504
899
6891
1988
6451
7623
7421
1969
1472
6568
7235
1981
6962
7241
2132
1443
6835
7258
6956
1892
6845
1975
1502
1551
6780
1998
1514
1517
6395
1872
1435
902
6455
7062
2070
6937
7404
2675
1365
6713
7350
2021
1494
6586
7251
2199
1503
6980
7519
1981
1419
1374
1433
1473
6779
6909
2117
1641
1508
861
6161
1886
1482
1554
6372
6864
1902
1379
6594
1923
1448
910
6794
1945
1460
6481
6789
2064
6630
7482
7477
1997
1475
7283
7982
1985
6997
7465
6737
1938
7230
1927
1471
1596
1644
1508
1514
1572
1477
7937
2049
1375
7546
7418
1987
866
1482
6821
2051
6977
8218
7336
2035
6463
7912
2100
6786
6490
7606
6660
1916
6357
7482
1942
1713
6777
7412
2083
7099
7532
7587
2689
1386
1460
6713
1946
1517
6990
7622
7974
2093
1507
1551
6842
1924
1438
6973
6877
1917
1439
1423
6780
1981
1561
1442
7024
8229
2084
6883
2015
6669
2072
6305
7372
6791
1966
1447
6952
6991
1908
7070
7015
7262
7401
2029
6954
7762
7292
2020
1448
6877
7822
2105
6918
7718
7111
1980
6499
2058
1459
6378
7482
1971
6212
7488
7721
7228
2585
6816
7512
2635
1448
7007
7829
7604
1918
1478
6159
7479
1967
6819
7267
7392
7252
2032
6983
7904
7606
2057
6917
7194
2060
1529
6134
7472
1954
1436
1403
6832
1866
6909
1878
6375
1952
2059
1461
7065
7018
8189
2044
6742
7639
7706
7658
2061
6576
7474
2041
1482
6855
7681
7738
7765
1909
1414
6386
1840
1594
1453
6713
7412
7732
2188
6852
7266
6878
2044
1508
6825
7253
7011
1936
6488
7655
1923
1534
6204
8159
7317
2073
6555
7272
7202
2033
1415
7826
1986
6872
1968
7749
2121
1511
1481
6587
7549
1958
1661
6652
1877
1418
1417
1635
7241
1997
1656
1389
6920
6641
1937
1526
6412
1983
1473
1587
6512
1965
6622
7645
2044
1476
7047
1971
906
1460
1516
7250
2121
1671
7436
7081
1975
1494
1480
6207
6797
1892
1531
6655
1896
868
1497
1453
6940
2083
1480
1460
6784
2167
1436
7782
7361
1973
1496
6786
7264
7220
2034
7106
1973
6534
2043
7100
7474
7508
1948
1516
1570
6782
1908
1377
1507
1492
7104
1925
1523
6488
7106
1962
1479
1503
1446
6665
7391
2073
1498
1517
6921
1989
7548
7495
7482
1940
1690
7218
7863
2151
6865
6754
1972
1476
6984
7321
7652
2126
7198
2068
1444
1610
6787
1989
1479
1462
6383
7992
1975
1576
6957
7571
1946
6370
7575
7323
1928
5979
7355
7638
2111
6806
7631
2028
6769
7212
7656
1964
1618
791
908
1501
7169
7042
2111
1559
6185
1969
1496
1409
1523
1550
1527
6250
1862
1417
6516
1892
1591
1456
6867
1967
1516
7073
6958
1900
7108
8345
7144
1955
1401
15515
7292
2005
6515
7762
7639
1935
5921
7212
1966
2014
1405
7085
2096
1436
1480
6846
2093
1464
6792
7359
1949
817
1457
6842
2086
7719
7421
7022
2056
6582
6838
1970
1516
7113
7548
7358
1911
6494
6939
7218
7279
2222
1526
6883
7395
7530
2080
6757
1960
1451
1426
6937
7602
1975
1507
7468
2061
856
6868
6561
1924
1437
1455
1392
1486
6376
7297
7668
2146
6892
8188
7129
1995
1457
6563
6841
1868
1532
7018
1958
1536
943
7101
1941
1397
1493
7043
1903
1460
6766
2038
1634
1635
6785
1966
6657
7468
7371
1990
1538
6769
7438
2050
6678
7622
7622
7628
7385
6161
1873
7050
6614
1901
7725
6897
7140
1957
6676
7953
2006
958
6830
2203
1504
957
6991
10398
1485
913
7132
1905
1464
924
7031
2071
1626
6025
7115
7639
2110
6921
7733
7343
2072
6805
8032
2025
1399
6526
6999
7127
1930
6351
1929
1508
1531
6244
1987
1427
6856
7248
1844
853
1394
6267
1994
1449
1413
6634
7272
1920
6573
7328
1977
6824
2728
1455
6853
2131
1480
6778
7615
7809
7822
2040
6212
1907
6307
1836
6258
8302
7611
2132
1469
940
6998
2075
6776
7827
2006
1409
6536
2613
6949
6624
7439
1944
1578
1451
7139
7424
6667
1850
6763
1889
1476
1558
1533
7017
7589
2137
1450
6830
1949
6952
1997
1451
6726
7598
2120
7258
7819
7644
6814
1958
6192
1915
1444
1515
6162
6795
7609
2024
6450
2016
6670
2034
1628
6695
7366
7387
2040
1436
7217
1985
6675
7548
1952
5391
1935
1500
1510
7584
7721
7572
2061
1428
6710
7505
7626
2115
1581
6645
2090
6673
2019
6590
7082
1848
1458
6999
1952
6186
1969
6480
7282
6697
6969
7351
2039
6661
2066
1501
6837
7488
7329
2014
1413
6825
7393
1909
7067
2045
7243
7547
1991
6382
6748
1991
1446
2136
1529
6769
7529
7645
2140
6672
2092
1507
1416
6474
7938
6966
1898
7157
1393
1471
6332
6738
2007
6934
2089
1497
1422
6065
7092
7362
1977
1494
1563
6864
2070
6760
7261
7212
7459
1953
1375
7073
7752
2047
6671
1933
6204
6712
2016
1503
6107
2022
879
1388
1448
6214
1867
7394
6930
8130
1982
1500
1457
6679
1981
6895
1982
6985
2111
1546
1530
1461
7369
7884
1889
7271
1927
1409
6938
1938
6825
7378
7369
2075
1520
1511
6760
7419
1997
1429
1472
7097
7162
2107
7330
1995
6505
1960
1433
7162
7664
1931
6949
1885
6211
1959
1675
1494
1445
1430
6941
1864
6996
7007
1955
1502
6741
7318
7381
7522
7415
2040
1339
6816
7532
7727
7910
6770
6879
1912
7475
7364
1920
7043
7702
2109
1525
1610
6692
7041
1978
6473
1953
1441
6471
1921
1533
1521
6226
2007
6321
1932
6316
1982
848
6038
1957
1605
6058
1951
1421
1431
1419
6670
1904
1490
7377
2134
1446
1441
1483
883
6825
8222
1916
1519
1629
7437
2020
1426
6558
7645
1983
6928
7172
7448
6770
1982
7048
2017
1516
7113
7668
6910
1902
1408
1440
1430
1473
7246
1960
1486
6752
2060
1483
1613
1510
6496
2234
1452
7734
1955
1387
6797
2017
1430
7321
2112
1558
1508
1459
1395
1639
7175
7437
1878
1506
1486
1358
1458
6164
7231
7535
2034
7620
7461
8261
7349
7398
7326
7062
7262
6892
6728
1952
1517
1593
1433
1483
7122
7514
1885
1422
1571
934
1511
1493
6571
1861
1395
7254
1947
1540
6738
1977
7459
2038
1429
6833
1955
7081
7299
2076
6694
7377
7596
2076
7463
2123
1467
1454
5985
7388
1908
7025
7421
1987
7064
7424
7200
7051
1952
6598
6847
1942
6354
6852
7482
7364
6579
1904
1430
6774
7402
7512
1998
6650
8191
2052
1513
6680
2090
1575
1515
1437
7076
1967
7000
7689
2038
1545
1443
6182
7343
6800
7339
7528
1924
7245
7748
1991
7665
7122
7325
7454
2074
7468
7251
1906
7100
6598
1880
6783
7631
2204
6804
7474
7399
7382
7259
7142
1958
1418
7110
7166
6742
7411
7505
1930
1454
1466
5977
1948
1512
1470
1425
1402
1403
1445
1527
1509
1538
6991
1882
1487
7319
7421
1986
6556
2013
6831
7368
2094
6895
7598
2102
1424
1503
1650
7009
2239
7159
2136
7544
2115
1484
1455
6031
7517
7745
1926
6903
7776
7548
7322
7950
2011
7315
2038
1549
1513
6953
7541
6727
1861
1473
1544
1507
1546
6406
6676
7392
7321
7582
2095
7130
7417
1986
6774
1932
6746
7648
2021
1426
7156
2127
1465
1459
7071
6758
1914
7060
1905
6368
1976
1525
1497
6931
2038
6909
1825
6389
1936
1409
1502
1492
7403
7195
1967
6543
2075
1541
6764
1949
6848
7903
7077
1939
1644
1599
6386
7264
1874
1561
6745
7600
7477
2073
6718
2001
6873
2003
1478
7056
7496
2115
6884
2000
7327
1987
1439
868
1553
7037
7631
1949
6214
6728
2407
1615
1459
6779
7776
2025
1502
6741
2050
6644
1994
1439
6556
2051
1390
6930
7520
7341
7494
2289
6782
1998
6955
2062
6537
7440
6768
1976
1430
1404
7346
2548
1542
1518
1521
1470
6663
1908
6995
7626
7252
2060
1544
1480
6461
2022
6632
7557
6895
1875
1433
1426
1497
1472
6356
1936
1467
6341
1918
6326
1968
1560
6051
7081
1908
6941
7488
7299
2121
1522
7749
1934
7703
2010
6896
7489
7022
2102
6654
1911
6196
1895
6369
7472
8270
6975
1982
1621
6601
2003
6716
7192
2021
6859
1997
1505
1562
6996
11871
7162
1907
1376
6538
7346
7117
1917
1478
6914
2068
6938
2122
7615
7585
2080
915
6866
1967
7484
2062
6544
7079
7245
7596
1920
1546
6189
1930
2260
6362
6462
1841
1486
1501
1496
1497
1593
7068
1890
7103
1958
1454
1505
1493
1509
1500
1475
6532
1847
1468
6703
2072
6801
2028
1445
6985
1991
6727
7672
2003
6855
7662
7872
2113
6078
1997
1532
1495
7056
7065
1945
6725
7731
2010
8024
7428
7042
7029
1957
6247
7035
1857
7059
7641
6725
6582
7552
1946
1504
1430
7189
7605
2087
6860
7322
2027
1521
6702
2079
1528
1523
1427
7092
1944
7929
7105
2038
938
1467
7050
7571
7091
7428
7608
1977
6443
6842
7125
7095
7281
7309
8049
7737
7745
10094
1483
6749
8509
2054
6773
7452
1920
7094
7278
7559
8181
2034
6435
2057
1539
6453
7030
7588
7835
7281
1868
1435
1471
7491
1618
1470
1520
1486
1453
1402
6586
1900
1380
7567
7267
7396
7426
7468
7668
7539
2067
7173
2075
7268
6765
7501
7754
2001
7729
7674
2022
6935
7145
1999
6677
2678
6609
6865
2015
6350
1974
1658
6556
1898
1488
1430
7166
1976
6097
7392
7191
1951
1542
7122
2068
1448
7029
1964
1508
1541
1493
6862
1946
1419
6849
2003
1506
1502
1511
1492
6821
7524
7515
2007
843
6333
2125
1413
6039
6857
1926
6431
7362
7531
7624
1992
6473
1947
1453
6863
7099
7255
1964
1509
1470
1620
1474
6971
2087
1454
1399
1536
1472
1519
1448
1455
865
1460
7330
1520
1572
7141
1958
1384
6371
1992
1506
1644
1495
5970
1890
6840
7662
2029
1409
1563
1440
1507
6839
7485
2015
1498
6850
1948
7101
7216
7142
7728
2038
6564
6796
1997
1586
6279
1943
1546
6477
6519
1905
6296
1872
1413
1507
1532
6629
7982
7068
7495
7369
2143
1684
1587
6843
2037
6939
7569
8022
2065
1647
1493
7125
2014
1402
1412
1479
1498
6103
2186
6218
6792
7202
1993
1423
1377
7123
7869
1987
6645
7053
7851
7529
1912
1514
6230
7439
7011
2007
6869
2561
6939
1866
6743
7571
7766
2102
6807
7376
7415
7745
2116
7219
2129
7158
2132
6407
1991
6235
1905
6290
2020
6307
1924
6934
1936
6482
7718
2030
1504
6703
1962
6581
2085
1401
6825
1986
1494
1579
6813
7125
7722
1918
1478
7021
6597
1884
1461
1524
6784
7572
2133
1467
6934
2067
1405
1465
6760
1931
1729
1479
7149
7606
7752
7282
7117
2047
6341
1859
1434
6979
6935
7385
1896
6874
6721
1886
1526
7044
1980
6703
7322
7532
7732
2003
1503
1425
1532
1510
6690
7342
7442
2049
6989
2050
1431
1414
7366
7655
7526
2584
6229
7198
7835
7562
7408
2087
6465
2015
1445
1402
1482
1490
7484
2025
1480
6289
1976
1447
1404
1458
6442
7063
1834
1499
1465
6324
1951
6832
1937
7046
1951
1547
1504
6707
1941
910
1461
1427
7104
2036
6876
2075
6699
1989
7503
2005
6688
2019
7045
2061
7003
2038
6386
2775
1544
6947
6821
1910
6470
1984
6825
7618
1830
6446
7199
8087
1972
1549
1500
7743
7668
2037
1471
6981
7325
7117
1887
1370
7049
6587
1875
7746
7405
7429
2047
7683
2031
6878
2047
1437
1456
1494
1645
6936
2069
6618
7969
2072
1458
1542
7111
7271
6996
7039
7322
1914
6825
1823
6284
6985
7202
7099
7399
2042
7055
2093
6807
7538
2072
1514
1431
6929
7619
2009
7295
2158
1690
1661
1629
1429
1636
6906
1950
7246
1941
6345
2243
1496
6759
1955
7099
7658
2035
1432
791
1501
6721
2063
6511
2709
1445
1479
1480
949
1561
6569
6816
2015
1428
1516
6883
1859
1505
6342
6862
1998
1630
6306
7255
7218
1961
7131
2218
1441
1502
6785
7424
2156
1553
1580
1426
1440
6913
2030
1487
1478
6569
2080
1447
1405
6832
1928
1423
6964
2106
1474
1483
1570
1475
1542
1538
913
1484
1417
1415
1369
6489
7629
1931
1468
1494
1496
1430
7150
6784
7396
1907
7172
1920
6357
6988
1967
6720
7139
2023
7424
1932
6823
1978
1537
1487
1497
940
6665
2069
7125
2121
1435
1412
1417
1495
6585
1987
6717
1970
1422
6689
7811
7673
2018
1562
6813
2024
7878
7619
7534
7471
7053
7029
2254
7296
1990
7032
1438
7047
7564
1862
6418
1822
1467
6634
7172
7257
8226
2121
6845
2096
7718
7498
7522
7718
7276
6681
7512
1904
6275
7251
7956
2017
6749
7206
1921
1534
7266
6515
1969
1503
1416
6358
1882
7106
6834
6765
1888
1469
6755
6572
7338
7342
7525
2079
6735
7409
7302
2076
7004
8493
6894
2091
6086
6632
1878
6443
1939
6898
7382
7017
7912
7336
7861
7355
7567
7966
7102
1944
1404
7778
8078
8204
7781
7439
2120
1499
1369
6789
1961
6949
1990
1509
6840
2097
1494
6609
2036
6501
7046
1995
1445
7251
1972
1708
7004
1951
6270
6713
6835
7653
1967
1514
1466
1476
1473
6526
7352
7978
2050
6878
2075
1453
1384
6912
7462
7694
2002
7009
7915
7862
6704
7356
1920
7043
2032
1668
7517
2037
1446
7322
2032
1425
1578
1484
916
1470
1426
7067
7400
2036
1626
1656
6648
2072
6535
1994
6386
1893
1467
775
6916
1502
1644
1500
1512
6949
2011
6321
1960
6179
2086
1506
1521
6312
1895
6768
1902
7221
2045
1497
1516
1525
6893
2150
1435
6803
1926
6700
8030
1946
7327
7745
2047
6437
2120
1519
6273
7032
1919
1456
6219
7558
6245
1888
6356
2104
6830
1993
7351
7897
7260
2047
10881
2187
7245
2014
1428
1422
1535
1585
7113
2082
6977
7195
1921
1466
1445
6718
7722
2086
6962
7602
2046
6883
2088
1387
1459
1436
7101
7286
7291
7339
7728
1911
1493
1452
7127
1494
6912
7594
7191
1868
1423
1429
6312
1821
1497
1568
1437
1460
6548
2668
6612
7188
7609
7399
7432
2108
7645
7424
7489
7122
6752
6877
6646
1973
1532
6690
7525
7579
2027
6921
2000
6446
1950
6670
7755
7025
1866
6588
6812
7335
6593
1987
6557
1907
6871
2101
6958
7721
7656
1991
6769
2024
6884
1900
7129
2681
7171
7321
1903
6203
6785
1962
6779
1910
1400
6874
1871
1443
6433
1987
7234
7467
1977
1508
6614
7464
1971
1467
1444
7182
2010
6719
2123
7187
1947
1491
1485
9375
1561
6715
2000
6843
7472
8172
7484
7559
2033
6835
2066
1506
7442
7315
6918
1983
1449
1390
1516
1480
7313
2034
6451
2112
858
1385
1489
1507
6982
2071
6083
1871
857
7410
7425
6921
7362
1890
1500
1525
6771
7452
8372
7457
7696
7507
2030
6985
2041
6479
2094
6078
7660
1845
7070
7330
1952
7109
7665
7489
7375
1917
7106
7621
6768
6912
7482
7464
2045
6691
7237
1996
7229
7587
7662
2135
6636
7296
2014
1488
6770
7512
2095
7175
2099
6819
1951
6395
7606
2107
1442
1439
6854
1897
6255
7764
7732
1965
6577
7115
8271
2023
6845
7202
7770
2031
6911
6441
1932
7032
1907
7099
7613
7409
2089
6824
7643
7372
7485
7015
7816
2007
1516
6426
7486
6762
7463
7658
1911
1408
1423
6553
1908
6752
1956
1524
1552
1454
1482
6773
2021
6889
1965
6835
7420
7285
7589
8413
1976
7076
2122
6846
7247
6878
7309
7592
2084
6908
2557
6557
7125
1956
1591
1538
1592
7481
6357
6756
2029
1463
1420
1444
1413
1520
7220
2013
6284
2053
6966
1991
1461
6779
1828
2128
6893
1953
1498
1491
1426
7099
1994
6790
2069
923
963
1503
1422
827
1411
6670
1973
1481
1514
6723
2013
1391
6646
7431
2030
6879
7848
2180
6703
1991
6986
2029
1462
6998
7476
7563
1891
6641
1971
1390
1525
6466
2024
1470
1428
7490
2103
1412
1554
6555
2123
1500
6787
1956
6944
2129
1384
1521
7247
2111
1479
1525
1450
1446
1462
7288
7585
1962
888
1505
1499
1460
5990
7315
7675
2099
6820
2107
6799
7496
7391
7326
7098
2018
6489
2082
1419
6456
7794
1843
6225
7337
6618
1875
1448
1444
1626
6336
1921
7423
7258
7162
7415
7441
7666
7698
7932
2108
7139
2098
1391
1553
7161
2056
6123
1930
1566
1401
1472
1576
6102
1928
6369
8105
7678
2171
1541
853
6830
2026
6806
1932
1466
7312
7828
1949
913
6914
1958
7115
7535
6772
6836
1983
1525
1484
6128
7256
1975
1552
7294
7565
2068
1396
6841
1938
1437
7726
7421
7452
7675
7809
2236
6800
6914
1985
7057
1973
1509
6194
1999
6185
6882
1881
2168
6700
2055
6683
7885
2173
6817
1934
6954
7966
2062
1522
6611
6680
6598
7266
1978
7135
7495
7415
2012
1491
1502
1552
6950
8401
7635
2000
848
6788
2017
7205
7734
1926
1497
6182
2541
6883
7335
6461
7445
1821
1539
6481
2060
1511
1535
7032
7135
7496
7422
2052
6928
2021
1398
1444
1444
959
1483
1504
1514
6910
2003
6929
7652
7132
2130
6117
2595
7032
6790
7252
7776
7604
2042
6780
2001
1455
1387
6642
7742
6831
7516
7017
2016
6273
1956
1472
954
6177
6645
1936
6622
1860
1371
1419
1446
7158
7456
7419
2068
1476
6707
7305
1970
1517
6831
7475
2136
6647
7565
1932
1473
1411
1410
1400
7012
1877
1421
6215
2117
6199
6669
1923
7257
1980
887
7191
7247
1927
6664
2064
1529
6712
1995
7059
2197
1433
7488
7288
1869
1520
1492
1471
6340
2018
1526
1452
6814
7944
7433
7490
2059
1454
1452
6805
6825
1980
6799
2047
1586
6669
7292
2046
6413
2076
1487
1453
1532
1400
6422
1938
6565
7608
1862
6754
7281
1875
6948
6912
7933
1949
1468
6619
7379
7621
7523
2051
1459
1395
6877
7661
2037
1659
1444
7086
7058
7755
1858
1495
7070
6874
1938
1540
1454
1440
6713
1997
872
1430
7118
2039
1439
1433
1519
6992
2648
6715
7045
2106
1478
1511
1541
6477
7638
7401
1938
1449
6435
1852
7003
1930
7096
6538
1955
1475
6698
1950
7284
2149
1635
7550
2046
6836
7248
7290
2007
6744
2686
1555
1489
6895
7957
2048
6128
1862
1496
1560
1592
1439
1491
6307
6932
1998
6378
1938
1426
1416
1529
6933
1987
1381
6469
7594
1926
6625
2030
1540
1531
1581
1416
1398
6540
7196
7355
2076
7308
7205
1965
7005
1976
1482
1601
6044
7314
1977
7216
7462
2013
7528
1951
1518
7062
2033
1466
6751
1981
1421
1405
6835
7352
2069
1481
929
1557
6586
7742
7521
1976
1434
7184
6741
6557
1914
1425
1487
7320
6937
1978
1447
6843
7415
7368
7552
2025
6669
7768
7550
2032
7142
2055
7098
7444
1956
6998
1930
1433
6298
7264
7739
7549
1949
1409
1434
6588
7086
1996
6823
2010
6273
1953
889
6247
6908
2145
6285
1903
6888
7275
2597
1619
1521
837
869
6698
1839
7011
7559
7409
2066
1528
6720
2073
6750
7488
7486
7685
7383
6918
1932
1414
6372
1893
6108
6675
7032
7066
1941
6799
7982
1974
1495
6869
2033
6961
8011
7231
7082
7326
7137
1907
1581
1541
7143
2040
1507
7101
2192
6802
7532
7362
2065
1402
7023
7229
1893
1454
7157
2219
1478
1522
6649
7668
6735
6572
2192
6021
1942
1439
1468
1577
6250
1896
1522
1432
1422
1482
7382
8196
6980
7412
7376
2094
6935
7622
7756
8035
7795
2038
6078
1979
1472
1599
6146
7062
1947
1416
7562
2055
7261
7459
2107
1522
6568
1946
955
7242
2064
7069
2060
6993
7417
6790
6839
2030
1455
6166
6722
1901
1379
6808
7739
2033
6992
7513
7262
1998
1496
1466
1516
6797
2048
6885
7791
2063
6521
6755
1988
6312
1958
1475
6968
6935
1898
6900
1831
1514
7146
1991
6496
2029
1506
6578
7155
2082
1465
1485
1411
6982
1967
1455
1482
7025
7112
7752
7448
2507
1431
1562
6068
7220
2037
7254
2122
1608
9054
7324
1992
7036
7736
2032
1411
1677
6695
7322
2022
6751
6998
7398
2001
1513
1615
1439
6131
1864
6247
6571
6655
6988
2064
6757
7508
7459
7422
7399
2101
1473
1532
1478
1488
6825
2081
1458
1501
1639
1512
6877
1949
6973
7727
7541
1894
1395
6261
6812
1923
6759
1996
1506
7292
7523
2015
1524
6680
2040
7454
2098
6744
1969
1471
1378
1405
7186
6774
1862
1570
7102
6907
1990
1495
6185
2041
1464
1431
6768
7114
7696
8345
2085
6750
7272
2016
6672
2158
1428
6775
1962
7121
7819
2090
947
6654
1927
6512
6828
2096
6057
1981
6930
7034
1947
1413
6542
7222
7212
7367
1907
6987
7976
7987
1895
1478
934
1468
7227
7244
7355
1932
1570
7023
2051
6857
8256
2086
1612
6853
1972
1381
6850
7366
7262
1933
6353
7470
1966
1478
7021
2002
1567
7101
1935
1597
6148
7136
7491
6945
1961
1546
1506
7601
7145
7438
1964
1392
6893
7468
7486
1988
1433
1515
6966
7636
7805
2118
6138
6816
2072
6575
2010
889
6741
7444
2021
7013
2113
6688
7073
1958
7246
2128
1515
6340
6830
6846
7784
1993
1501
1555
6773
7298
1951
7103
1960
7207
2107
1574
6874
7629
1934
7512
1960
6604
7349
1945
6895
2023
1518
1519
7522
2134
6929
6771
7492
2022
1440
6222
2016
6259
7672
7667
7108
7209
7255
7423
2052
7205
2038
7385
1915
7143
6507
1854
6733
7569
1982
1529
7660
2075
6844
7958
7300
8244
7414
7175
1995
1514
1486
1454
1389
1430
6411
2010
6277
7479
6834
1957
1638
6126
1841
7189
7725
7284
7149
7478
2017
6820
7424
2076
6815
8465
2064
1495
1438
1629
7163
7161
6726
1999
1592
1551
6349
6902
2022
1512
1495
6675
7639
7327
2042
1415
1482
6682
2019
1473
7417
2061
7209
7551
1885
1413
6283
1940
6439
1959
1479
6203
1986
6995
7364
1971
1438
1372
1437
6721
7390
7408
2039
1590
7689
2063
6783
1987
6712
7563
2034
1537
6931
2067
6357
2100
1506
6698
1869
6189
7596
6931
1893
6134
1875
906
1506
7338
7832
2214
6746
2030
1501
1436
1515
1521
1476
1424
6697
1983
6753
1914
7070
2173
1521
7365
2094
1487
7227
7573
1993
6009
1859
1402
1442
1474
1517
1528
6630
7583
7738
7529
7482
7562
2098
7582
2071
1526
1531
6593
7008
2090
1443
6472
7488
1901
7159
7258
1886
1482
865
1499
1474
6717
1937
6196
7316
7175
7855
7334
7504
7690
2171
6843
7722
7846
7791
2021
6069
2763
6206
1909
1505
1425
1476
1381
6258
2009
6665
8082
7486
2081
1449
886
1677
1559
6650
1948
1395
6526
7142
1955
923
6283
1950
6779
1877
6408
1944
6429
1978
1498
6997
6650
1927
1473
1373
6766
1861
1441
7153
2068
1538
1488
7893
7741
7309
2043
1511
1417
2218
1517
6711
2074
6983
2172
1486
7021
7148
2021
1563
6124
6972
6786
2008
965
6984
2025
6148
1920
1433
6548
7768
7121
7078
7372
2043
6811
7885
7135
1933
1451
1489
1497
6185
1872
1494
1495
6710
7238
1988
7045
7512
2121
1464
7510
1936
1377
7094
1924
7056
2250
1517
7715
2135
1483
1569
6643
7835
7874
7445
2010
7113
2128
1527
1507
1392
1402
1411
1522
7036
1953
1463
1548
1475
6931
1418
6197
1826
7245
7457
7866
7615
7453
2017
6702
2067
1478
1516
6807
7489
7648
7159
6789
1888
7075
6826
1962
1504
7527
7670
2075
6981
2049
6652
2002
7301
1936
7223
6864
1873
1432
6375
7022
7605
1947
6132
6618
1978
6583
7392
7535
2116
1535
866
6818
8035
7166
7506
7648
2011
7437
2784
6726
6628
1950
1454
6253
6656
1905
1443
824
6980
6985
1991
7375
2036
6668
8004
2034
1622
1488
1517
1448
6732
1967
1452
1516
7092
7305
8020
7483
1931
6771
7288
7472
1978
1723
6903
2259
1551
6918
7641
2021
6795
8582
2055
6645
2068
1460
7084
1968
6558
6834
1964
6979
6705
1958
6700
7650
7001
2001
1496
1450
7460
7241
7436
1948
1606
1569
7045
7516
1999
7058
1999
1418
6999
7706
1969
1495
1439
7174
2128
1539
1524
7068
1893
6416
1874
1425
7062
2001
1617
1480
1416
6799
1978
6988
7578
7469
2086
893
843
7166
7097
7022
1948
1439
1383
811
6475
1907
6423
1969
1520
1514
1634
1427
6969
2033
1474
1494
6900
7367
7412
7719
2046
6829
7465
1959
1663
6747
7228
2103
6815
2009
1478
1664
1619
1470
1446
1419
6867
2066
6730
2111
1446
1424
1533
6076
1918
1543
954
7068
1893
6406
1948
1519
1511
6876
1964
1479
6294
7111
7679
7967
7198
8284
2050
6811
2057
7191
2061
7152
1987
1496
6240
7115
1913
6667
1928
1446
7087
2017
1443
6838
2072
903
1456
6754
7545
7323
2135
1489
1424
6865
7622
7872
1971
846
6373
2156
6322
6784
1984
1487
6922
7297
6915
1858
6491
7402
8016
2095
6829
2000
6798
8289
2045
7879
7479
7568
7038
2100
6038
1913
1396
1427
6434
7642
7271
1918
1412
1494
7301
7367
7296
7142
2001
6653
2026
6320
7594
7217
6810
7678
2029
6104
7181
7496
2005
1542
1513
1536
7055
2058
1436
6711
7309
1986
1498
6722
2068
7005
7740
7632
6864
6639
6802
6672
1964
6212
1939
6723
7048
7319
7085
2000
6748
7532
7988
2035
6682
1939
6220
7406
7071
1861
7119
7479
2150
1537
1462
1431
1608
1661
7603
2045
6951
1996
6737
2060
3925
6867
7382
1926
1455
7241
2036
7230
7498
6917
7318
7271
6827
1957
6653
2014
7050
1962
1512
1581
1673
1635
1467
1430
1388
1440
1519
6523
2117
6796
2006
6996
7438
7546
7668
7852
2166
6427
2078
801
849
6772
7557
6811
7485
7822
2027
7043
7206
2021
1706
6558
7098
1998
6263
2453
6834
2033
6364
7648
7427
6842
1958
1533
6940
7667
7650
2174
7067
7192
2008
6641
7552
7686
2028
1391
1609
7190
7757
6911
7428
6695
2006
6178
7083
2089
7360
2055
1514
7321
7901
2076
6766
1966
6771
7846
2079
6496
2083
1507
6904
1903
871
1405
1529
1472
5978
1924
1513
1485
6780
1897
6999
7616
2036
7493
2039
6969
1987
1519
2253
1370
1770
7086
7762
2207
6616
7105
2083
6324
1962
6211
7386
1869
6919
1824
1412
6721
1877
1543
1489
6289
1917
6777
7425
7109
7472
7544
7446
8122
7521
7688
6955
6738
6936
1960
6253
1914
7446
1914
1501
1760
1491
1436
7119
2061
6807
7249
7829
1961
1542
1478
1558
1640
6570
2021
1437
6980
7055
1864
1416
6436
1949
6241
1985
6994
1587
1414
1536
1510
6059
7132
1950
1504
1450
7032
2009
1463
6816
2024
1493
1541
6689
7409
7198
2024
1577
899
833
1585
6921
2044
1482
7724
2034
7312
7697
1842
811
6988
1949
7102
2007
1483
6959
1970
6978
7031
1945
6585
7312
7332
7452
7536
2059
7423
7170
7700
1895
7141
1886
1454
6738
1961
1468
1412
7523
7256
7602
7371
7750
2275
1491
6892
2097
1472
7454
2177
7205
7531
2153
6304
1913
1431
6098
1917
1541
6073
1973
1496
1490
6779
6498
7409
1964
1478
1490
6771
7332
7822
1969
1381
7094
7459
7472
7232
1943
6887
1994
6382
6982
2008
6521
6966
7415
1929
6832
2076
6979
7608
2099
6469
7628
7389
6487
2025
1433
1380
1492
6477
7130
1961
6308
1971
2019
1421
6962
7261
1951
7047
2107
6597
2105
1481
6550
7992
7491
8548
1978
6863
1966
7205
2015
1561
1511
1547
7106
1908
1505
6480
7739
1984
1575
6935
2034
6077
6732
7515
7091
7261
7535
7502
2081
7327
2051
6535
7649
7561
7261
1866
6936
7215
7222
1993
6780
1946
7028
7562
7598
2060
7319
6952
2051
1490
1638
1563
1399
1419
6058
1891
6151
1941
6242
1975
6992
6944
2485
1410
6307
1987
6628
7559
2096
6919
7631
2133
6757
7337
7265
2052
1426
1426
6827
7138
6952
1805
1439
1539
6292
7675
2040
6850
1957
7043
7561
2061
7597
2011
1416
7359
2008
1487
1485
7085
1919
6201
1878
844
7003
1974
1533
1491
1506
7169
6990
6772
6795
1988
1398
6785
1831
1425
6886
7238
2006
1497
6535
2029
6669
1964
6822
7598
2037
1460
1581
1503
6846
2014
6243
2159
6101
6939
7099
7342
1866
6171
6819
2022
1484
6237
7206
2021
6780
2056
966
1638
1582
1420
1447
1488
7122
2048
7276
2157
1528
934
1419
7379
2045
1396
1720
6283
1996
6253
2070
1505
1507
6470
1822
2110
7543
7454
7217
7290
7397
7496
2142
6887
2064
6740
1956
7261
1968
1411
6460
1936
6087
6573
2002
1481
6141
1967
7046
6834
1921
1395
6236
1941
1421
6592
1990
6734
2155
6946
2530
7187
2028
6816
2099
6678
2084
1501
1557
6811
2128
7040
2072
6529
2017
6216
1892
6417
7819
2026
7713
7474
2141
6985
2134
1479
6840
7832
2005
7004
7246
6485
1840
1575
1517
1493
6961
7761
8307
2168
6299
1888
876
6944
1940
1506
1660
6816
2099
877
1373
6728
2079
7485
7165
2139
6841
7576
2104
1507
1453
1441
6983
2130
6340
2151
1603
7224
1975
1507
7231
1902
6340
6832
7542
6644
6754
1959
1414
6527
1975
6959
7662
7535
7969
2068
6630
2133
6951
1943
6893
1990
825
1435
1528
1528
6941
1901
7003
2033
1455
6728
7335
7605
8102
2105
6799
2113
1479
6879
2042
1478
7393
7531
1865
6101
1911
6796
7331
7347
1840
6487
6918
2049
6607
2070
6811
2117
7000
1995
7052
2071
6859
2106
6577
8042
7302
2054
6326
2148
7158
1957
6430
1911
6332
1898
1397
7600
2001
911
7064
2144
7642
7526
2085
1431
6626
1909
1460
1504
6340
7388
7345
6901
1928
1491
1423
6472
1893
6223
6819
1957
6646
7222
7275
2133
6512
7176
7428
2140
7099
2047
1460
6944
2117
1416
6571
2002
6162
6862
1946
7254
2073
6951
6488
1936
6419
7061
2045
6641
1960
1612
1512
1497
1595
6848
7722
1948
7152
2109
1438
1497
1506
7397
2074
6369
1973
7187
1935
6982
7577
7256
7422
7302
1962
6836
1998
7205
8336
2112
1519
1581
1374
6735
2016
10031
2066
6317
2036
6848
1990
6743
7361
1917
907
1500
1415
1412
1455
1472
6136
2455
1442
6296
2151
1577
1561
6267
2115
1488
1455
6537
7506
7552
7695
2028
6836
7459
1945
920
1504
6624
7398
7931
7748
1965
6528
1936
7305
7383
7380
7564
7580
2020
7214
7964
1938
6074
1965
6752
6915
1911
6395
1994
7028
6674
7479
7465
7300
7215
7249
2129
6770
7528
1944
1481
1488
1508
6818
7962
6931
1956
1539
7214
7804
7593
6541
6829
6839
7177
7269
7415
1975
7029
8159
7591
7494
2094
1426
860
6960
6789
7632
7255
7169
7385
7529
7536
7521
7132
2036
7115
6711
1976
6190
1912
6229
6672
7008
1856
1535
4442
7160
7196
1984
1584
1501
1461
6985
2201
1406
950
1465
6918
7609
2116
7577
2095
6543
1995
1691
6839
7442
6886
7618
7437
7878
7361
1986
6962
7339
2066
6734
7084
6980
1966
6095
7297
6911
1915
1432
1393
1450
7412
1983
1516
6952
7550
7412
1870
1535
1418
1401
6739
1969
6625
2133
1487
6602
1996
1456
6661
2023
1503
6838
2021
7097
2065
1515
7686
1369
6352
2051
1446
1604
1511
1627
1623
1444
6269
1881
1422
7032
7145
7385
6648
1962
1440
1414
6167
7472
1974
871
1461
1501
1517
1499
1416
1402
1421
6662
1892
1493
1490
1320
6791
7509
7962
2064
1501
1500
1451
1729
1505
852
1597
1406
1495
7375
2090
922
7225
1976
1469
1370
1434
1688
6937
7871
7257
2039
1339
6927
7403
7262
7356
1979
7173
8512
7481
7235
2011
1519
6314
2004
1505
6258
6616
1972
6795
1951
1408
6177
7532
1901
6356
7202
1862
7552
2024
6955
2124
7033
7567
8216
2584
6889
2005
1482
1469
7018
2158
6356
2075
6871
1959
6348
1885
7147
2062
1398
7880
1997
1490
6969
2106
6857
7412
2052
1437
6479
1975
6239
1970
6034
7249
1950
6179
1935
1464
1457
6535
1971
6396
6846
1945
7755
7371
7522
2139
6830
2046
7374
2038
6832
1973
1501
7284
2032
1497
1547
1498
7111
7122
2156
7079
7014
6939
6732
1952
6787
6638
1914
7347
2019
1514
1575
1521
6633
7345
8372
1984
7025
1983
1519
1525
1481
6538
2066
6998
1976
6810
1906
7137
7214
7329
7442
7302
2125
7063
1973
7231
7719
2115
1500
1434
1395
1404
1519
6901
7262
2106
6167
6789
2015
1487
6225
1910
6190
6669
1826
1441
7388
1819
1507
7114
2042
6654
1957
7484
1980
1518
1581
7028
2040
7284
7532
7207
2082
6788
1998
7539
2056
6348
2050
6251
1882
6448
7655
1952
6894
7338
2161
6851
2087
1623
6964
7468
1979
7009
7411
7384
1822
1477
7032
1988
6410
7482
6915
1952
1463
838
1449
6733
1914
1550
1646
6719
2041
897
1406
6653
2016
6543
7186
2103
6845
7546
2050
6774
2117
1464
6357
2068
1591
1525
1484
6972
1950
895
6483
1857
7283
6725
6592
7398
1874
1537
1531
6269
2028
6621
8181
7521
7896
2102
6896
2065
7168
1925
6358
1922
1623
1545
1615
1578
6233
1877
7507
1919
1498
6836
7236
7364
7396
7698
7446
2196
6698
7282
6935
2043
6132
1975
6800
7318
7291
6834
7496
7064
1924
7607
2002
6996
7728
2027
6775
8402
7294
1973
6949
6988
7271
1969
1616
1466
1437
6518
2118
1569
6790
7386
7562
2086
6955
2125
1433
6995
1991
7228
1970
850
6999
2027
1496
6937
2012
1562
7423
1981
6398
1826
1528
7235
2038
7129
1954
1439
1473
1481
1466
1511
1578
6230
1972
1438
6831
7512
7395
7299
1982
1416
1414
6686
7336
2099
1699
1615
1440
7090
1971
1593
1506
1554
7720
2214
6506
2045
1495
7052
7785
2027
6638
1998
1641
1468
1476
1408
1425
1446
1519
1487
6187
1922
6899
6775
2033
7021
1910
1463
1704
7373
7304
2043
1531
6888
7615
7969
7608
6911
1928
7065
7171
7399
7212
1952
1456
1489
1532
1476
1432
6755
1988
1474
1570
1612
1468
1473
6825
1977
6872
1970
1543
7236
2152
1483
1565
6836
2052
1415
1372
7317
6421
7502
7287
1929
6215
6692
2046
1469
912
6557
1861
6276
7146
1901
6846
2064
7022
7682
2115
6900
7151
2081
6860
7435
2036
7309
2043
6214
6832
1867
6487
1957
6800
7414
7490
7308
7204
7676
6655
1866
6778
6857
2010
933
1510
1419
6669
7042
7581
1899
1517
6948
7207
7366
7232
2013
6760
7562
7631
7385
2106
7237
2096
6161
7611
1861
6456
6715
7272
6698
7625
8178
7424
7509
7677
7466
7832
7737
2015
7116
1817
1632
6731
1890
7827
7221
7552
2044
1490
6864
7640
2050
1447
2198
1500
1510
6879
1968
1461
1483
878
6753
7227
2100
6537
7278
1991
1456
6051
2072
6188
1885
1428
1411
6885
1949
1577
7034
1888
6332
2065
6662
1918
1613
1499
1529
1660
7510
1947
1424
1408
7182
2036
7142
2066
6850
7352
7499
2116
6998
7732
2079
6956
7512
1879
6393
1920
1438
6891
7692
2072
7105
7632
7878
1998
1438
6327
1897
6104
1914
6808
1913
6959
1936
6480
6906
2082
929
1447
6961
1496
6847
1964
6812
2056
6815
7311
7346
7406
7785
7679
7138
2135
1527
1463
1574
7067
1947
1546
6629
1966
1537
1544
6421
6712
6699
6638
6859
1971
6522
1970
1445
1499
1597
6827
7779
7678
7546
7622
2016
6233
1926
6317
1922
1532
1506
6764
1972
6929
2102
6835
2071
1419
6665
7442
7848
2072
7666
7504
7352
2065
6459
1972
1499
6142
7298
2026
7544
1878
6912
6771
6847
1926
6594
7319
1991
7008
1975
7204
2094
6692
8252
7241
7315
7056
2077
6943
7795
7027
2120
6781
1902
7009
2059
1513
1580
7783
2122
1620
7022
2036
1420
6581
1933
7132
6641
1993
1470
6839
1912
1613
1442
6355
7649
2024
7030
1955
6208
1971
6849
1933
6876
2021
1414
6652
8154
7265
2000
6854
2027
7789
1399
6907
2144
1512
1451
1388
1448
794
1704
7090
7581
6501
7802
2012
6237
7429
2068
6159
6897
8071
1910
1506
1520
1507
1510
7020
2054
6976
7745
8322
7740
1890
1440
1390
1032
1485
6357
1996
7264
1943
6703
7301
7532
2082
6572
2156
7547
2599
7027
7832
2275
1522
1429
6691
1952
940
1474
948
7200
2043
6289
2151
6126
1935
6871
1829
1443
1516
1487
1468
1338
11412
1444
1502
1593
1505
6143
1917
6397
2011
1432
1443
1394
7115
7922
7395
2056
6974
7749
2097
911
1549
6749
7592
7309
7422
2010
7164
2132
1522
6293
7769
2111
6606
1982
6838
7319
2015
7081
7566
7076
6777
1980
6787
1928
6121
1876
6352
6994
6803
7402
7484
7466
2107
6723
7586
2028
1536
1449
6667
7558
8267
2000
1434
6704
7762
7071
1826
7121
7168
7487
7347
6842
1955
7009
1966
6576
7319
1974
1453
7089
1993
6902
8022
7090
6892
6701
7262
7659
7425
7210
7402
7569
7496
2140
6928
2073
6681
6793
6757
2000
1441
1462
6966
1915
1429
1515
1653
1489
6269
1977
1439
1512
1473
7086
7298
1953
6256
1952
6860
1935
6913
1972
6946
7685
7424
7133
7242
7449
2002
6352
6892
6772
7085
1973
6807
1992
6891
7465
7609
7239
2054
1529
1551
6432
1912
1425
6092
6628
6886
1875
1472
1454
1454
7206
1921
6220
6788
1934
1495
1495
1557
7809
1932
1439
6932
2010
1383
1505
1525
6581
2086
6645
2002
1446
1418
1423
1535
1622
829
1435
6687
1998
1475
6852
7958
7369
2056
1702
1473
6292
7612
1944
1373
833
7035
1897
914
1492
1615
1412
6530
1932
6149
2056
1007
6714
6798
2010
6984
2018
1470
1453
1433
1465
862
920
1498
1470
1390
1514
1534
6737
2009
6735
1967
1397
873
7201
7670
7252
2069
7035
7651
7484
7178
7475
2073
6729
7329
7338
7529
2164
1439
6716
2085
1383
6805
7953
2002
6274
2020
6830
6571
7445
2001
6166
1942
6375
6848
2517
7560
1902
6982
7530
7619
7601
7382
2011
6873
7861
7806
2229
6294
1948
1537
1488
1418
1501
6329
1841
1533
6414
2010
948
7066
2011
6951
7526
2007
1391
6806
1996
1776
1466
6576
7768
1935
5967
1881
1453
1464
6734
1943
6976
2029
916
6579
7617
7585
1934
6909
1888
6915
2049
6706
2070
1696
1492
1576
1500
1463
1506
6604
7216
2071
6825
2050
7126
7576
2130
7193
7658
1911
7310
1971
1405
1481
1498
6534
6728
6661
7416
6911
7123
1973
1644
1469
6800
1973
7044
2019
7064
2073
7521
7578
7414
8374
7357
1913
7015
7380
7625
1947
1683
1422
1465
1501
1508
919
1536
6848
2019
7282
7674
2033
1417
7029
2060
6630
2224
1478
1577
6956
1915
1482
1481
1504
6841
1960
6812
1884
1460
1471
1521
1503
6824
1948
1490
1432
7032
1860
6587
7342
7339
8225
7595
2647
7034
7358
2112
7579
7222
1988
7472
1959
1446
7235
7660
1942
6422
7668
8285
1955
1508
7022
2122
7582
7485
7092
2001
6381
1959
6848
7368
1819
869
1434
6399
1984
6467
2002
6219
1960
7045
7399
7228
7426
7218
7252
7379
2018
1470
7183
2022
6977
2120
1547
7039
2117
820
6867
1856
6326
7588
6735
6494
1824
1464
901
1581
1473
1424
6941
6761
7288
7376
7584
1975
7213
2370
6798
7782
1995
1463
6307
1901
6902
1457
882
1482
7029
8196
7234
7369
7355
7579
7442
7408
7036
2045
6242
2044
6807
1990
6023
1875
6099
6852
7472
6782
7055
7218
1948
7018
7796
2034
7010
1991
6673
2071
6977
7408
7088
2105
1431
1446
1514
1521
1604
1496
6370
7069
7184
1973
1442
1415
830
6760
1983
7102
2114
1545
1492
6999
2075
7693
7271
2105
7062
1976
1534
6774
2039
6706
1868
7019
1832
1499
1490
960
931
1627
1472
7173
7065
1867
1428
7145
1876
6769
7644
2107
1518
6650
8529
1961
1457
1657
6662
2093
1486
1506
1488
1438
6859
2026
6788
1933
1474
6702
7152
2068
6222
1951
1556
1504
1519
1519
1638
1520
1579
7282
1469
1585
1473
7206
2018
6969
2160
1498
1423
6754
6853
7463
1886
6554
7415
7371
8442
7985
2110
6943
7375
8151
7306
1854
1504
6906
2100
6890
1990
6616
1995
6855
2006
1493
1485
1514
1706
1408
6861
1995
1394
7851
2172
6999
2030
7314
1505
1658
1395
1390
7048
7445
6594
6748
7586
2534
1569
1523
1463
7281
7468
7373
7356
2039
6964
1957
6982
7432
7316
1994
6728
2055
1582
6808
2087
6346
7127
1844
6263
7193
7468
1949
6851
8076
7470
7276
7065
6642
1904
1397
1501
6960
7701
2065
6598
1918
1401
6328
7499
1960
1464
7083
7229
7338
2051
6513
7266
7675
7479
7398
2075
6383
2048
6171
6866
1891
1540
6603
1901
6973
7311
7717
7625
7171
7594
7460
7662
2105
7304
7626
6981
2066
6169
1909
6788
7449
7189
2142
1507
1506
6649
2005
1497
1473
1593
1455
7059
2071
1472
1497
1462
6963
7659
2086
1478
7881
1960
1363
6530
2130
1502
6403
2002
1479
6844
1856
6837
2035
1475
6993
2007
6278
1969
1401
88337
7436
1914
6905
1859
6722
2049
1441
1500
6951
7444
7733
2263
1513
940
1564
1531
6737
7672
7736
2131
6342
2017
6415
6982
7052
1903
6930
1937
1478
925
1514
1440
7058
7422
7419
2053
7331
2018
6258
6612
7242
1867
1499
1428
1455
1527
6927
7741
7118
6880
1934
1451
1514
6997
7291
7456
7498
2016
1510
6697
2036
6912
2008
6917
1993
817
1467
1501
935
6925
7752
7645
7067
1944
7097
7637
2025
6909
1892
1597
6358
1998
1682
6410
1991
6458
1890
6897
7512
1965
1453
1523
1478
6896
2026
6524
6917
2023
6920
7377
2058
7244
1885
1399
6897
2014
6921
7260
1987
6863
8044
2142
13850
11659
2053
6513
7056
1853
6702
2093
6774
6603
2029
6869
1946
6248
6795
2019
1431
6910
1932
6649
1978
7133
7692
7532
1989
1483
6565
7521
8100
6997
6967
7722
1967
1509
1522
6406
1947
6997
1931
1693
2063
6863
2042
6685
7575
7261
6940
7438
1872
1392
1426
6139
1940
6337
1968
1483
1466
6598
6859
6762
7088
7312
2068
1430
1420
1472
7496
7130
7228
1979
920
1414
1539
6939
7616
2026
6711
2186
7426
2278
6910
6914
6945
7049
7189
1886
836
1403
821
6434
1882
1479
7007
2058
6640
7662
2140
1533
6972
2014
7233
2061
7364
2073
1624
6313
7422
7631
7354
1933
6813
1963
1419
6625
2013
1509
6567
2064
6819
7508
2050
1494
6935
2106
6931
7743
6887
7482
1912
1439
1589
1484
1519
6823
6556
6801
1901
1391
1637
6276
7446
7054
7215
2031
6907
7638
7496
8253
7631
2036
1509
6783
1994
1419
1402
832
6467
7276
6942
7157
1993
1484
6732
2030
1633
921
6896
7632
2174
1569
6821
2079
6647
7619
2183
6996
1924
1439
6730
7045
7654
7668
6646
7306
7458
2019
7489
7331
8095
7348
2089
1477
6792
8229
7207
6918
1914
6368
1953
6461
7852
1969
6038
6883
1868
6250
1874
869
6752
7262
1991
6772
2113
7341
2660
1529
7615
6911
7594
6616
7514
7438
7386
8745
7468
2050
7014
7608
7509
7069
7672
7678
7535
6661
6842
1930
1497
1476
1439
6491
1876
818
7144
7141
2002
1468
1497
1524
6878
7706
2046
6993
2058
1443
1494
1490
6805
7173
8092
7417
7721
2031
1432
1446
7142
6754
7062
1959
1491
6809
1961
7112
8082
2040
1561
1483
873
6882
7238
1924
6380
7322
6538
7122
1910
1437
1494
2060
7245
7850
1996
6903
7245
8098
2070
1502
6660
8056
2129
6667
2040
1430
6816
1935
7086
7334
7545
2009
1513
1449
1516
1675
1488
6240
1936
908
1666
1494
6436
7154
1910
1533
1450
800
6213
1981
6107
1992
1431
6332
2017
1454
6524
1948
1412
6644
1932
1434
6821
2017
7110
2552
7229
7339
2012
1546
1627
1529
1558
1461
1549
1412
1391
6335
2156
1495
954
1546
1484
1536
1550
1580
1483
6556
7762
8091
7401
1958
6675
7368
1936
1447
6931
7456
8612
7365
2072
1469
6785
7063
1920
6247
7249
1966
6203
7449
1941
6280
7502
1931
6592
1906
6956
7532
1969
6993
2149
7139
7268
2090
1518
7785
2015
7067
2150
6315
7699
1956
1531
1505
1412
7032
7697
8205
7440
7555
2008
818
808
6795
2003
6853
6778
2156
1493
7017
1942
6666
1945
6244
7039
7152
6892
1901
1502
6973
1925
6936
2116
1507
900
6748
7462
1929
1524
6606
2168
7106
2023
7048
7461
7107
7248
2077
1499
1409
792
6535
6874
1888
6912
1976
6016
1920
6667
6789
7996
7377
7515
2002
1416
1532
919
6985
2045
1440
7390
2050
7059
1942
891
1406
6770
1948
6314
7522
7338
2116
1493
6745
7136
7455
7759
2170
6948
2084
1459
7154
2703
1496
7390
2013
6234
7269
1917
6003
1882
1403
6952
1951
1505
6235
1917
1562
6338
1920
1440
6386
1948
6665
1939
1460
6747
2100
6980
2040
1402
7214
7542
2093
7573
2073
6670
2149
1506
6953
7867
7061
6972
1891
1423
1388
1441
1447
7159
8087
7396
2099
6843
2079
1473
6809
7195
1955
6410
1938
6138
2013
1501
1468
1405
6103
6776
1895
6388
2023
7054
7471
7074
1942
897
6743
8062
2061
6634
2002
6602
1979
1463
1426
1456
6837
7482
7468
7896
2077
924
6863
2500
6468
1852
6536
2068
1488
1458
1498
833
6301
6572
6696
7087
1946
6627
7692
1948
1404
1470
1527
7171
7700
2133
7610
2107
1480
1500
6987
6231
1988
2173
1493
1394
6269
1892
6898
7306
1990
7823
7284
2075
6732
2031
1464
7024
7488
2116
6785
1987
1536
7176
1925
6308
6952
7352
7357
1889
1490
7019
1948
6375
7555
8022
2520
1454
6809
2055
6922
7687
2102
1537
1507
858
6880
7221
1957
6840
7812
7035
7219
1872
1437
1492
1520
6411
7368
2034
6878
7335
7585
2149
1476
6860
7166
2008
6225
2036
1469
6950
1985
6690
7649
1823
1476
1409
1493
1549
1440
1473
6639
2014
1476
1486
1445
6989
7453
1937
1593
2053
1484
6820
1955
7083
2103
1512
6623
2064
6586
7432
2019
6755
7456
1966
1405
6831
2009
1580
1521
6448
6877
1972
1584
1552
1507
1554
1538
1496
1416
1413
6626
7152
1895
1503
1696
1418
6324
2008
6756
1972
6340
7005
7105
7236
2025
6742
7599
1990
1466
7295
2061
6575
7302
2030
2063
6952
1967
7725
7511
2125
6701
2038
1494
1512
1443
6534
7425
8515
19469
2034
1426
1410
6844
7852
1997
6325
2215
1485
6940
6551
7406
7521
1921
1457
6388
1885
1536
1512
1519
6295
7898
7498
7821
1933
1481
7132
2029
1506
1512
7039
7281
2013
1527
7506
2045
6886
7218
2039
6310
1837
1425
7206
7028
7382
7505
7445
7416
7978
1976
6291
6862
6682
7028
1984
1461
7333
6911
6898
7209
1860
6730
2081
6722
8192
2047
7421
2089
1489
6811
1995
775
6929
7489
1958
7052
6855
6868
1882
1444
7272
7464
6595
6995
6795
7244
8106
7831
7765
2144
1536
6678
7741
7461
7451
1961
6901
1947
6940
1988
1642
6676
2132
6642
1970
1418
6747
7682
2051
6861
1941
926
6790
7179
7096
7382
5258
1475
953
6860
1926
1470
6780
6960
1853
7064
1904
6243
1969
1490
6614
2532
6750
1932
1530
7042
7848
2129
6963
2154
6867
2051
6919
7902
7022
7536
1945
1463
1413
6403
1893
847
7495
8124
7530
2309
6839
2083
1643
6879
2034
1449
6828
2070
1489
1712
830
814
810
6340
6552
1975
1543
1480
1587
6695
6721
1999
1419
1434
1478
7333
7757
2012
7027
1942
7002
2039
1376
6903
8232
7304
7155
2063
6871
7529
2056
6997
2153
1519
1562
1413
1368
1508
1463
6345
7742
7008
6992
2003
7074
6828
1915
6199
1967
6482
8046
7291
2086
836
1635
6854
2012
7036
8092
1990
1479
1470
7083
6700
1884
7623
7484
1949
6832
2124
898
6778
2146
1518
6630
1988
872
1428
6945
7811
7613
2060
6990
7654
2121
1471
6861
1828
6871
1988
6979
1899
1480
6971
1948
7125
6714
2033
858
6366
1939
6671
2021
6738
2028
960
1483
1522
7118
7552
7442
2070
6920
7709
7462
1988
1546
6393
2234
6533
7735
2525
7131
8145
1884
7769
7426
7572
7116
7012
7392
1891
1435
6167
7652
7744
1994
921
1465
6366
6772
7166
7352
7502
2094
6681
1977
6765
2071
6892
7535
1938
823
917
1549
6913
2067
1440
6351
2303
6163
6916
6908
8223
6508
6908
7489
2033
920
881
862
7551
1863
1409
6856
1459
7144
1979
1518
1542
7230
8313
7721
2053
6283
1932
1383
6866
7485
7297
7259
2110
6631
2065
1476
6740
1952
7021
7496
2008
6769
7742
1975
6399
6694
1989
6869
7241
1991
6175
1938
1679
1538
1443
1400
7107
1898
6179
1973
1534
2118
1470
6770
7285
2070
1581
950
7076
7638
2066
6931
7545
2020
6720
1956
1427
1430
875
6812
7974
7027
7844
1982
1492
899
1409
6501
1957
6857
7374
2092
1489
2062
1476
6838
7621
2010
6558
1959
1703
895
7084
7461
6571
6772
6954
7523
1975
6235
7234
7480
7287
2079
1550
6791
7295
7359
7512
2087
1383
1533
7535
7751
2053
7037
7724
1957
6573
2085
1373
7092
6604
1992
6314
1956
6345
1989
1473
1445
6593
8035
7377
2055
7076
7982
7724
6648
1853
6944
7223
7366
7342
8052
1974
6802
1987
6971
2075
1498
1501
1552
1418
1503
1718
7120
7574
2173
1443
1464
1490
6574
2024
1477
7051
1986
1586
6216
1956
6110
7392
7481
6941
7615
1876
6648
1976
7790
7555
7765
7409
2016
1458
1506
6545
7541
2101
1448
6904
2082
1494
7112
2105
6284
7575
7773
8167
2008
1456
1421
1407
6891
8452
7332
7303
1996
7088
1977
914
6350
6608
6909
6959
1986
948
7088
1992
6148
1867
7704
1932
1699
1727
1483
1460
1458
7623
2099
1481
1454
1509
7647
7254
2049
820
1402
838
6718
7512
7649
2009
939
6779
2042
1391
6326
2101
6199
6956
1929
887
6404
1953
7055
1974
5990
7142
6742
7242
1926
1398
1476
1463
1523
1505
1491
6697
2052
1408
1566
1488
1502
7142
1978
7121
2096
6674
7182
7535
7631
7531
7399
7289
7537
1949
6944
7776
7652
7342
2031
1466
1497
6715
2097
6310
6769
1967
6117
6592
1917
1413
7125
1896
6952
1444
6232
2015
1435
6669
1909
6725
7619
2039
1470
6946
2106
6908
2152
6878
1990
1417
1561
1461
7047
7744
6999
2042
7229
1955
6469
1927
1562
6586
2048
6726
7525
2041
6866
7665
2684
6751
7579
6711
6442
6742
6962
2046
1487
7123
7561
7331
7402
2053
1486
6716
7367
8046
7441
8447
1985
6931
2171
7188
7678
7308
7652
1947
1495
1692
1464
6287
7265
1860
6229
1856
6534
7836
7335
7453
7672
7852
7021
1946
1484
6908
2018
6174
1922
1402
6800
2040
6803
2072
1534
1518
6811
2095
6524
2057
6888
1911
1398
8094
8561
7631
7876
2069
6346
1975
6113
6680
1959
7002
7384
1948
6331
7572
2009
7676
7238
2020
7059
2663
1536
7049
2041
6989
7271
7344
1930
6717
2001
7108
2037
6332
7805
1975
6558
1926
1505
6691
7525
2130
6937
2112
6825
2019
6757
6876
6682
6634
1813
1463
1429
1484
2052
1428
1511
7132
7171
2001
6269
2030
1491
6220
1928
1415
7407
1834
1498
1648
1464
1464
1515
6759
8059
2071
1496
1618
1624
6673
7242
2038
1323
1419
880
1513
6898
2083
6840
1977
1480
1500
1655
6802
7771
7581
6881
1828
6379
7714
1931
6076
2075
947
1484
1423
1516
1466
1496
6293
6743
2022
6815
1915
6913
7641
1933
7230
2103
6661
7705
6698
2101
6069
1921
7480
1999
6931
7432
2154
1686
1464
1573
6791
2729
6802
2006
1452
6926
2008
1437
6659
1994
1560
6680
2048
1493
6389
2080
1488
6446
1954
7056
7431
9446
7156
7666
1856
7330
1945
6591
7963
7355
2188
1506
1464
7105
7370
8443
7475
1922
6986
2317
1561
6565
2139
6775
7041
6825
7259
1942
1464
878
1435
7067
8458
2093
6744
2081
6465
1999
6467
6748
6649
1921
6322
1991
922
6339
1963
6845
2625
6026
1949
1460
1444
863
822
6776
7748
2133
1502
1449
1523
1470
6896
2059
1435
1515
1442
6910
2221
6769
2073
6695
7484
2147
1573
6972
2143
6530
6803
1944
932
6969
1950
6380
2079
6212
6848
6842
6945
1969
1474
1484
1533
1518
1492
1466
6777
1931
1665
1458
1510
1404
6633
1938
6709
2154
6804
7842
7867
7705
7161
7230
8512
2066
1442
6986
7709
7402
7322
2052
6743
7443
2083
7184
7845
2020
7007
1876
1430
1491
1457
1501
6896
1961
7058
2011
4364
1488
6902
7699
7821
1971
1496
866
1394
6729
1886
6807
7404
1947
6987
2054
941
1473
1786
6666
7345
7405
7742
2020
1434
6437
2710
6081
1932
6821
1909
1461
1419
1446
1520
6362
7385
1997
7097
2022
7728
2056
6750
7765
7776
6826
7612
1927
1614
7282
6834
7366
7300
7181
1805
6959
7486
7286
7384
1977
6695
2001
6930
2067
1480
6976
6954
2117
6151
1934
1594
6279
6887
1855
6142
1932
6260
1929
1522
1539
904
6478
7695
8208
7138
7492
7484
7212
2038
7182
7571
6737
8040
7617
1980
7744
2023
6890
2029
1494
1626
1416
1446
1491
1515
6841
7345
2134
1667
1426
1545
6701
7136
2088
854
7183
2249
1490
1502
6513
7022
7718
1969
1425
6906
1888
2229
6067
6779
7155
7182
1962
1551
6789
1971
870
1397
1474
6796
2062
1554
6767
8278
2240
6827
2052
1423
7099
7792
2043
6522
1997
6854
6631
1942
1529
6273
1946
1531
1470
1600
6693
7629
7819
2103
6664
7785
2068
1539
7127
6711
7439
1926
1410
1490
6312
1972
931
7045
7414
2049
906
6911
1901
1376
1482
6810
1970
7105
2134
1637
1441
6955
2065
1458
1609
6768
2082
980
6857
1989
6621
7569
2000
7277
8025
2036
1452
1561
1475
1440
6206
1934
1496
7067
6851
6709
2066
1471
6875
1923
1611
1409
6444
1901
823
1519
1515
6497
7459
1955
1430
1466
6630
7242
1961
6809
7780
7797
2589
1548
6281
7322
1918
7525
7687
7513
2105
1444
1421
6923
8302
1326
6993
7388
2074
1529
1585
1450
6702
7104
2008
6436
6719
6802
7575
1867
6053
6758
1806
962
6545
2022
2078
6735
1950
1494
6647
2067
6802
2048
1518
1568
6824
2044
6696
7638
7436
8237
1990
871
957
6526
2113
980
6772
6787
1959
865
1390
6967
7404
7519
2071
6939
7302
2112
1544
6452
7698
1920
6329
6822
6890
1898
6345
1889
6091
7379
1910
1485
6574
7522
7568
2072
6959
7299
1994
7596
2014
1428
6826
1960
811
7033
7712
7584
6741
7005
2012
6769
7412
2053
1459
1446
6406
7036
2022
7547
6665
7432
2037
7057
7985
7051
6969
1951
1502
6932
7341
7552
2031
1425
8061
2035
1547
1503
6799
2076
6805
2120
6890
2045
6597
7136
1995
7202
7867
1929
2101
1488
6382
6789
2068
6116
6459
1852
6271
6955
7264
1876
1455
1496
1704
1537
6575
7352
2061
6833
7411
2175
6939
1977
1413
888
7010
7641
2074
6493
2196
1527
6110
6816
6812
1922
1530
6725
1970
1451
7046
2086
7844
2142
1481
1398
1420
6830
7152
2036
1587
6469
7532
7505
1948
6398
6722
2055
1470
1426
7010
1911
1567
6160
1945
1438
1369
6812
7746
7742
7465
1954
1485
1709
6805
2086
1488
7350
7407
1981
1513
1444
1415
1533
1527
1482
1446
6993
2059
1573
1543
6452
6702
1946
6245
6839
2003
1413
1434
1419
6153
6708
7638
2136
1483
7261
7013
2008
926
6710
1964
6626
7295
7319
7141
1969
7050
7228
1913
6727
1984
7090
2011
1532
6902
2009
1494
6772
7452
7522
2038
1503
6823
2186
1482
6880
1993
1421
1414
6439
1934
6643
7722
6711
1955
1497
6944
1900
1433
6881
1889
6444
7005
7262
1993
1435
6817
2107
6711
7515
2083
1449
1448
6705
7515
1930
6987
7727
2090
6521
2110
6813
7595
6860
7342
2003
1493
7093
7548
2167
836
1583
6513
2960
1531
6489
7842
7565
1896
7199
6905
1897
7100
6591
6862
1891
1470
1529
945
6677
7562
7396
2038
7619
7344
2021
1429
6704
7634
7516
7655
6664
7426
6764
7299
1922
7193
6838
7107
1934
903
6772
2060
1409
6567
7530
1957
6930
2107
1555
1458
7282
7801
2014
1511
6362
6646
1850
6784
1873
1506
1546
1614
7463
2040
891
7737
7518
1984
6880
7355
7209
2092
1454
1534
6711
7002
2056
7167
7693
1887
1438
1442
1521
6870
7625
7237
7558
7067
7522
7027
2024
1505
6906
2036
1423
6972
2011
6834
7812
1997
861
7154
2145
7143
2092
1352
7112
7485
1871
7028
7746
7239
7622
2067
7037
2070
6829
2023
965
7189
2007
1439
1516
1395
6368
7382
6856
1979
6229
7802
2109
1504
6155
2064
1429
1372
1453
6128
1989
6729
1952
7032
2028
838
1460
7006
7556
7322
2032
6686
7696
2112
7204
2159
1586
6418
2062
1542
6320
6848
6688
6849
7422
1856
6369
7205
1932
1493
1514
7670
7131
2552
1406
6949
7382
2019
7322
7801
7630
7203
1939
1509
6858
7495
7553
2159
1478
7060
1966
1418
1413
6889
7914
2163
1464
6668
2160
1489
1470
6717
7101
7742
1884
1481
7056
1992
1497
6905
7461
6507
7439
7962
1987
1428
1638
1481
1533
1525
6609
7125
2035
6785
7462
2025
6696
1988
1520
6799
7492
1907
6948
2060
7212
6751
2025
1644
6338
1872
1662
1578
1567
6282
7166
7632
2084
7760
7311
2068
6580
7155
7556
6817
1875
871
1389
6379
1944
1497
6404
7252
2036
1475
6782
7031
7401
2028
6900
2019
6677
1977
1542
6879
7219
2192
1385
1402
6833
1947
907
7131
2127
6471
7329
1939
6975
6771
2042
1461
1452
1464
1415
6967
1993
1412
6166
6836
7149
2545
1411
6814
7202
2022
1502
7389
2022
1543
1503
1415
7008
8015
2034
1541
932
6487
7822
2026
6817
7154
7508
2072
6809
7419
2217
1487
6961
1992
2113
6832
2710
1573
6563
7185
1957
1691
1457
6461
2014
942
7170
2040
1490
1425
6311
1905
6212
6645
7126
1868
1380
6338
2026
1494
1471
1432
6529
9086
7066
2023
1519
6790
2055
6906
8253
2069
1580
1388
7077
7435
1972
7265
7918
2240
6796
2002
6492
7751
7502
7623
2085
1500
7807
7847
2080
1395
1428
7295
1953
1581
6550
7668
7585
1891
6328
7599
1926
6103
7212
7220
1880
885
1501
7111
2142
6874
7623
2032
6769
7135
2084
1467
6966
7471
7746
1989
6803
7457
6804
7508
1927
6446
6866
7725
2012
1483
6586
1999
1428
6669
7308
7406
1993
1457
1554
1474
7395
2109
1498
1390
7443
6897
1912
6829
1827
1659
1487
1477
7044
1950
877
1437
1519
1515
1478
7082
7438
2015
6905
7376
1944
803
7494
7438
7365
2035
6448
6984
2047
7177
7361
7471
1966
6772
1911
1620
1427
7153
7008
1874
6987
7217
7429
7369
2052
1618
940
7649
8277
2550
6890
1986
1593
6963
7922
6921
1931
1640
6232
1906
1467
6298
1962
7745
1915
1413
1526
1484
7149
8282
2065
920
6820
7202
7308
1942
6956
6801
1915
1450
1530
6371
2028
1459
6243
1904
1598
1468
6155
7306
7167
2050
7783
2083
1568
6797
1989
1394
1548
6735
1946
1457
6863
7259
2035
6915
2011
1420
7330
2014
949
1507
7178
6935
1986
6398
6732
1967
1412
1452
7565
7481
6891
7144
1915
7032
7102
7321
2041
1492
7172
2147
6537
7192
7602
7619
1919
6713
7661
2004
1426
7155
2082
1473
6933
7380
7365
7263
2050
1424
6548
1918
884
7276
7305
6981
7369
1940
7096
1965
951
1516
1436
1429
6028
1916
1355
6569
7129
2019
6597
7226
7327
7356
2102
1476
6949
2074
6853
8456
7761
2107
6526
2234
1479
1512
1476
6076
6622
6885
1933
6777
7798
2053
6997
2001
6624
7135
2204
6696
7535
7345
1924
1527
6204
6815
2003
6200
7441
7631
7790
2060
6944
7704
7356
7206
7562
7782
8008
2002
1475
6270
6787
1977
1552
6447
1914
6149
6832
6769
7069
7342
1868
1450
1459
1516
1682
6541
2117
1440
6984
7402
8078
7745
1903
6353
1905
1477
898
6784
1901
6895
7540
2608
6879
7509
1969
1472
1572
6874
7587
2141
6850
8124
7129
7011
2130
6343
6768
1887
6160
7137
6855
1836
1435
1452
6632
7218
2012
6851
7742
2047
6930
2100
879
6751
2058
6846
7406
7645
7149
7532
1872
6501
6773
1927
1710
7460
2025
854
1454
836
7060
7468
2024
6744
2058
1593
1721
6517
1966
6511
7594
6902
6882
1838
1441
1425
6332
2006
1011
6102
1967
6061
1881
1477
6547
7542
2096
932
6853
7476
2030
1429
6780
1949
870
905
1497
6619
2069
1540
1561
1459
1427
1511
1531
6893
7635
2107
1422
6514
7445
1837
6268
1871
1524
6246
2044
1512
6116
6662
7608
7261
7322
1945
6676
7379
1960
1391
1449
1439
7139
2101
6802
7112
7042
1977
6040
2460
1446
6775
2634
1541
7015
8136
7478
2052
1528
6930
2042
1447
1475
1427
1542
6986
2066
6587
2168
6648
7639
2044
6418
7739
1945
1385
1468
6874
6817
1961
6218
1905
6396
7172
7258
7356
1989
6799
1925
1445
6886
7536
7464
2007
7709
7598
7240
7525
1939
1575
1518
1413
6264
1945
7054
1938
1455
1516
6784
7475
2075
1467
6890
2121
1482
6786
7035
7268
2041
1464
1513
1465
6465
6642
7700
2082
6353
7302
6577
7245
7703
7534
7576
1955
1404
7907
2091
6852
7415
1989
1568
1510
6895
7202
6805
6722
1898
1411
1659
6254
2013
1661
1621
6140
1946
1457
1508
6904
1682
6351
1967
1470
6607
7264
1939
1405
6692
7954
7298
7975
7055
2006
1394
1500
6916
1931
6923
8408
1900
1407
7378
8192
7844
2111
6803
2052
6690
2080
7007
7378
2076
6504
7012
2007
7177
1894
6331
1908
896
7163
1993
1491
6023
7056
7742
1969
1530
6670
1927
6710
1990
1473
1592
1496
6783
1958
7155
7522
1962
1447
1479
6788
2026
1563
1488
899
7011
7610
7757
6668
1830
6946
1870
6356
7275
7715
1983
955
6803
7256
2076
6471
8042
1932
1494
1481
6982
7440
7081
7632
1951
1665
1479
6099
2021
880
837
1414
944
1524
1506
6070
7206
1928
7055
2041
849
7081
7352
7339
2068
1537
1506
1660
6662
7482
7582
1961
6242
6705
7372
1872
6249
6632
7449
1930
6532
1997
6457
7358
2024
1433
6813
7495
2014
805
1458
1468
1538
6970
8164
7045
1997
6493
2536
1411
6844
7991
1899
1492
1686
7215
2075
6851
2120
6892
1976
1449
6781
1975
1466
6826
7362
2041
6616
7859
2085
1442
1572
1602
6492
7472
1900
6268
1967
7210
6677
2048
1489
7042
7744
7148
7015
7289
7574
7456
2017
7081
8465
2053
1497
7192
2247
1502
1551
1653
6365
6639
1875
6285
1918
1409
1524
7016
2072
6691
7636
7668
8015
2533
1432
1423
6537
2057
888
6373
2010
1450
1424
1447
6931
1857
1524
1549
6169
7429
1964
1505
6394
1967
1503
2050
1551
6869
2010
1473
1382
1428
1433
965
1502
6792
7478
10214
2091
7048
7592
1974
6774
1977
1434
6609
1944
896
7005
7653
7201
7670
6857
1938
6406
7496
2102
1529
1480
6213
7517
1983
7282
7224
7289
2134
6740
2062
6791
7847
2060
1424
6468
6936
7425
1898
1401
6807
1935
1452
1500
1504
7141
2068
1413
7027
2110
1586
7509
1997
1425
7057
1946
1419
7109
2082
1521
1533
1527
6743
7285
2042
1432
1440
867
1532
1473
1435
6656
2059
1502
6540
6917
1957
6173
6723
6525
6736
7761
2037
6695
2006
6537
7512
7742
2060
6794
6392
1450
1396
954
7077
7471
7421
2066
6459
7532
1504
7244
7537
7194
7626
2101
6962
7441
7042
1991
1557
7176
7564
1939
6424
6839
6838
7506
2065
7593
7288
7435
7416
7392
7322
7322
2018
1430
816
6876
1953
1468
7121
2093
6338
6652
1956
6960
7750
2178
836
1402
1463
1399
6796
1976
1491
6910
6838
7052
7377
1895
6732
1985
1469
1630
6762
2039
6996
7370
2093
6720
7588
1953
1439
1444
6788
7245
1971
6844
7560
8514
7562
7395
2054
6713
2078
6768
2040
1578
6434
1978
1431
6552
7775
6917
2554
1675
6310
1932
1478
6876
1826
1461
1468
6310
1969
6462
7532
1999
1507
1512
1387
6617
1987
1408
1513
6766
7592
7376
7755
2076
7135
1950
7219
7789
7634
1897
6342
1926
6330
7289
7775
7642
2122
1488
1484
6928
7052
6989
7619
1971
1405
6868
6846
1937
1410
1543
7080
1507
1494
1529
6085
7223
1902
6887
1846
1578
7278
7466
7492
2041
1567
1478
853
6689
7226
8226
1975
7090
7179
6728
1887
6979
6781
6702
2025
6939
2157
7296
7967
2140
6587
7075
7239
1970
6886
2008
1572
1389
7333
7937
7641
1984
6052
1969
1430
7039
7519
2018
1581
1551
6771
2042
6762
2060
7839
2049
1458
6714
1998
1421
7610
2225
6767
2017
6583
7135
2094
6353
7522
1949
886
1534
6181
7301
2534
7036
7711
2679
6984
7174
7410
2134
6865
2061
1432
6679
7279
7442
7718
1999
7079
6681
6578
1919
1520
1559
1540
6303
1980
6753
1889
1420
1405
6985
2088
6744
2015
1420
1512
1499
6696
7228
7857
1980
7026
1995
1497
6221
7012
2055
1414
6322
7012
1957
1402
6179
7125
7515
2107
1622
6737
2050
6713
7345
2069
865
1417
6783
7504
7542
7105
2103
1472
1505
6678
1888
1438
1467
7000
1936
1490
1531
7037
1993
6775
2032
1383
6863
1913
1464
1489
7319
2012
6440
7302
7152
2050
1392
1540
6753
1987
6930
7229
2254
1427
7290
7511
6531
1923
6926
1884
7138
1962
6945
7777
1977
7093
7333
2101
1519
6800
2051
1521
1606
6627
7860
2006
1532
1515
7361
7448
7478
2027
1423
6814
1916
1403
6021
1966
6552
1945
903
6461
7142
7116
2032
1442
6726
1939
10935
7525
2058
6925
2121
1437
1465
7075
7992
7094
6742
2492
1407
6150
2671
1646
1531
1596
1601
1472
831
6469
7265
7849
2037
7066
2076
6592
2046
1425
6449
7824
1970
863
7033
1873
1505
6926
7027
1954
1451
1332
1387
1393
6293
2038
6908
7434
7265
2153
1457
7017
2142
1501
7691
7489
2125
1383
7411
1944
6950
7520
2044
1518
1464
1484
7288
7845
2129
1452
960
1500
1486
806
1398
1455
6108
1973
1519
6409
1950
6210
2005
1476
6257
1922
1695
6324
7157
7036
7155
1985
1539
6702
1982
6715
2108
7311
8099
2071
6705
7542
6565
1965
1465
1487
6715
7629
2107
1474
1466
6878
7389
1949
1442
6963
1976
7067
2154
6760
8158
2073
1401
1540
6513
7803
1968
6934
1991
1516
6442
1894
7713
6561
6668
1899
1409
900
1478
6504
7412
2012
6555
7549
7456
8178
7481
7802
7819
2014
1505
1649
6380
2118
6318
1966
7176
6888
1936
1692
6652
7836
2043
6886
7236
1985
809
7092
7052
7088
7656
7128
1982
7090
2112
1434
6260
6652
7062
1935
7839
7391
2120
1617
6771
8082
1884
6702
1997
856
6837
7536
7305
7389
1948
1464
6192
6682
6672
1892
1525
6902
7775
7084
2029
6652
7325
2058
6758
2050
6954
7291
2032
7401
7555
1897
1442
1456
1453
6152
7306
2009
7044
2082
1532
6830
7475
6843
7370
7340
2130
6726
1964
6466
2062
1538
6406
6871
6896
1862
6875
1870
1629
7440
6088
7734
1904
1505
6677
1974
6650
7358
2155
1466
1480
6884
7456
7395
1986
6940
1924
1674
7155
2052
1501
6565
2159
6298
6789
6922
7304
1885
1540
1491
893
7064
7518
7442
7155
2042
832
6676
7666
1890
1412
1431
6847
7711
1908
6409
2003
6991
7221
2071
6761
7974
2337
1648
6829
2037
6865
2019
6841
7242
7378
7480
7226
2067
1468
1405
1421
6046
6732
7515
7482
1907
6962
1962
1490
6456
1958
1545
6748
7487
1983
1409
6736
7255
1948
6813
2074
1465
1496
7162
7811
2564
6809
6493
2439
1552
1490
6744
1964
1453
7062
7515
7312
7794
7302
2013
1383
6822
7336
1925
866
1481
1505
1529
7286
2041
6541
2004
7060
7477
1886
1529
1595
6317
1915
6126
6822
1953
1418
1406
6491
7465
2010
6648
2092
1512
6801
7554
7330
2072
1489
1410
6928
1962
6909
7595
2075
6451
9475
1891
6296
1962
1473
1445
1514
1545
6328
7466
7679
2096
1456
1455
1551
6882
7185
7800
1906
6563
7122
6825
1892
1479
6541
1986
6427
1957
1472
6871
1999
858
6059
7222
1963
6932
2083
6806
1994
1378
1420
882
1507
6812
7269
2059
6665
2032
1501
1465
1397
6843
1973
7081
7682
2003
6729
6651
1921
1548
6401
6679
1995
1442
6953
1964
7304
7760
8111
1973
1637
7327
2014
1416
6906
7484
7199
2013
6716
6788
1948
1389
900
1515
1487
6057
7138
1990
948
7125
8288
2058
7608
7531
7282
2151
1475
6695
7226
7035
2024
1440
1433
6505
7465
1826
6247
7319
1998
6816
1969
6433
6945
1962
1529
891
6987
6995
1972
1390
1427
1449
6855
2029
7089
7638
7722
2024
1417
1519
1512
7197
7806
7055
7559
9984
6536
8175
7695
2145
6890
2085
1473
6551
7062
1973
7123
1406
6938
7375
1424
1435
7298
7180
2032
1590
6211
2033
1474
6213
7257
7642
7743
7445
1971
6626
2045
1479
6704
7396
7732
2092
1423
6531
2060
1380
6806
6905
2135
6932
1954
1444
6890
7458
1929
7167
1947
1404
6639
7219
7145
1983
1511
6745
7385
7079
2228
7239
7713
1989
6707
1909
6796
7722
2004
6962
7389
2019
1593
1600
1443
6916
7672
2109
6801
2030
6783
1947
1417
6653
2065
1700
1489
7173
6727
2000
926
1438
7117
7451
7322
2658
1500
6232
1852
1330
7348
1954
6708
1943
1589
6565
7478
7489
2067
1463
6718
7695
7452
7555
2074
6427
2108
1409
1615
6145
6767
6881
7207
7601
2028
1451
1636
1625
1390
1561
1564
7022
2292
6631
7075
2146
991
7397
1934
7067
6892
1829
6424
6729
1898
859
6566
7508
1974
6531
7352
2069
1604
922
1444
2173
6947
2082
6647
8682
1964
1376
888
6687
7446
2053
6950
7892
2130
1560
6707
1895
6200
6852
2046
904
6158
1917
6433
7009
1867
1699
1479
7160
7567
1967
1540
1440
6749
2018
1671
6832
2010
7069
2230
1413
7297
1409
1633
6555
7665
8024
7255
1970
1478
6937
2068
7175
7420
2086
1578
1468
1420
6933
2048
1457
1485
1415
6802
1980
872
1506
1513
6825
2079
6714
6942
2064
1475
1441
6528
7639
2031
6281
1864
1469
6845
7181
6888
1964
1477
1423
6335
7412
7049
7782
2042
6938
7346
2070
7704
2075
1506
1459
1414
1412
6920
7672
6978
2055
873
1643
905
6131
6876
1951
1492
6312
7298
7456
2028
1526
7040
2151
6652
2048
1514
6627
1967
841
6543
6882
1986
6985
1936
6506
1906
1513
925
1433
1391
7019
6650
7338
7285
1864
1450
1715
1394
1476
1690
7483
7473
2200
6789
7396
2112
1472
6655
7308
1964
1368
6956
7895
2148
6813
7512
1888
1457
6361
6732
2035
6277
7019
6872
1976
6621
7385
2033
1490
1425
1503
1555
6870
7298
2017
1406
7395
7090
7519
6464
1839
6788
7612
7429
7459
1946
7017
7302
7422
8286
2083
6558
2038
1647
7276
7746
7655
1975
910
7042
1906
6824
6807
1844
1438
914
6467
7251
7183
2077
2009
1405
1542
6834
2011
1524
6806
2138
6708
7296
7447
7577
7766
2019
1650
833
6106
6527
6946
7312
1914
1474
7182
7612
2194
1478
1457
6636
7246
2033
6913
1926
7108
7621
2627
6558
6801
2003
1611
6252
1927
6117
1916
11538
6992
7369
7548
7446
1955
1460
1476
867
6683
7449
7755
7032
6626
6962
1967
1473
7008
1884
1366
6796
7485
1887
876
6477
7276
2037
1521
6707
1918
1560
6582
7426
2033
1476
7085
2154
1449
6604
7089
1909
1392
6554
6664
7380
7785
8422
2083
1447
7031
7436
7395
2122
1501
1546
1442
1457
6621
7284
7746
7294
1978
7049
6864
7319
1970
1469
6924
6861
1851
6515
1934
6924
1879
915
6621
7405
8309
2111
6802
7552
7932
7962
7002
2057
6033
2080
865
837
6149
6908
7249
7725
1992
6896
2002
883
1486
1444
1418
1528
1460
967
1512
6606
2024
1492
6544
1920
7158
1962
913
6875
7361
1974
1483
6418
2040
6342
6728
7366
1965
1427
1627
1481
1428
6756
1866
7116
7574
2067
6954
1962
7451
2022
1533
1470
6739
2047
6883
7712
2131
7279
7635
1913
1427
6383
1899
6891
7425
1959
6235
7636
7065
7305
1995
1503
6669
7308
2062
6801
7873
2056
7284
2075
6180
7305
1963
1495
6753
7519
7647
2090
1511
6650
7528
1903
7224
2058
1445
6893
7458
7158
7215
6736
1996
1511
1526
1516
6927
1871
2108
1528
6239
7203
1867
1408
6245
1855
7289
1941
6805
7229
2086
1492
1453
6790
2070
1595
1559
1370
1456
6827
2082
6966
7638
7886
2182
1469
1351
1555
6885
2092
7225
6747
6906
6712
7158
7779
7505
7408
9375
1996
6435
8109
1991
6394
1865
6454
6838
1870
1385
6110
6616
1905
6579
7472
2120
1518
6903
7342
7319
7489
7354
2005
6992
2103
932
7143
2112
5996
1906
6177
6882
7392
1950
6891
1876
798
6535
1883
837
6348
7216
1968
6691
1994
1482
6798
2018
1474
1497
1588
7002
8182
2039
1440
6518
1985
1540
6499
1927
6165
7239
1946
6872
7555
2264
1523
1605
6826
7472
1995
1362
6938
1989
6684
7298
7718
7254
7608
1923
6337
1879
6859
7278
2132
1509
6989
7743
7262
1984
6723
2065
1431
1561
6803
2055
1494
1382
6944
2030
6840
7472
7692
1947
1567
8068
7792
7690
1969
7084
1941
1648
7121
2017
1581
809
6709
7517
7635
8075
7119
7770
1954
1421
1577
6993
6813
6933
6702
1961
1380
1552
6870
6631
1963
1524
6669
7635
2112
7159
7425
7269
7145
2029
6717
7469
1976
1519
6785
2016
1444
1491
6065
6956
6772
7459
7582
1932
1522
896
1472
1534
6482
7042
7092
1978
6525
2154
6643
7359
2045
6495
7099
6829
6528
1912
6816
7629
2040
6813
2067
1469
1537
6740
7462
2057
1472
6838
1971
1422
1421
6987
2109
1655
7483
7053
7032
6962
7506
7381
1969
6954
1836
1542
1507
1525
1469
6307
1893
6618
1900
1396
6683
7132
2018
1460
1604
6893
1999
6951
7252
7438
2063
1462
6838
7642
1974
7215
2931
1603
1521
11220
6642
1872
1413
1371
6316
2051
6689
7639
2080
6734
7542
7212
1992
1549
1462
1448
1406
1417
9357
7386
7538
1935
890
1538
1515
6489
6752
6699
2037
6689
7261
7349
2039
1539
7545
2057
1436
1413
828
6888
1986
1591
6662
7392
2093
6889
7548
7029
2095
925
855
1436
1550
6055
6641
7490
7317
7491
1953
1504
1420
7275
1934
6576
1929
1493
6871
1990
1520
1526
1533
6847
1980
1409
6721
1941
7008
7938
7217
1957
1540
6459
7266
1874
6708
7781
7688
2205
6842
7512
2015
6812
2086
1460
1546
1451
6649
2000
1391
1443
6562
2030
6569
7295
6745
1973
1492
952
1494
6906
1888
1505
1550
6095
7298
2012
1419
6953
2031
7166
1896
6707
7032
2241
1477
901
6819
2033
1551
1431
7689
2016
6794
2131
6836
7834
7926
7072
2102
1490
1563
6730
6654
6839
7242
7968
7509
7265
7206
7775
7714
8065
1977
6272
6806
2042
6161
2030
6807
7475
1972
963
7110
8358
2133
6829
8196
1954
1382
6632
7501
7732
7162
6792
1929
6275
1925
1472
6168
7418
7501
1950
7343
7791
7068
1938
6656
2181
1534
6899
2041
1547
6814
1987
1404
6483
2137
1398
6516
2027
1496
920
1515
6227
7229
7321
1979
7071
2040
1394
6954
2050
6886
7722
1967
7211
7746
7317
7126
2303
6344
6769
6972
1942
6256
1818
6690
6974
1908
6495
1998
1563
1509
6673
7142
9937
7469
2039
6805
7429
7478
1927
1387
7179
6979
2046
6261
1955
7072
1946
1533
6313
7319
7709
2123
6826
8138
7079
1999
6540
2134
7037
2625
1499
1541
873
6511
7776
6734
2086
1415
1569
1486
1703
1496
1518
1419
1401
893
1455
6226
2033
1463
6742
1869
7426
1939
1543
7006
7415
2101
883
6705
1986
1424
6769
7288
1964
842
1469
1527
1652
6777
2047
7002
7216
2186
6147
1831
6368
1953
1492
1678
6445
1965
6843
6940
1882
6412
6949
1939
6715
7212
2062
6931
7725
2099
6595
7409
7925
7613
1945
1504
883
6745
1919
7039
7246
1996
7487
1977
1518
7654
2028
1492
1406
1501
7121
2070
1516
1524
6751
2042
6689
1947
1418
1443
1462
1503
6677
2055
6405
2045
926
6883
6617
1824
1547
1619
6814
1874
7020
6851
7051
1905
6488
7258
7535
7722
7458
1981
1512
1553
6623
7285
2054
1485
1493
6851
2035
6378
7842
1879
6577
7015
1949
7774
1923
1467
968
1507
1421
6775
7768
7688
2085
1541
957
7452
6811
6816
6581
1930
6526
7712
7560
1923
6838
7328
1887
832
1427
1521
1469
7157
2105
7469
7267
2036
7453
2055
6910
2001
6947
2058
1469
1614
6775
7812
6973
6903
7669
1896
1555
1451
6929
2005
6105
1981
939
6168
1961
889
872
6454
7124
1932
1434
6813
2011
6802
7571
8042
2118
1415
6399
6759
2576
6797
7271
7467
2085
6664
7262
2011
1643
1470
1565
1377
1381
6789
1983
8735
7737
7746
7177
6829
2010
6134
2000
6862
6679
1977
1488
6200
7242
6815
1949
6762
1906
1533
1566
6784
2041
1458
1456
1405
1609
6992
7536
7627
2063
884
6787
7216
7493
2082
7231
1470
1507
6968
1823
1403
7152
1913
6827
7579
7392
7402
7577
2023
2049
1404
7452
6997
7342
7305
1975
1526
946
7333
1996
1482
1355
6455
1861
1498
6956
7501
7237
7189
7369
2000
6563
2035
1441
6720
2057
7626
2039
7163
1977
6830
7786
7671
1874
1447
1462
1482
1454
6549
7738
6617
2003
6805
2050
6438
7734
1962
6635
7289
7485
1959
1383
7063
8208
2120
6237
1984
1483
1504
6398
6899
1867
1400
7448
2544
1637
1492
7120
1987
1666
6604
7399
7355
7489
7419
7484
1968
6578
6963
6580
6519
1904
6093
1956
1472
6900
1985
1443
6395
7522
1935
6559
1914
1369
6831
2045
7070
1976
7050
7569
2646
6688
7434
1997
1593
7010
2144
7143
7585
6992
1939
881
1511
1438
7542
8224
1924
6982
2015
6851
7416
7932
7091
6602
6538
1925
7000
1924
7598
1995
6981
2016
1446
1414
1479
1591
6380
1969
6930
7366
7472
2071
1408
7462
6715
7512
7605
7739
2053
872
7312
7091
2013
6689
1977
918
1431
6392
1928
6396
7265
6635
1901
6503
1918
1495
6495
7285
2219
1437
1464
1507
1534
6968
7551
8026
7721
1979
7093
9640
1967
1529
7689
1887
1415
6792
2021
6673
7234
2039
7022
7832
7645
7475
8058
6788
7405
1997
6728
1953
1498
6128
1855
1402
1614
1540
1649
1457
1424
6270
1869
6475
7525
2013
6609
7358
2091
1522
7149
2062
7054
7452
2066
6795
7262
7428
1954
1448
6312
2019
1493
6497
7782
1965
6343
1874
1420
1482
6853
7492
7664
7476
2118
1544
7336
2062
6991
1977
868
1424
1411
1481
1465
6273
1988
6223
1947
8728
1896
6509
6960
7442
7188
7257
2021
7377
2701
1638
1501
6566
7234
1967
879
809
1443
968
7762
7517
2042
1518
6846
2112
7222
7130
6866
1841
1566
1417
1512
1500
7467
1351
6854
7221
2024
1536
6254
7529
7314
7322
7765
1994
1495
1544
1614
7178
2064
1416
6785
7652
6921
6932
7386
2067
6893
2089
930
6603
2131
1519
1435
1447
1466
1628
2135
6606
1997
6977
7532
2002
7574
7423
7092
6897
6771
1934
6033
1901
1507
961
1004
6171
7308
6805
1904
7060
1988
1497
1403
1529
1449
1474
7490
1995
1470
979
6772
7516
7688
7456
2051
1470
932
7798
1962
1439
6913
1921
7027
2058
6566
2194
1490
6349
6998
7006
7398
1943
906
6839
2000
7027
7609
2045
6459
7035
6786
2013
1498
6767
6798
1874
1406
1443
1442
9130
1604
1488
1505
1454
1501
1456
824
6990
6824
1969
7035
1965
7004
7519
2127
6699
1949
1458
1482
7382
1415
6828
2107
6824
7276
2043
7400
2011
1493
7001
7701
7145
7662
1922
1525
6102
1980
1501
6351
1917
6565
7209
7272
1960
1577
6875
7676
7875
2055
1527
1515
1423
7073
2092
868
1438
6952
7387
7368
1952
1775
6883
7378
8039
2030
1428
1436
6791
2059
6867
7482
7722
7189
1934
933
1491
6255
2001
6907
6527
7396
7424
7998
6891
1852
6721
1937
6953
2109
1497
1580
1475
6903
7609
7289
2007
7317
7417
2008
6972
1986
7127
2071
6409
6898
1887
1501
1493
1485
6466
7485
1891
6872
2746
1542
6802
2012
1599
874
6822
7102
1937
907
1548
6475
7299
6678
1976
7108
7044
6793
7432
7368
7222
7295
2067
1484
6483
1936
6851
7452
1971
7967
1980
6838
6849
7012
1985
6405
1929
7448
7399
2476
6689
1905
6341
7658
2002
1493
1471
1458
6658
7309
7589
2183
7096
2072
7522
2071
856
1522
6290
7092
2186
1528
1648
6929
7100
7555
8179
2094
6838
7334
7685
2005
2079
1620
6732
7381
2029
1438
1412
6605
6918
1837
1460
1473
6753
1959
6104
7284
1944
6918
7705
1928
1408
7287
1904
6677
7302
1951
1508
1551
6912
1956
1558
7150
2056
1518
6925
7352
2082
6921
2099
7114
7185
6871
6835
7667
7464
1972
1375
6927
2057
6886
7659
1955
1726
919
1488
936
6528
2029
7289
1891
6776
1932
6074
6938
1992
7496
6961
2015
6975
1892
1411
1430
7045
7362
2064
6820
7305
2116
1507
1507
6703
1986
1428
6906
1975
7064
7480
7065
2023
1505
1445
1554
1465
7162
1958
6478
6963
2002
1546
6882
7261
6641
6815
7109
1989
1491
1641
1438
6749
1957
965
6956
7650
7315
7571
7675
1938
7675
1918
1527
6849
1985
1441
1461
1521
1499
1426
1462
7003
2040
6712
7202
1998
6829
7998
7511
7536
7198
7668
7342
1961
6779
1946
1493
6918
1853
1395
6177
6912
1869
6620
1961
1709
6624
7232
7665
2034
7025
7319
2258
6644
7523
1994
1477
6826
2079
6471
2208
1571
1519
898
1586
1476
6946
7036
1960
6430
1943
1530
6833
1961
6850
7689
8152
2015
6507
1943
7156
2596
6130
1964
1508
6111
1866
1464
7046
1913
6538
7510
7584
1941
1533
6669
1924
1490
6860
7239
7598
1992
6920
7367
1972
7123
1964
1425
936
6837
7642
7671
7771
7177
1997
6204
1905
1500
6157
6675
1963
1791
1533
1515
1650
6301
7282
7334
7560
1963
7140
7382
2103
1413
1521
1499
1523
7061
1940
7220
7741
1966
6816
7272
7405
7265
7279
7611
7362
2229
6676
1979
1514
6547
2003
1406
1515
1408
1455
6272
2018
6226
7305
7335
7551
1942
6618
1948
6381
7109
7238
2098
6970
1937
7086
7457
2013
7657
1941
6954
2060
911
1474
1632
6916
7169
6948
1939
7382
7868
2028
6944
1959
1542
1522
6832
7668
7689
2020
1404
1486
6425
6918
2026
6171
1978
912
6754
1892
908
1565
6344
7007
1992
1548
7159
7655
7285
7494
2102
6763
7301
7239
7300
7493
7249
7012
2045
1407
6952
2029
6383
1932
1516
7363
2173
6220
6676
7461
1895
6288
1954
6539
1938
1430
7489
1962
6939
7536
2092
1436
1561
1518
7535
7607
1968
6196
6695
1929
6793
1963
1500
1485
6937
7249
1974
1459
1414
6712
7382
2049
6881
2025
6915
7551
8002
2062
1627
1446
6299
7378
1878
6113
1920
6877
6727
7916
1935
7323
1986
1433
1427
867
6699
1966
7047
2078
1522
1473
1449
1439
7066
1999
861
7082
2181
6652
2052
7321
7241
7502
7664
2065
1468
1435
6219
1930
1578
6392
1966
6635
7392
7382
2076
1402
1425
7522
7361
7452
1905
1508
6395
2003
6248
7248
1973
7244
7041
6833
2006
1413
6922
7351
1868
2063
1552
1514
6765
2015
1411
1443
1486
1532
1507
954
6587
8008
1983
6659
1976
6827
7576
1969
6744
1987
1493
1691
6985
1558
6246
1911
6460
7689
1922
6243
2028
1608
6043
7441
6785
7242
1982
1455
6742
1966
849
6962
1940
7189
8130
7721
2014
1694
7036
7471
7161
1971
1470
6956
1990
6830
2016
1472
1552
7582
7348
7599
2094
1492
7471
1956
6829
1946
920
7505
2074
1503
6240
7545
1931
1440
6042
1892
1437
6804
7651
1872
7310
1968
1494
6263
2490
1524
1528
6609
8049
2038
6967
2007
1515
1527
7804
2044
1460
1422
1556
1508
1583
1487
1543
6891
7441
1982
6826
2033
7021
6958
6878
1984
6457
6942
7658
7422
2085
6868
2047
6955
7942
2003
6313
1914
1485
6701
7195
6821
7068
7746
2063
10524
7422
7390
7428
2148
7511
7185
2036
6828
2024
1394
7032
2040
886
1545
7004
7119
7062
7789
7696
2118
6432
7255
1854
6217
1894
1451
1548
6306
2019
1471
7279
7308
7519
7662
2010
6657
7612
1941
1423
1416
1667
6916
2163
1496
7225
1951
1430
6795
7329
7492
7628
1929
6819
7688
2109
6848
2094
6985
7376
2062
1341
1458
1427
1459
6976
7391
1984
1503
6771
7307
1920
6420
6845
1857
1422
6486
1981
6556
7223
2053
7032
7621
7424
2110
1500
6593
2036
6684
7289
7712
2048
6255
7743
6988
7428
7410
7521
7442
7092
2705
1527
6577
2010
6157
1995
963
1685
6315
1866
1389
1517
1680
6394
1953
6547
1935
1457
6922
1941
6317
7269
2067
1568
1521
1416
1640
6896
2020
1676
4170
933
1547
1395
1438
6622
1377
6496
7478
1904
7123
7442
7505
2105
1434
1468
1403
1431
6413
2103
1647
7104
1908
6514
7017
7406
1947
6044
6674
1893
883
1383
1504
6241
2031
978
6675
7285
7639
7908
2104
7423
7068
1907
6370
7457
1856
1441
1492
1516
6825
2622
856
6823
2027
6666
2068
1534
6608
7486
7532
8114
7622
2062
6505
2014
1458
1568
1487
6336
1937
6895
1980
6791
1968
6770
2483
6830
1840
1576
6505
1992
1546
6254
7227
7316
7532
7798
2114
6818
2030
6776
1990
1512
6731
1943
6796
2080
6434
2140
6361
1951
6532
7014
7369
1946
1414
7212
2009
7062
7620
7865
6780
2013
6036
2011
1448
6780
6778
7168
1935
1629
1446
6173
2018
947
1504
1470
1430
1437
1428
6975
7411
1860
7095
2354
945
6603
7279
7321
2013
1586
1490
7577
2085
6901
2006
7034
7866
7043
6985
1952
1456
6576
7551
6555
6872
1871
1484
1369
6363
1980
1462
1030
6846
7281
7378
2041
1456
7085
8112
7011
1907
1442
7019
1976
6890
1862
1597
1397
6797
7407
7267
2033
1483
7393
7561
2033
6816
2071
1501
7006
2067
6846
7231
6969
6709
2025
6845
1891
6131
1892
6912
1959
6497
1986
6310
7312
2460
6830
7604
7750
2038
1554
1559
1500
6824
2071
7313
2044
6688
7402
1977
7061
2018
6418
1832
6302
1960
6496
2004
1507
1476
7850
7585
2023
6966
1936
1463
1532
1531
6898
1978
6549
7842
1884
6326
1884
7092
7031
6909
1953
6283
7484
7498
8074
7276
7257
7271
2092
1604
6831
2238
7265
7372
2042
1429
1439
6384
7715
6808
1890
6674
1957
6107
1989
1352
1462
1508
6187
6714
2056
1492
1554
1479
6259
7416
7339
1947
7909
7680
8122
2066
1426
1544
7116
7468
2041
1687
1548
6123
7318
1933
6900
1978
6685
7365
7359
2046
1522
1475
1453
8030
2057
1454
6761
7585
7099
2008
6635
1947
6006
1980
1642
6066
1891
6792
6306
1876
1446
7136
1836
7302
8171
1985
6871
7741
7742
2109
1462
6816
2055
6875
7502
7682
2103
6297
6956
6915
7031
7400
7642
7732
7648
2071
1521
6539
2110
6224
1977
1448
898
790
878
916
930
1453
6027
1887
6046
1888
1484
6438
1993
6604
7515
2086
1489
1597
836
931
7139
1965
1498
1497
1575
1606
1472
1358
6826
1935
1450
6916
2033
6901
7282
7255
1950
1516
1515
925
1541
6843
2014
1480
7139
2013
6954
7797
7695
1907
6658
1989
7167
1981
1535
1629
6913
1952
1413
6136
7336
6786
7089
7459
2045
6858
7528
8056
6964
1979
1488
1451
1579
6231
1902
1455
1488
1551
6934
1956
1439
6802
7422
7472
7192
7592
1945
7281
2111
7058
7485
1981
6833
2096
1611
6900
7567
1934
5978
1875
1601
6829
2042
1477
1484
7085
6813
1932
6373
1954
1610
1446
6648
2016
1531
964
1518
1468
840
1471
1529
6767
7572
2060
7096
2032
6829
8044
7222
7512
6979
7799
7030
6931
1846
7678
1880
6962
7626
2032
6924
2078
1491
6477
7749
6941
6674
6955
1948
6402
6999
6776
7158
7238
7315
7122
1979
6741
7379
1972
7029
1965
1437
1507
6770
7649
7181
6992
7667
2122
6864
6582
1880
6186
1942
1515
1482
7012
2022
6640
1993
6957
7832
7806
2081
7564
6918
1905
1413
1403
1521
1467
6994
1995
1529
1427
1406
7100
8171
7243
7266
2073
6584
7387
7602
8372
2083
6718
7886
2196
1445
1371
833
1471
6350
2038
6175
7388
6535
7246
1991
6362
1993
6247
1952
6629
1887
7587
2183
6939
7612
1981
6948
7299
2068
1486
1441
1444
1452
6820
7672
7218
2183
7055
6931
1942
6591
2020
6806
1969
6941
2027
6987
2068
1400
1503
6802
7168
2084
7016
1506
894
6137
1932
1391
1600
6692
2556
1648
6314
1891
6407
7650
6991
1866
6758
2057
7133
7305
7232
7289
7728
2139
1509
6926
2018
6850
7742
2078
6571
1883
6516
7790
6971
1902
6757
2059
6313
1839
941
918
1408
6967
7061
1940
1488
1573
1499
7562
2041
6826
2021
7148
2036
7312
2039
1404
1440
7107
6957
1994
1521
1439
6565
7318
1899
6969
1977
6646
7211
7706
2010
1495
1501
6852
7615
2073
1439
6861
1958
7179
6966
2019
7039
1967
1525
937
1410
6719
1852
6213
1939
6304
1832
7381
1926
6446
1979
1374
6656
1926
1501
6833
7678
7570
7437
7146
2036
995
1506
6932
2019
1442
6970
2001
6531
2005
6248
1948
6308
1926
6538
7441
7403
2080
1500
6631
2025
6741
7316
6882
7396
7411
6947
1888
1504
7287
2026
7149
1515
870
860
6221
1873
6759
1882
1526
1487
1569
1426
6741
8004
1960
7342
1994
1382
6707
2065
7678
2038
1534
1382
6869
2102
6750
2111
6265
7729
7931
7092
1980
1668
6351
7276
7577
7535
1964
6686
1889
7052
1944
6914
1982
7381
8082
6980
1957
1503
7004
7441
7460
1892
1592
7012
2076
6687
2088
1576
1582
6678
7498
7694
2078
1457
6811
7355
2077
6590
1975
1508
1518
6555
6572
1907
6776
7326
1984
1455
1472
7019
6781
6729
8032
1858
1504
7521
1990
7158
7722
7698
8500
2089
1493
6923
2034
7018
7740
7491
6863
1937
1472
1638
1542
6606
1972
6799
7575
2030
6821
7448
1953
7283
1984
6347
6627
2023
6744
6721
2047
6636
2015
6383
7786
7461
1969
6815
2105
6742
2066
6831
7185
7502
2695
6919
2102
1487
7085
2015
6327
5847
6315
7732
7580
1928
7143
2033
6676
1925
6301
7614
7092
1958
6846
2103
7003
2010
862
7025
7855
1979
6983
1927
6269
7602
1922
6965
7393
7383
2128
6488
7452
2062
1394
7256
7555
7481
7116
2155
6939
1959
964
6931
7261
6577
7572
1950
7207
1895
1442
6391
1914
7410
7288
1988
6996
2016
1496
7203
7448
2081
1626
1469
1406
1547
6689
7643
7948
2043
1638
1644
1402
7029
6881
1905
6482
1954
1462
1496
1481
6507
7272
1933
7068
2009
1427
1581
1419
6892
7386
7482
7052
1989
6891
2524
1446
6796
1921
1644
6495
7216
7752
1985
1471
6489
1912
1475
6711
1998
7655
2124
1485
1532
6580
2101
6894
2040
6663
1999
1429
1517
7106
2050
6909
7312
2024
6609
2058
6166
1877
1375
1566
6680
1909
6534
2189
6871
6544
1962
876
6273
1908
6256
2058
6636
7338
1961
891
6940
2029
7181
2079
1493
6775
2092
1594
1547
7150
1936
1609
6203
6912
1842
1382
1488
1492
6769
2058
6736
7205
2060
1505
1472
1562
6773
2718
6736
7588
2027
7681
2074
899
6992
2008
6472
7046
7412
1899
6864
1923
1520
1433
911
6294
7306
1919
6476
1893
1395
1441
1408
6930
7163
1959
6705
2077
1404
7350
2036
7237
7542
2029
1508
1467
909
6744
1950
1588
6979
7559
7012
2085
1417
1498
1537
7064
6928
7028
7286
1995
1579
838
1548
6927
7488
7686
2078
1533
6639
2050
877
6457
7336
1908
7489
1981
6367
1915
1467
6492
2034
1473
1438
863
872
6406
6673
1925
1487
6901
1993
1419
1542
6972
7292
2067
1530
1498
1596
6755
7992
7491
1979
1393
1408
1473
1482
7664
7270
7120
7702
1908
6624
1967
1484
869
1545
6662
2029
1467
6249
1888
1417
6870
1849
6364
1946
1459
7206
1961
1527
6516
1980
1441
7000
1929
1472
904
1508
1489
1473
6801
7556
2063
1516
7486
2122
6967
7485
7981
7461
1960
1431
6992
2010
6735
7146
7446
7526
1966
1409
7816
2098
6915
7268
2065
7263
2026
1560
6105
6521
6661
7669
1929
6527
6856
1897
1498
1506
6645
7575
8035
7626
2062
1420
1566
1376
6957
2070
6627
7320
2052
1489
1605
6896
6990
2137
6230
6762
1842
1403
6473
1948
6770
1952
6872
7448
2069
7092
7182
6919
6685
6612
2490
1400
7112
6903
1984
6429
6828
7166
1898
948
6929
7205
7190
7308
2055
1452
883
6843
7702
7528
6875
6886
1869
848
873
1462
7194
2005
6425
7366
7224
6758
2038
7148
8038
1938
6715
7521
1936
7208
7228
7009
7534
2055
6232
7332
1950
6864
7282
2135
6599
7422
7532
7457
7329
7244
2004
1520
6285
7249
6707
1839
1516
1516
1671
1502
6075
7402
6794
1930
1409
830
1435
7087
8001
1935
6904
2005
1519
1407
1534
6959
7662
2097
7027
7642
7755
2094
1510
7078
7045
7512
6885
1876
6757
1956
1383
6713
1899
1464
7165
2111
6808
2114
951
7467
2042
1484
6705
2041
6217
1968
1490
6724
6641
6773
6989
1934
7195
1982
1435
1538
7093
1950
6848
7429
2074
6980
7655
7186
7422
2069
1460
7328
1999
6902
2047
7137
7667
1961
1454
6656
1983
7029
1987
6472
7289
1834
1672
6203
1993
6391
2051
1495
6490
1941
1385
1385
6825
1979
1437
6880
7615
2069
1558
1503
1435
6611
2005
7206
7348
2006
1525
1461
1370
7089
1851
6932
7347
2029
1739
1489
1492
7018
7282
7415
7845
2138
1482
6995
7576
7466
7809
6911
1932
1388
1430
5965
6652
6614
7570
1857
1471
6446
1977
6833
1945
6766
7891
2674
1524
7069
2102
6830
2055
6626
7349
1991
1373
1377
867
6739
2022
6402
7702
1997
6418
7136
1949
6849
2013
7051
7625
2067
6973
7332
2011
7098
2168
6219
6607
1902
1485
1388
1423
6462
1899
6484
7628
6805
1961
6579
1883
1487
6822
2135
6876
2089
889
6666
7275
1912
6879
2008
7052
1978
1689
7001
8022
2111
6246
1819
6600
1965
1483
6459
6865
1979
6639
2135
6348
7632
1959
6638
8198
7654
2104
7217
7592
1995
1470
7032
7418
7681
7451
1961
6683
2089
1503
7402
7361
7316
7565
2087
6845
2084
1561
6812
6949
7095
6712
1988
1596
1480
1429
1425
6850
6507
7359
6827
7505
7127
1895
1701
6737
2024
6998
7716
7515
7219
2005
1488
6722
2030
7274
7852
2238
7000
1851
1431
6518
7829
8141
7311
2058
7061
7579
8069
2007
1441
6406
1919
6770
7165
1946
1559
948
955
6307
1916
7379
7711
1873
1441
1470
6934
7247
1917
7004
7285
2132
1690
6668
7210
7449
2096
6820
7365
2102
6509
6953
7648
6474
6782
1990
1611
9670
7627
1916
6453
7873
7287
1958
1430
6800
7472
2038
7268
2006
1549
1478
1660
6981
2084
7799
7358
1907
1407
1403
1451
6852
2015
6870
7425
7201
7418
2105
7719
7658
2689
6898
7789
1935
6350
2034
6822
6560
1996
6915
7553
7035
6747
2177
1480
6681
7392
7557
7819
7569
7288
2008
1428
838
6752
2009
6820
2003
917
908
903
7041
7558
1926
6304
1888
1527
1509
1597
6524
7478
2071
6972
2009
1394
6743
2051
6755
7135
2033
1481
1483
913
6389
1921
1434
1441
6861
6605
2046
6368
1976
1482
6483
6841
7727
7271
1909
6811
2050
1487
6934
7996
7534
2067
953
7050
2103
1394
7091
7415
1975
1394
1462
6272
2098
925
6838
2005
1507
1447
1514
1468
6430
6932
2099
1420
6201
2003
1398
902
6746
6984
5075
1492
6324
2039
7554
7485
7605
7768
2108
7353
2126
1373
6257
1940
7067
7421
1909
7586
1947
1667
1440
1529
6971
2047
1535
7415
1509
865
6745
1916
6853
1934
1431
6925
2087
1456
920
1462
7069
7368
7029
2122
867
1544
1525
1442
7111
6608
7412
1847
1465
6782
6721
1842
6309
1965
1485
1452
1498
6309
7102
2012
6822
1983
1382
7962
1947
7066
7628
2112
6711
2060
6953
7679
2131
6559
7152
6812
6995
1928
1488
1650
1464
858
852
6894
7457
1994
6994
7768
2032
1447
878
6675
7634
1992
6696
2009
1540
6038
1970
6194
6978
2109
1529
1503
1430
7173
1964
6469
7312
1897
1384
6863
2098
1545
6902
2245
1458
1522
1415
6761
7216
1936
6907
1997
1435
1614
1436
6942
7742
7089
2026
1492
6243
2063
938
6513
6995
7739
1982
1477
6886
6677
1861
6309
1928
6550
7452
7458
7552
1946
1460
7341
2088
7137
6620
1980
6842
1938
913
7208
1903
6834
7532
2161
6479
2022
1463
6864
1913
7217
7693
2132
1408
1527
1564
6897
7354
2069
1526
6177
1922
1442
6781
7511
6732
1829
1432
7044
1901
6202
6937
2057
6584
2540
1490
6897
2081
7076
2071
1515
7224
2073
1433
1449
1388
6944
7264
7343
7291
7026
7262
1934
1519
7192
1957
6462
7230
7552
7398
2086
1522
6954
2044
6727
6878
1928
6146
1977
1494
6917
7131
7062
7658
1957
6290
1873
1396
6686
7232
2000
6596
7509
2031
6672
7404
7510
7402
2161
1477
6457
2143
6181
6843
6923
6805
1939
816
1365
6770
6767
1914
7036
7372
1964
979
1576
1410
6975
2056
1547
7201
2043
7361
2117
1440
1419
1490
6589
7655
1883
6940
2071
1516
7219
2009
6948
7285
2178
6893
2045
1609
6517
2107
6751
7572
2083
6783
2027
1400
6697
7109
7125
6669
6618
1842
6779
1850
1504
1528
1439
6741
6831
1971
6283
1965
1477
1446
6554
7302
7650
7748
7507
2003
916
7469
2060
6836
7364
7019
2137
2131
1564
7082
1932
1798
1465
6547
7792
1988
1453
6972
1986
6878
7548
7499
7152
1953
1476
6212
2023
6857
6535
6802
6864
2006
1504
889
811
7088
6821
2746
6882
2108
1503
834
1400
6981
2019
1491
1482
6568
2051
7537
7186
2086
1507
1455
1500
7507
2005
7645
7496
2054
6475
2127
2049
6890
6921
6919
6807
1933
6838
1963
1497
6464
6996
7125
7329
2060
6785
2069
1486
1684
1418
7193
2030
1626
7319
2068
1462
7027
2109
6124
1945
6912
7704
1891
1576
6835
2061
6803
7309
7362
2005
1493
6852
7616
2084
6793
7129
7642
1943
6133
2045
7019
6727
7438
7704
2098
912
6394
1966
6624
7429
7649
1958
1436
1557
1442
1485
6998
7498
2097
6570
2002
1435
1642
6961
7502
7079
2127
6187
7505
7714
2044
919
6808
7384
1994
6730
1960
1411
845
1433
6800
8148
7068
6603
1977
940
1515
1478
6066
6915
7236
7018
2036
1561
6946
1938
6908
8138
7260
7158
2003
6873
7660
7472
1932
6726
1978
843
6279
7832
6801
6935
1975
6961
1969
859
6710
1965
6273
6902
2000
1413
1413
822
6732
1978
6789
7504
2062
1415
1400
1603
7197
2227
7321
7656
6796
7455
1932
6859
7385
2013
6804
7279
1973
6858
1912
7109
2023
1505
6783
7579
1996
6511
2078
1506
1668
7059
7283
1921
1438
6055
1986
1546
1566
6763
6898
1854
1449
6415
1854
7026
7071
7253
7585
2010
1515
6950
2062
7116
2151
1502
6661
1999
1427
1410
1635
6896
2104
2044
7224
2032
1529
1440
1530
6285
7662
7507
7021
7276
7862
2100
845
6822
1990
6796
7529
7542
7293
1858
1438
6018
1928
6239
7035
2126
7211
2056
1525
7079
7314
7542
7636
2195
6575
1956
1545
6639
7352
2026
7044
7522
2063
7180
7851
7521
6935
1905
1405
7141
1954
6693
6777
6975
7095
2019
1443
7673
2040
6956
7627
7816
7602
2033
1491
6178
1918
6908
1868
1445
6863
1935
1517
1582
1431
1570
1526
6835
7319
2133
1569
1427
1385
6625
1934
7017
7869
2083
6960
2057
1501
6950
2075
1486
6827
2017
6890
1907
1522
6812
7254
7334
7498
1951
1487
7100
6835
2016
6611
1936
7731
1951
1485
7100
7651
2070
6884
2093
6610
7302
2047
6717
6965
7969
6971
1902
7402
7211
1899
6869
7420
7550
7232
1930
1431
1502
961
1426
1406
6359
6796
1959
6144
1944
1477
1647
1441
6487
7741
1894
6378
1929
873
7055
1935
6675
7202
2120
1479
1498
1501
6624
2021
6586
7232
1997
1488
6900
2007
1488
6808
1963
1399
1522
1529
6796
7820
2099
6844
2007
916
1498
826
6616
6881
1951
6147
1955
955
1483
1425
6217
6787
6916
7229
2009
7918
7524
2018
7213
7344
7615
6722
6995
7281
1996
1493
6795
2032
6671
7585
1994
6815
1980
860
7022
2041
7606
7367
2244
6506
7740
2001
6897
2003
6085
7218
1906
1473
1536
1523
1565
6249
1802
6237
7566
7101
7284
1967
1440
7010
2059
7118
8557
7319
2042
1489
1509
6931
2009
7709
7751
2079
1406
871
1454
6369
7137
6970
7322
1957
1484
6858
7706
2059
1527
7659
7167
2019
6223
2071
1461
912
1404
6836
6500
2025
6314
1876
1458
1639
927
6479
7586
1975
6302
1942
866
6774
1928
7031
2093
6581
7312
1971
6866
7502
7452
1928
6696
2012
1411
7122
2133
7170
7786
7711
7501
2024
1482
6837
1990
6319
6959
2127
859
1435
1363
6712
1961
6733
7522
2032
1505
1414
1593
9822
1883
7353
7122
7431
7355
1934
6784
2058
1412
7069
7265
2119
6638
1936
6854
1990
1442
6967
7616
2142
6971
2047
1520
1451
7519
7767
7420
1895
6846
2135
1508
1666
6218
1896
7048
1855
1463
1535
939
6642
6766
1919
6610
2201
1441
1438
7077
7780
7642
2050
6989
1983
1477
6550
7482
7494
7075
6908
1940
1519
1395
6365
1935
6538
1996
6751
7382
2089
1565
7484
1993
6790
8022
6934
7396
1892
1439
6134
1863
6370
6992
6862
6746
1924
1533
6705
1876
7609
7257
2060
6669
2154
6680
1999
1515
6914
7699
2190
1491
1404
1441
6788
7002
2039
6914
1973
1474
1521
1584
7045
6875
1967
7962
1925
1392
6030
6783
6800
7252
1934
6803
2112
1515
6946
7739
7282
7282
2726
6853
2227
1459
1449
1469
6924
2015
6774
7468
2075
954
6780
2096
6611
2199
6798
7475
2124
1397
6819
1986
6933
7091
6989
1891
1453
1551
6217
1966
6829
7281
6728
11126
1897
6207
2150
6672
7199
2006
6917
2030
7035
2094
1548
1428
1412
845
6886
2079
1487
1534
955
6664
2032
7114
7696
7758
7728
1883
1522
1540
7184
6936
7320
1976
1387
878
7208
7411
7565
1938
1662
1501
1483
6904
2050
6234
1981
7392
6661
1888
6938
7758
7674
6848
8138
1844
6885
2059
7518
2105
1499
6658
2007
6593
7518
7566
7472
2063
1696
1555
942
6560
2076
1446
6426
7042
6986
6871
1898
1397
6734
6807
7221
1945
6583
7258
2021
6972
2017
7123
7129
7718
1992
1016
954
6807
8104
1884
6835
2036
6772
7439
2127
6563
7448
7896
2097
1374
6983
7522
7963
6781
2021
1430
6793
1992
1487
1490
931
6041
6669
1945
6222
1926
7095
7016
1964
6573
1933
6950
2025
6985
7642
2099
6878
2104
1421
1486
6565
2033
6725
2027
1498
1472
838
1437
1425
6792
7149
6982
1928
6592
1989
6541
8009
7477
7436
2062
7905
2119
961
6656
7651
1938
6252
1948
1680
1486
879
6777
1857
6383
1863
967
913
7147
7517
7511
7208
7302
7152
2074
7420
2040
6729
7466
7655
2004
7629
2024
1436
7071
2061
6937
1868
1507
1511
2024
6586
6875
2036
1533
918
6998
6517
6855
6772
2042
6694
1924
843
1424
6878
7619
7794
7282
2011
1506
881
6458
1950
6489
6692
7435
7222
2080
7621
7253
7525
7558
2045
859
6901
8282
2026
8584
7040
7495
6608
1884
1498
1562
880
6257
1873
1554
1508
1457
6858
1977
924
6389
6741
7066
7312
1981
1444
1442
6937
7718
7446
2019
1533
1522
1474
6752
7419
2017
1449
6797
2036
1498
7421
2075
6977
6924
7239
1920
873
6744
1888
916
6940
7749
2136
6823
2057
1500
1497
7329
7898
6834
1922
6171
6826
1959
6497
6822
1947
6259
7399
1920
1449
867
7093
2032
6696
7272
2137
6643
7606
2061
1553
6789
7318
6986
7645
1936
908
1441
6409
6929
1907
6400
7414
1880
1507
949
1534
1505
1587
1659
6267
7525
7838
7313
2172
6840
7482
2145
7461
7739
1959
6109
1931
1412
1435
870
6835
1917
6880
7359
2044
1468
6607
2007
6585
7382
2055
7069
7605
2802
6834
7079
6819
6725
1958
1472
1435
885
1454
1518
965
6058
6747
2123
7040
1966
6564
6769
7426
7330
7780
7517
2081
1451
841
6738
7129
1957
6911
1997
1484
6863
2616
1407
1616
7038
7635
1906
6326
7182
2053
6950
7362
2071
6632
7365
1954
6730
1932
7154
1921
875
6835
1994
1538
6977
6921
1999
6545
7742
7614
7368
2099
6785
2047
853
6644
2077
1540
6757
1983
1392
6916
1982
846
6881
7557
7416
2092
6344
2075
928
6373
1982
1456
6423
6952
6789
1903
6231
1909
890
1463
1503
6583
1974
1404
6236
2058
6712
7353
7516
7905
7928
7688
7391
2047
7619
1528
915
6853
1895
864
11154
1950
1443
6756
2094
6671
7326
2005
1652
7190
2127
7053
7368
7086
7148
6552
6756
7362
1992
1444
1532
1505
6953
1935
1429
1436
853
6349
1929
6262
1974
6586
8278
2002
1524
7025
7572
7505
2119
6640
2001
6976
2188
1425
7060
2065
6316
2103
7017
7629
6977
8131
7789
2091
6808
7426
1948
6608
2684
6237
1958
950
1541
882
1419
6781
6460
1852
6205
7996
7001
6858
7422
1890
1433
1509
6948
7522
7286
7215
2016
6778
2068
970
1445
1542
7032
2105
1598
6865
2058
1455
6365
2007
7084
2012
7406
6868
2037
7043
1969
932
1484
863
6079
7445
7768
1944
912
6583
1942
1493
1495
1368
1661
6809
2056
1501
967
869
7862
1994
6912
7388
1954
6419
1946
871
1533
6769
6714
7312
1939
1512
9352
2083
6725
2069
1521
6539
2030
1480
1431
6946
8066
2071
1462
1491
1466
7074
7662
2056
6553
7616
6501
7365
2008
1459
6166
6702
6742
2003
796
6347
1967
6607
1989
6719
2076
1597
1437
1535
7143
7549
7425
2146
6757
2062
6739
7368
6946
7632
6981
6962
1951
1428
1396
7531
1859
7048
2016
1439
1486
7032
7460
2091
6574
6802
2032
917
6978
1876
6046
6889
6932
6798
2155
1476
1501
1303
6961
7171
1845
1415
1506
1551
1536
959
6741
2221
6591
7612
7202
1949
6904
1957
899
6934
1993
6934
2071
7072
2078
6899
7748
1824
7121
7710
7305
6847
1974
1505
1547
910
6287
1990
6597
9961
7593
1926
775
1423
982
7150
8134
6925
1973
6487
1994
918
1501
1433
6973
1958
1492
1699
1455
6949
7292
2002
1413
9332
1503
1493
1542
1477
6638
7710
7528
2042
847
7725
7387
7049
7009
2007
6236
6635
2044
1441
1530
6797
7561
6933
6876
7042
1972
1492
6670
2071
6970
7645
7460
2085
6627
7434
2040
7024
6966
2128
6410
1909
1448
1368
1409
7238
1907
6476
7311
1963
1615
6942
2121
6736
7502
7269
2030
1424
1515
6384
2036
1613
6183
1907
853
6666
1871
1525
6426
6922
7202
6702
7318
1946
1490
7071
2122
1496
6637
7535
1970
1419
862
1537
6764
7355
7389
2028
1515
6706
2067
1511
6387
7661
6975
7882
6863
7315
6867
1953
1498
1514
1474
6319
1859
1399
904
1631
1492
6663
7190
7335
7639
7914
7174
1984
6319
2080
911
6250
7259
1869
7054
2778
1497
6745
2042
815
6525
1982
1519
1501
1446
6975
7531
7582
7698
7266
6922
2021
966
6525
6652
6696
7525
1918
1408
852
848
1524
1505
6497
2468
6258
7395
1932
6860
2128
1507
7041
2041
7011
7430
7208
7272
1996
6880
2046
1370
6484
2002
1436
6641
1912
1505
7074
1945
6495
2043
7581
7573
2031
6706
7306
1948
1496
6649
6915
1975
1456
1296
1471
1398
6262
6819
2012
6368
7674
1979
7266
6891
1942
6711
7206
2071
1481
863
6638
1969
1417
6639
1980
6650
7422
2058
1477
1629
7053
2069
9202
7558
6881
7012
1956
6689
7702
7251
6864
2004
934
1462
1469
1512
1444
1516
6377
2027
7464
7294
2029
6939
7616
2146
868
6610
2044
6434
2646
1603
6205
6962
1886
6844
1985
1449
1388
1483
6987
2028
1544
6733
2138
7426
7412
7528
7492
7618
7012
6966
1984
6873
1890
6949
1264
1433
6229
1963
1504
1538
1377
6187
2016
1471
1485
7305
6978
1958
6699
1935
6745
1968
797
6992
1952
1486
7009
2132
928
1529
920
6959
2056
7665
2104
7001
7700
2114
1475
6350
6806
1875
1440
895
6297
1983
6721
7272
7475
2092
935
1519
1452
7662
2127
963
7032
7231
6995
6552
6475
6672
7127
6956
6868
1896
6802
1919
6908
2102
1581
6765
7381
7149
7389
7545
7752
2060
1539
1581
6438
7126
2016
6457
7808
7651
6628
7535
2152
6360
7066
7365
8299
1998
7024
7888
1978
6229
1892
6158
1913
6281
1893
1471
931
6914
7322
2100
6926
2072
872
7338
2041
6892
7746
7804
7788
2120
1611
7309
6775
1907
1554
1549
6826
7221
1952
1624
1413
6333
6752
2065
6293
1882
7180
7308
1938
6697
1991
7278
1966
6975
2239
1046
6887
2072
1423
1605
6958
7348
7272
2047
1534
1664
898
1399
1424
6330
7216
1897
1506
7174
1979
6520
7261
7358
7542
2161
6985
2099
1518
6568
7612
2024
6182
7359
1971
1488
1473
6273
1885
7137
1890
908
949
6416
2004
6476
7069
12925
7245
2045
1537
1449
891
915
6497
1959
1466
986
1490
7480
1927
1513
933
1605
957
1562
6967
2111
794
827
883
6843
7378
7461
2145
995
6903
1896
6704
1910
6532
7712
7241
1896
1610
1483
1437
6551
1922
1445
6307
7335
7349
1939
1492
6886
7782
8115
2154
7192
7407
6770
1933
1496
6801
8265
7169
2121
1425
1473
880
6729
7375
1985
1541
1477
7243
2678
1620
1500
6882
7355
2083
924
1432
1389
6606
7049
6689
1875
6817
1850
1562
1514
6102
1918
1638
6193
1937
1399
7145
1957
6287
7907
7424
2062
1431
1460
877
796
1509
7004
2019
7082
2072
1531
1498
6886
7431
7342
1970
6941
7799
7018
7135
8045
8151
7345
2030
1454
863
956
1562
1358
6831
7606
2071
6566
6922
1990
1479
1516
6061
1919
1505
1402
793
900
6124
6759
1947
928
967
6465
2079
1442
1536
1681
1484
1512
6331
6672
7302
7569
2051
6630
7512
1937
6676
7356
2090
1471
972
1528
1465
876
6897
1970
6739
2055
1538
1558
2040
1419
6602
2118
912
6269
6953
6949
7214
6806
6842
6922
1972
1470
1504
1552
1399
869
1582
6727
2028
1640
1536
1473
6806
1972
6863
7558
2132
7332
2058
6608
1965
6852
7461
1940
6839
7326
2017
6679
1950
1491
944
6659
2020
6817
7559
7795
7669
7059
6928
2103
6155
7308
1919
6238
1926
6224
1837
6447
6912
1914
1442
6649
8066
2235
7162
7545
7767
7209
7315
7516
2069
6498
6939
1836
1506
6451
1952
972
1618
6770
7406
7592
7242
7501
1992
6697
2074
1427
7212
1895
1451
6904
6533
6872
1981
6408
1971
915
889
1406
6366
1998
1631
6178
1884
1296
6707
7294
7149
7135
7219
7488
1972
8116
1965
1526
6784
2052
1546
6378
2132
1516
6931
1882
877
6443
1889
880
7206
1987
6935
7177
6815
6782
7226
7314
7469
2010
7236
2074
6537
2116
1570
923
1579
1588
7210
2053
6163
2091
6187
7282
7507
1984
6917
7345
7370
2020
7058
2139
6895
2009
1512
6726
1998
6857
1995
6309
6562
1972
6091
7282
2056
7076
6836
6726
7198
1915
6656
1936
6891
1932
1417
6939
7491
7542
2061
7122
7802
7062
2199
6474
1942
896
934
6375
1965
6631
8087
1896
7012
2037
897
978
2144
1390
1679
1471
960
910
849
6951
2010
6980
1956
7444
7012
2060
900
894
1509
940
898
6761
6480
6681
1954
1557
6446
1972
1498
1587
1427
1419
7123
2210
1504
1556
956
6333
1950
1542
1412
902
6782
1936
6928
2118
6742
7318
7236
2022
6821
7458
1966
7122
7032
2105
6970
1959
1512
942
888
6743
6868
1995
1378
6992
7285
6686
1955
6382
7092
8266
7617
7572
2031
957
1543
7299
2076
1489
6308
2080
6820
2763
6182
1970
1454
6865
7312
7382
7432
7502
1906
938
826
7372
7602
53211
1782
7586
7073
1962
901
939
6761
2017
6046
1861
1602
1462
1505
6980
1721
6874
7521
6816
2035
6776
1898
6723
7684
7724
7486
7228
7526
2066
6797
6952
7635
1954
6421
1973
1504
1454
1413
6457
8012
7391
7627
7377
2002
6713
6809
6715
6584
1868
6384
6928
6934
7609
8036
7295
2039
6614
7292
7232
7315
2174
1509
1508
6859
7421
2064
6334
7642
7764
1863
1502
1524
6563
7622
6686
7019
1898
7003
7321
1998
6880
1984
6926
1920
895
1435
1573
7224
2252
1489
1528
6701
2190
883
1478
1484
6316
6769
7657
7188
1988
6771
7218
8216
7444
2496
7850
7355
7378
2062
1519
6432
6966
7038
6601
1891
1484
1470
6164
1830
6835
7145
7526
1918
6613
7248
2002
6966
7708
2090
6773
2077
1615
1531
6696
7272
7452
7692
7747
1919
868
6425
1992
1503
7259
7408
1898
1487
871
6902
1997
1694
964
1490
932
6970
2090
6895
7131
6956
7292
6607
6786
1879
1458
6461
1939
1454
6303
7726
7662
1958
7039
2085
6726
7309
7212
1990
1544
6786
7625
2025
1622
6697
7782
7751
6931
7115
6802
1970
891
6883
1420
6198
1973
1565
6245
1950
1535
6959
7362
2011
6792
7754
7363
2082
6283
1962
6957
8259
7195
7339
7975
2005
1471
6701
2016
6773
2004
1426
836
1456
1583
7112
7815
7639
8071
7767
7591
6526
1931
6315
7612
7010
6799
1985
947
1689
845
6654
1905
6918
2024
6923
1985
1752
7070
2133
1364
6666
2213
6967
7252
7428
2068
6430
2110
1561
1490
6924
1999
1403
6294
7031
1945
6938
1950
7036
2101
7562
2078
1580
1502
865
1613
1554
6740
2005
1425
1408
1456
1559
950
6522
6918
1962
6849
7488
6821
7845
1949
6270
2118
6897
1872
1412
863
6846
1885
6761
7244
2062
7416
7301
2618
1409
1554
7793
2057
7038
7620
2084
6435
2110
6877
7201
1876
6467
1864
917
1439
7176
1956
1483
1535
6699
1978
6350
6778
2005
6631
7279
2186
8064
7674
2112
7608
7047
7701
7058
7155
1974
7084
2005
1475
1418
1397
922
1515
1552
6739
2110
6638
1950
6823
7731
7452
7362
7092
2064
6580
1930
6857
1849
1485
1495
6081
2444
1380
1426
6140
2137
6217
1509
1523
7105
7145
8671
2682
848
902
1382
1595
920
1505
6827
2032
6970
7805
2085
7030
2048
6778
8392
2091
7008
2139
1488
1411
1430
1506
1467
991
7081
6975
6862
6932
2093
941
1450
7109
1958
851
848
7137
2109
1511
6897
7346
7348
6836
7252
6785
6742
7312
6855
7599
1936
1450
7007
7512
2088
6981
7309
7372
2020
934
941
893
6829
7734
7936
2038
6505
7118
7226
1922
6422
6762
6602
6822
6905
1964
6593
7315
7755
7585
2070
1657
7567
6865
6698
6766
7322
7405
2211
968
6709
2120
878
7294
2004
1525
6833
2026
1498
1431
7573
7490
2006
1449
1536
6940
7222
2108
892
1478
1346
6209
7289
1896
1570
1467
6074
2088
1444
6141
1956
6850
1886
7023
1933
967
971
901
6333
7301
7396
7628
1975
1411
1431
1502
7134
2041
959
6814
2069
849
1445
1450
6569
7336
7398
2065
1548
1440
6512
2011
1439
1468
7091
2002
6461
6938
1980
1474
1552
6780
7351
7497
7514
7092
1937
6693
1945
6193
7394
6794
6874
7452
1933
948
6251
7202
7377
7576
7222
8005
2012
6843
7656
1947
1559
6849
7664
2073
6907
6711
1930
1490
6443
7359
1980
6168
7412
1982
6289
1928
6709
7339
7655
7911
8049
7008
1873
1424
6378
6909
1990
6726
7359
2066
6903
2179
1509
1441
6956
1961
2370
1540
1544
6160
1935
1405
7033
8346
7367
1975
1451
1559
908
917
7297
2003
1565
6304
1977
1384
1591
1550
6094
6552
7502
8115
2542
1396
7153
6818
2072
1521
6512
1949
6803
7602
7748
2090
933
6835
7275
1976
6708
1994
6867
7722
7011
1979
1468
6608
6980
2002
7111
7352
7565
2266
1598
1427
1425
6916
7112
7567
7415
2060
6899
1938
1490
6271
1870
6523
6865
7579
1860
1582
1460
971
6797
1952
962
6950
7427
2111
7461
7371
7384
1974
6914
7316
2157
837
7081
7246
1947
7939
1923
6632
1928
6346
1932
1483
6904
1940
1451
6322
6678
7092
2020
6740
2021
7011
7515
8052
2035
6270
1952
899
1522
6231
7386
1902
7144
1939
972
1421
1386
7095
7252
2833
1542
6615
7526
2014
7010
2024
6989
8387
1960
1606
926
1546
1485
1538
1422
6595
1925
6973
7382
1916
6077
1878
7637
6770
6899
7642
1940
6642
7436
2055
7046
1965
7055
2009
1514
6701
7565
2057
1009
1514
6685
7606
7038
2068
6393
1861
6328
1939
1514
6551
2002
1462
6752
7358
2072
1479
1470
6773
7297
7240
1947
6440
6769
6542
6922
2597
1491
6525
2152
6288
6736
1897
6792
1821
876
6761
2013
969
6667
7106
7358
2114
972
6877
7589
2012
7034
2009
6341
6843
6776
6901
1891
6897
2077
942
6867
1979
1920
6163
1913
6404
1994
6674
7445
7573
2017
7122
8286
7241
7586
2029
6129
7141
1961
6893
2062
6632
7356
1950
1423
1476
1511
1532
1599
1453
6816
1970
1452
7169
7386
2027
1627
6724
2015
7244
2045
837
6585
1900
1460
1525
1522
6945
6506
1955
6972
7494
1899
6410
1936
6237
11072
6869
7640
1920
7006
2042
7034
2130
1481
1556
1650
6956
7651
7835
7705
6932
6856
6888
1992
6818
7466
2129
7089
2095
986
997
864
6887
2154
6580
6802
6769
6502
7412
7811
7597
1984
980
1504
1498
6983
7360
12363
2073
1459
808
6706
2742
6637
7261
2053
1518
1431
844
846
1412
935
6814
2045
7207
7662
7142
2112
1604
7014
1885
850
849
6486
1989
7119
7434
2009
1482
1411
6820
1985
1540
958
6370
1961
908
6452
7091
1916
7027
2011
1419
1519
1476
7147
7812
2086
1618
909
1400
1469
1524
7353
2078
1451
7085
7704
1896
7144
1919
1632
1517
7754
7316
2304
6709
7246
7498
8229
2112
878
6906
7486
7384
6826
1875
886
6269
6556
6599
1841
6261
7636
1897
6375
2036
6641
1939
7521
7794
7742
7358
2194
1462
938
980
6564
7242
7395
7269
2148
6989
6988
1943
880
6526
8019
7638
2089
842
1477
1481
6953
7662
2073
6545
6902
7435
1954
6126
1860
1649
6345
7008
6806
1958
1519
1462
1389
1447
7048
1302
6934
1908
1482
6776
2169
1502
6871
7162
1989
875
845
1397
1523
1540
6658
1986
1438
6877
7575
1990
6803
7808
2154
1492
6928
7555
1960
904
6425
1939
1418
6124
1922
6665
1938
1546
951
1459
1463
843
6213
6782
2003
1507
6603
1941
1515
6889
1943
7123
7853
8219
2015
6420
6883
7585
7240
1946
6763
7390
2111
1546
1495
6615
7370
7760
7332
7444
2035
7206
7021
1971
6852
7293
7219
7254
1837
1383
968
1465
6360
6820
1966
1401
6633
7336
2030
7024
2095
1569
1515
7066
2038
870
6945
7262
7264
7533
2002
1552
1566
7136
7688
1939
6579
6969
2022
937
1438
6895
7337
7522
7689
7259
1926
1445
6277
2023
1515
6193
1898
1434
5964
1859
1522
1477
6395
6981
7462
6757
1969
6789
7506
2103
1623
7424
1978
1437
862
6739
2051
963
6648
7605
2720
887
6990
1990
6750
2193
6428
2097
6956
7031
1974
6692
6722
2007
1431
1429
6945
1866
907
1486
1513
910
6269
1897
6385
7042
1951
1473
1524
6725
2085
6933
7532
7979
7718
1950
1382
6230
6746
1865
857
6812
7489
2110
1490
1496
6592
7538
7436
7485
7499
7722
7995
2004
6376
1958
1418
6295
1896
6777
6809
1964
1469
1441
1415
1433
6180
6952
1953
6250
1961
6625
7328
2116
1491
6933
7836
7338
1973
860
1396
6529
2031
6627
2065
6932
7068
2101
6869
6884
1942
1455
7234
8228
7364
2036
1445
1498
6952
2051
1434
850
1485
6809
7076
2033
6366
1988
918
6125
1979
6870
6801
1916
6428
6898
1950
1415
1429
6332
7349
2062
1468
6748
2558
6859
1984
6716
2190
1500
6918
2055
6856
7796
2049
7074
7732
2088
7135
1899
6383
1865
839
1490
6556
1926
930
1559
1559
6908
1882
6034
7532
6976
7201
1962
1655
1707
1434
6799
7662
7729
8226
7705
1911
6983
6802
1849
1458
7335
7552
2083
6653
2154
6709
2034
902
7755
7621
7562
7265
7065
1980
7129
1913
1415
6041
1973
6733
1944
1444
1438
1533
6875
6700
6882
1959
1497
7360
7263
7240
2055
6925
7709
2087
1431
891
1569
9284
2141
7514
7412
2046
1632
6980
7038
6810
7002
7692
2024
1559
1408
6775
2131
1527
1450
6957
2062
6825
7438
1934
886
1475
897
913
1479
871
6562
1943
889
1417
6306
7278
7247
6638
6985
2043
974
6286
1978
6481
1914
1466
6918
2015
951
6850
2133
1446
886
858
6867
7279
7142
1941
1512
6808
7656
7623
2177
965
6431
2090
1440
7154
1875
1477
6656
6828
6785
2005
1540
6676
6671
1890
1474
6338
7156
1917
6739
7719
2025
995
7134
8032
6884
6712
7541
1954
1462
6973
7393
2062
1400
897
6762
2036
946
953
6500
1940
7704
8013
2694
1465
1536
6916
7476
2044
6590
2101
6173
1976
6086
1919
1599
861
945
6743
6629
6602
7802
1923
1487
1447
1432
6712
1926
1434
6591
1996
1447
1411
838
1560
6754
7612
2063
1511
1487
7238
2105
1427
1411
6870
2040
6668
7302
2000
1520
1694
6768
7155
7342
7198
1933
1661
6377
1912
6784
7496
7707
7783
7392
2060
1648
6314
7416
6573
7560
6991
6728
2073
6961
7355
1878
824
6908
7290
2047
6524
7396
1902
1700
935
6869
7602
7291
7031
7777
6917
1941
6429
2029
6147
6752
6628
6809
1975
846
1442
1529
1483
6817
7506
1954
7089
1948
1442
1671
1511
1519
930
884
1347
7457
2017
1441
7451
6991
7746
2035
1585
1438
1466
7013
7189
1939
1544
6691
2049
1579
937
893
6622
7185
7346
7535
7335
7686
7075
7602
1968
1499
10471
1990
1480
6135
6579
1919
919
6069
1856
6433
1935
1572
6196
7154
1975
1585
1448
7714
1948
1431
7715
2000
938
7098
2099
1538
1431
862
7044
7312
7359
1968
6811
1976
6552
6912
1985
7307
7991
2004
1455
1427
1547
1586
1568
7602
7448
2073
7152
2108
6890
7069
7592
1946
6943
1904
875
1616
5982
6742
1936
6694
2049
6249
1970
6184
1905
897
1466
6937
7832
7505
7478
7350
2096
7060
2052
7655
7404
6972
2030
6312
1843
1467
1465
7235
7030
2036
6191
2015
1519
1479
1652
1410
1466
1518
1437
6069
6989
1896
6313
1952
6561
7275
2004
1551
6991
2011
1509
1584
1479
6989
2022
840
7409
2101
6974
2007
6256
6642
7289
1934
7062
8065
7179
2006
6764
1999
6980
1999
1465
6899
7509
2083
1477
1455
6592
6855
6726
1919
6705
6813
7470
1868
1475
6521
1971
1495
1478
6373
1897
855
869
6598
7450
7677
1977
978
9681
7158
2058
6698
1986
6635
1968
6877
7826
2255
6188
1945
1512
6288
1943
1436
6735
7485
7419
1997
936
6882
7402
2080
6559
2029
6337
2036
6127
6825
6855
6999
1987
6996
7638
1961
861
6827
1822
6715
2172
6571
7165
7249
2121
1587
6985
7742
7305
2007
6964
1351
6846
1279
1496
6334
7065
1985
6859
1974
1488
1442
1551
1422
7025
1866
1493
6987
6954
7262
1978
7550
1964
7055
1959
7313
8412
2091
1574
880
1028
6269
2022
1460
10601
7468
7149
1877
836
6894
7166
7857
7374
2004
1514
1519
6951
7502
7502
7058
2078
6239
1913
6244
6814
7252
6727
6916
1870
1448
1503
1510
6407
1932
850
899
904
929
1498
6708
7455
7509
2039
7054
7667
7396
2004
6922
1971
832
7275
6966
7558
6811
7049
7319
7522
1996
6838
7512
7342
2056
1563
1992
1477
1571
6428
6520
1974
6026
6746
7122
6851
2053
6277
7581
2066
6803
7489
7245
7359
7495
2074
1462
7239
7529
2077
1501
1515
6364
7003
1971
6534
7609
2070
6242
6603
2094
1462
1386
6836
6864
1966
1530
1522
6646
7318
7742
7756
1977
1398
7369
6836
1931
920
1001
1515
1463
6523
6659
2063
867
872
6951
7345
2003
7461
7227
7589
2028
7368
2120
1355
7004
7542
7262
2027
6412
7376
2018
6775
1958
6144
1949
6827
6925
6939
7231
7350
7898
2132
970
7076
7367
7269
2002
1493
6618
7376
2080
7079
6998
6935
6949
7298
1974
1471
6897
7428
7355
2089
6682
6802
7402
1950
6369
1885
1421
6335
6851
6890
1979
1507
1679
1401
1468
6959
1887
6692
1896
1513
1579
1495
1509
6850
7248
2012
874
851
941
1511
1594
6572
1965
1468
6656
7811
2079
1514
6983
2017
1514
6880
7085
2077
892
834
894
972
996
870
6182
1858
1395
1444
1548
1538
1483
6413
7046
6658
6512
6922
1882
850
6406
7144
7365
7666
9586
8312
7021
7566
7303
7186
1959
6958
7642
2125
1491
1429
6723
2117
7006
7374
2007
1457
6662
7205
6952
1969
6482
7531
7602
1931
1565
1388
1487
1505
1560
939
1514
6247
6595
1906
6467
6875
2001
1412
6728
7059
1931
6851
2047
6897
7344
2018
1580
6876
7624
7649
2066
6429
6806
1904
6469
1911
1452
6318
2010
6707
7637
2224
1371
875
7025
2044
6764
2020
935
6689
2047
1488
6360
7569
6684
7099
6771
1966
892
6096
6612
1907
7012
1837
919
1019
7202
2048
1440
6757
7568
7236
2020
6683
2212
6955
1982
993
6926
7928
6890
7700
1915
6315
1915
1615
1437
6179
2037
6226
1973
1494
1486
6445
1863
6536
7097
7209
1939
1732
6611
2050
6723
7265
7739
7421
6434
2026
6778
7561
2009
1437
6888
1974
6785
2002
1666
6927
7332
2047
6830
8281
7181
7740
2024
7025
6798
1908
6372
2059
6041
1881
1450
1498
6519
1964
1515
890
6487
1939
6794
2013
6823
7329
2003
1520
6860
7482
7338
2003
1427
865
7830
1988
7262
2084
6356
6712
1903
6147
1945
6407
2115
6717
7726
2012
1370
1450
1498
6967
2033
1458
861
6588
2034
6469
1956
6504
1954
1525
6980
6881
6952
6786
1980
6326
7234
1908
874
6686
7461
7401
1959
1570
6711
2044
6760
2064
6693
2034
6875
1949
1482
6935
2123
897
6549
7456
6661
6935
1952
6125
1942
882
858
6868
6997
1888
1533
1508
6475
2047
6808
1960
7513
7612
1963
1422
7087
2077
7492
7251
6852
6592
7112
2045
7135
7515
2158
1484
947
6830
2055
7008
1971
6752
2041
1386
6667
7308
7130
7110
1976
6303
6837
1914
1492
6894
1990
6170
1958
1471
866
1524
6392
7002
7308
7072
7358
2035
6760
7469
8295
2009
7061
8018
7740
2020
6947
6692
7541
8154
1909
828
959
7457
2112
1478
1566
1469
7010
2022
905
6633
1952
6508
2026
958
7105
1957
1438
1511
6950
1973
1486
6143
1933
6367
1922
866
6318
1907
898
6360
2075
6162
7288
2011
1478
1506
7126
7602
7613
7626
7282
7448
2094
821
1544
7062
7152
6782
6918
6799
1943
6861
7530
6972
7095
1969
6540
7135
1951
854
832
6799
7426
2053
6493
2068
1451
6496
2029
966
857
6861
6517
1893
1420
6767
7714
2068
1504
6913
2676
6797
1937
1564
7030
2050
913
1552
911
1399
7047
2044
872
1456
6735
7465
7089
6922
1991
1677
1501
6949
7528
6647
1943
6837
6728
7018
2144
6708
2097
6529
7572
2031
6859
7617
2019
6777
7514
7549
7782
6692
6828
6812
7178
8562
2013
1400
1442
6819
8116
2070
1493
1459
6541
2045
11748
1985
854
7045
2065
1415
6884
1911
1014
1675
860
6382
1971
6268
1980
1533
954
6191
1959
1439
1374
1427
904
954
7670
7948
7644
2111
6988
2156
1428
7506
7351
7215
7348
1947
1553
6991
7898
2103
6215
6670
7522
7391
7317
6957
1909
6500
1990
6713
7215
8259
7776
8062
2021
6532
1876
1524
1486
6384
2076
898
895
5991
7212
1919
1421
1433
1466
6868
2068
1496
6880
2010
2289
1540
1015
6906
2092
1399
1573
1395
7110
7399
7229
2027
6609
7014
2002
6550
2037
7019
6918
7224
7125
2020
1014
918
6272
7612
7195
2066
1625
6604
7355
7492
7591
7548
2037
7022
1993
7070
1994
6638
6809
1893
7180
6793
1912
940
1481
6687
1907
1561
1615
1393
859
7211
2084
6908
7332
7062
2058
958
6405
2021
6365
10077
1822
1547
1514
947
6563
1958
849
6349
6649
1910
6709
1842
6773
7924
2067
1466
6913
2114
6802
1992
6972
7272
7402
7482
2091
1479
6565
6777
6762
6768
1944
7002
7438
2603
6437
7052
7192
7064
1971
6665
1977
1448
1413
888
1495
6758
2097
6631
2040
6644
6734
7320
2049
6884
1962
859
1387
7127
2026
6829
7410
2030
7066
2050
6681
7607
7489
2039
1419
1547
1630
6549
7002
6852
7432
1962
7072
1935
6167
6836
1916
1518
6434
1879
6787
1939
6832
2057
948
6780
7372
2083
919
899
6644
7605
1992
6909
2090
7163
7062
6754
6700
6847
2041
6662
7656
8065
7169
7020
7928
7575
2071
6974
1865
1431
1402
6577
2003
6238
6662
2015
6189
7282
7482
2045
913
1484
1414
1550
1428
6755
7418
2036
6688
8081
7464
7632
2100
1510
7115
7425
6863
1893
6295
6668
1999
1501
6276
1943
6603
1939
1443
1523
1387
6851
1974
6805
7207
7308
7652
2129
1506
6588
7892
7515
2036
954
867
1424
1712
1519
1526
6043
1836
815
872
6821
7740
7442
2103
6841
7658
7329
2146
6684
2088
7420
2054
1673
6481
1981
1445
1401
6608
1921
953
6387
2631
1402
6211
7362
7165
6834
7589
7731
7092
2037
6823
2113
6808
7518
2165
946
7011
2031
7112
2004
864
880
1455
1526
7186
8028
2100
1462
1495
6984
1895
1514
1619
6149
1887
1381
884
1396
7089
8218
7736
7516
7372
7092
7048
7432
1977
1561
6162
1935
6271
1975
6342
6918
2072
6826
7261
7572
2060
7883
7484
1935
6678
1962
6845
7491
2053
7073
7192
2113
6126
2526
1547
6359
1972
6180
2178
916
1561
1416
6936
1937
6949
6898
7324
1910
1429
964
1599
964
1032
1453
876
1539
1510
6731
1912
1391
6598
7276
2092
1413
1008
6884
2040
7523
7921
1959
6224
6466
7226
2055
1459
7103
7531
2044
1410
6707
7612
1941
7175
2143
6847
7282
7252
6987
6757
6685
1960
6200
1948
6092
6702
7038
1935
1596
900
1526
6916
7095
7479
2176
1456
839
6816
2000
1427
1451
6742
2065
6832
2048
902
6894
1982
1653
7015
7013
2832
1530
1526
827
1409
1457
1552
6134
6765
6749
7301
1964
974
7104
7408
7296
7813
7091
2111
7280
1915
1439
6240
6946
1880
6951
6857
6667
7226
1873
6947
2065
970
7006
7529
7382
7475
7451
7632
7236
2127
1515
1517
1437
916
5962
1895
6235
6765
1971
842
1382
1459
6955
6647
1993
1505
917
1500
6475
2041
6447
1924
1501
6724
1970
6713
1991
1335
6830
1948
1381
7006
2107
1497
7335
7901
1976
6340
6582
7208
1990
911
7044
7416
7412
1999
857
6964
7336
2018
6626
7232
6923
7095
2009
6315
6806
6555
6669
1945
1485
1405
6290
1953
1516
6393
2045
7473
1974
1480
1427
1418
6546
7609
7415
1989
1495
1531
6879
7595
2025
1457
1510
6960
2029
7067
2075
6453
6769
6736
1945
1504
6640
1951
1407
6690
7690
7636
2066
6637
2230
7100
7169
6842
1967
6128
2041
1537
909
6415
6916
1970
1571
6799
1890
6071
7476
7964
7485
2043
6994
7254
2088
1498
6587
1976
6694
2129
1459
7082
7133
2080
6167
1964
6204
1903
1415
1420
867
6230
7092
1967
1494
1490
1528
7128
1969
1425
6452
1927
1563
1619
1396
6454
1897
6626
7912
7204
7491
7823
2024
6579
2122
6208
1962
6731
7177
7696
7682
7366
7538
7268
2020
6847
2157
902
6641
1995
6418
1961
1420
1504
6453
6806
7502
6771
6638
1964
1443
1471
6352
1980
6459
1963
1004
7002
7168
2090
6937
1950
6982
7335
7395
7506
7732
2142
909
7032
6821
1884
6262
6852
1991
6729
2130
956
932
858
1422
6988
7337
2062
1602
1461
1435
6618
1963
6467
1896
6572
7538
7509
2004
6538
1999
1621
6210
6776
2057
1640
6077
7166
7688
7399
7425
8226
1995
1595
6854
1980
1437
1634
1527
6959
7619
1991
1572
1543
6359
2102
919
5982
6792
1905
7105
1898
6124
7512
7005
7027
1927
6680
1917
1456
1600
1525
6668
8112
2046
1494
1429
7072
7297
7823
7533
7255
2570
6653
1960
7247
7553
2101
1500
1494
850
6995
2045
919
988
6894
2049
6968
2106
1438
6602
1966
6600
7017
7948
1883
6273
1946
1002
6951
7567
6573
2493
1448
1542
1540
6152
1971
6413
2005
6603
1952
1437
6588
7319
1913
6906
2020
6832
7462
2038
7175
8125
7099
2123
6043
6603
6789
1981
6716
7709
7513
2083
6793
7039
7152
6708
1922
947
1532
1493
1633
1316
1456
1493
6313
1986
1020
905
1641
6640
1990
1401
6267
1920
1402
1440
6286
2009
1443
6786
1460
6821
1995
911
7132
2111
892
7041
2183
11629
7315
7199
7542
1971
7299
2024
6633
6828
6916
6692
1905
1473
1514
6270
6746
6916
2006
6529
7125
7069
7325
7379
7792
2104
7261
7498
1942
1442
6819
1970
6773
1924
7023
2056
1461
7009
2106
1418
961
6751
7621
1968
1484
7034
7691
7556
2092
6807
2078
6403
1890
1372
1492
1453
6923
2001
1493
1392
6983
1962
1552
1547
6224
6462
6822
7332
2035
885
922
6792
7470
7418
1945
6944
7362
7610
2020
6903
7657
7896
7587
1938
6340
6745
1927
6838
7599
7436
7332
7072
7176
6872
7512
7831
1944
1570
876
6255
7432
6596
7306
1869
6915
2097
6850
2087
6849
7229
1973
1492
877
1436
1621
1475
917
6674
2086
6910
2018
873
7025
1993
870
1458
1484
6325
1407
1495
7176
7539
7467
1912
7265
2038
887
6942
7315
7136
1906
1455
826
7251
7178
1892
6856
1987
6767
2096
7841
7281
2073
1705
906
6847
1907
1667
6403
6612
7165
1994
1483
1444
1425
6934
1979
6822
7502
2037
6900
2006
1521
896
6804
7438
2071
6493
7675
1964
1468
1611
919
978
1528
1364
1500
1491
7379
6888
6735
1947
922
6221
6505
6782
1922
7085
7324
7122
7348
1940
6983
1993
6920
2005
6829
2010
927
6931
7582
7805
2123
6360
1952
6974
1959
6383
1971
6869
2000
1474
7102
2023
1443
1416
849
7677
2149
6716
2100
925
6376
7726
2009
6283
6722
7755
1925
886
6349
1941
7009
1888
1544
1563
1464
1425
1475
1468
6058
1957
6928
1982
7411
2052
1526
6847
1973
859
6915
1983
6667
2099
6612
7352
7672
7134
2110
1027
6050
6895
7596
6727
2196
6197
6975
1870
6705
7081
7906
2032
1522
6744
1956
1449
1408
1409
1497
6779
2049
6654
2072
7194
2028
6184
1924
5930
1837
1392
865
6769
1903
7180
7452
7415
7509
2059
6670
7545
7522
2055
1402
1555
1451
1500
6545
7002
7773
2162
6283
1899
6929
7211
6827
1839
6792
1842
6896
1936
6981
2052
979
1461
6841
2032
1583
941
6880
2097
1664
1449
1389
6671
7312
7439
7770
7666
2026
906
6830
6605
1976
1485
6345
8229
1976
7095
2101
7505
2037
1385
1429
6571
7092
1940
1448
6889
7479
1951
1441
1388
1548
1541
1628
928
6311
1919
6474
6768
6666
6685
1857
828
6752
7399
2000
1449
6803
7292
7312
2083
6730
2038
938
972
1452
1540
1527
1459
6851
7478
2043
6518
6855
1910
825
1501
6157
7666
1494
912
1478
960
6147
1924
1383
6257
1885
844
6688
2028
6507
7240
1970
6547
7504
1923
7005
7202
2146
6519
2021
1510
7000
2020
916
1465
1405
1418
1432
6664
1916
1496
1523
6696
7622
8236
7474
7541
7390
7489
7151
2001
7116
1390
6568
1993
6914
1940
6306
1885
1404
6282
1892
1429
925
6038
1934
899
1502
6213
2138
1443
1419
7519
1951
6782
7099
2061
6723
7435
7469
7542
7652
8102
7171
7467
1971
6152
6888
7250
7723
2662
1430
7069
2049
6619
7125
7272
1969
7061
1964
1490
6418
1885
6401
6803
1927
6224
7765
1828
6766
2007
912
1001
1503
7228
2118
909
895
1504
1542
1468
7795
8368
7178
1977
1475
827
1504
940
1443
1532
867
1459
1395
6632
1976
1457
7086
7662
2148
1611
1399
6532
2323
6400
6989
1958
6916
7501
7581
1941
1474
6409
7908
1974
843
6911
8067
1974
6669
1963
6762
7825
7851
7362
6559
7291
7611
7632
2076
6967
7495
7622
2138
1472
973
1601
6833
7442
7296
2004
1531
1497
6378
1914
1434
899
6206
1972
6159
2122
1480
6142
7257
1982
965
900
1495
1358
1429
909
6238
2102
1486
1393
6644
8066
7065
2071
1607
1515
930
6839
1979
6835
2005
6695
1979
1443
6759
7528
7562
6956
7572
6847
6836
7264
7640
2232
6824
7409
7061
7023
6888
7406
6894
6899
6694
6576
1993
1606
1699
6913
1925
7089
7392
2187
1490
1469
6708
8038
7320
2052
1404
6772
1931
6903
2041
6502
2126
1555
5978
6709
6774
2042
6111
7356
1956
1465
6475
1903
7192
7208
7392
1946
6941
1947
921
988
1399
7046
8032
1992
1677
1405
6539
1951
1512
1461
6931
7369
7127
7366
7468
7471
7686
2051
1396
866
1458
6805
7228
2089
1463
969
1511
7309
7657
1994
2147
6533
6936
7467
1939
7100
1861
6638
6764
1880
1418
1404
6570
2031
7428
1941
6533
2029
6957
2067
7133
7376
2040
897
6874
7533
7661
2015
7550
2214
6096
6712
1933
1520
7055
1962
1434
1536
6748
7528
2063
7019
2167
6791
7758
7761
7701
7441
1892
6384
1893
6284
1915
6036
6814
7268
7787
2010
6877
7622
1985
6755
2036
6694
2150
1480
947
987
6859
1993
1549
1499
1549
1344
7116
2027
849
7171
2111
1472
1473
1582
6126
1960
6302
1900
6307
7425
7498
1902
6614
1864
6431
1938
6622
2041
6607
1991
6595
7392
7896
2005
1578
1611
951
7205
2003
7304
1896
802
835
6661
7420
7593
7812
7520
1997
1612
1465
6794
2065
7162
2047
1460
901
6785
2189
6692
2078
7242
2054
6451
7832
6711
1881
6423
6482
6898
1847
6765
7168
7258
7386
1976
1503
1530
899
1514
6853
7282
2068
926
1395
6896
1981
1450
6913
2072
7031
2187
7376
2178
6747
6668
1920
6309
7326
1949
1490
7141
7612
7316
7084
7220
7552
1964
867
6336
1863
874
1440
1435
6547
7782
1994
1530
1522
1504
1425
1482
1503
6186
1962
6039
1856
6720
8159
7420
7338
7691
2186
1424
6653
2029
6979
7548
2033
7035
2075
1513
6073
11022
6814
6593
1954
6391
6886
2001
6423
7319
1885
6887
1964
1440
7693
2010
1390
7069
2064
1470
6574
2121
6504
7532
2009
6650
7331
1955
7139
7382
7495
2013
6964
8561
7241
2196
1462
812
968
1571
1037
1489
1435
6536
1945
2103
6523
7092
2109
7066
6845
6676
2155
1500
866
6801
6738
1878
7229
2006
1517
964
6941
7242
7358
7408
7456
2143
1422
6862
2000
7013
2004
853
7372
2168
1500
6432
6645
6946
7495
8113
1955
7162
7602
1981
6688
2053
990
1508
6493
7139
2033
6251
1929
1391
1440
6381
6748
1996
1494
1478
906
921
974
6287
1915
6228
6672
7458
1916
7080
2127
6919
2148
1468
1420
6798
7248
1942
942
6664
2125
7258
7722
2116
1532
6539
7528
6911
1891
1429
6187
1917
1389
1529
1480
1421
8893
1747
1443
1525
891
7153
6304
1940
1512
7411
6679
7114
7442
7429
7970
6399
2101
1459
7074
7234
7406
1955
7096
2153
7026
7468
2002
935
7060
7659
7359
2111
899
6698
8064
7004
7447
1886
1471
1525
1489
6285
1852
6299
1851
6729
7475
1871
6685
7204
1969
1545
6561
7436
2143
7246
2107
7532
7509
7832
2031
856
938
6891
7991
2016
1516
1512
6115
1903
7025
6721
7174
7710
2048
6873
7242
7076
2004
7242
7722
6978
1958
6327
2069
1566
999
6436
1911
1452
1703
1526
6129
1975
6007
7112
1956
918
961
6900
2015
1512
6784
2132
1608
1570
1437
6883
8394
1952
6842
2079
972
7773
2030
7090
2070
7244
8100
1899
938
1434
6221
6679
1924
932
973
1523
1397
6855
6671
1890
6395
7644
2102
901
1459
6949
7442
7392
2013
7018
7222
7912
7151
1919
1485
5968
1892
6669
1994
1511
6940
7689
2102
6733
7560
7672
7202
7105
2000
6360
7852
6864
6825
1863
1365
1486
6305
1926
6638
1889
1337
7087
6937
7436
7312
7374
1976
880
7682
2057
6759
7482
2028
1508
6824
2036
7014
2038
6536
6729
1863
905
6306
1875
6445
7269
1947
7176
7746
2134
1461
6718
2745
1511
7363
2112
6749
2040
890
7184
1944
873
851
6878
7538
1855
935
926
7247
7571
1974
1489
6840
1900
1580
6824
7712
2690
6974
2102
6799
7292
2047
6888
1969
6862
2010
7093
7468
6786
1903
6990
6895
7444
7035
1941
7177
6875
1989
1527
904
1433
1419
888
1436
6630
7832
1987
882
1372
7476
7518
2072
7203
7079
7328
7293
7120
7693
7405
2137
1531
6909
2066
1514
6895
2057
7571
7445
7371
7775
6995
1995
6322
1905
7745
1872
1500
6350
6542
6998
1957
938
1522
1454
1429
7464
1941
943
6662
1937
884
7474
7411
7505
7279
7318
7396
7628
1965
1570
1479
7406
7661
6593
1946
6392
7467
7742
7446
2064
1691
1561
6629
7073
7202
7029
1877
1441
7046
7041
1902
6421
1992
923
6173
6554
7219
7382
7702
1990
6720
7518
7572
1970
1466
6904
7575
2117
7231
7627
1936
1546
948
870
1432
6221
1846
948
924
928
1505
911
6284
1896
6862
6764
1943
1556
6594
2013
6472
1964
799
892
1554
7012
2007
937
6612
2009
902
1642
7011
7498
7219
2008
6719
6858
7280
7151
7591
2041
939
6847
2123
6840
1982
1492
1595
6925
2043
1579
6792
2115
6779
2022
6534
7225
7065
6738
7383
7580
6548
1892
6965
7755
7941
7200
7345
7462
7616
2081
1390
6856
7668
7816
2130
1476
6650
2111
6035
7370
6794
2023
1448
844
1417
1497
6798
7665
2059
6935
1990
6651
7092
2003
6602
7513
1907
1432
1542
1510
1475
1504
1413
838
7182
1279
6395
7013
6708
2085
916
6928
2452
6791
7528
7640
7467
2154
7074
7248
7739
2060
1551
7326
2116
6535
6812
2003
884
6309
1880
6240
1921
6944
6719
6835
1941
918
899
6533
7551
7224
2057
867
7792
7478
2007
1597
1461
7270
7717
2053
6257
6554
7226
1951
7190
2023
6915
7497
7415
7722
2218
886
6696
7558
2079
1576
1538
1478
1536
1464
1439
6481
6942
1844
1525
915
6501
1939
6264
1870
1486
6983
6448
1960
1501
1473
6317
6991
2026
903
862
1428
6646
7167
7599
7429
2103
6690
2080
6826
2107
1506
7015
2098
850
6907
8505
2105
1519
6104
1975
6246
1905
1543
1471
1492
6951
8075
7671
2109
7071
7202
7052
2195
1471
1480
857
1468
6608
6828
7562
1841
974
6614
1986
2010
1384
6400
6606
6852
7104
7433
2074
1620
7685
2092
6748
2050
6807
2026
1443
901
6799
1996
958
6906
7532
7046
6696
7411
6990
7519
1992
6943
6848
1946
6437
2140
880
855
1433
6759
1988
1482
6695
7375
7579
2036
802
7356
7281
6844
6729
7202
1968
1479
7059
2102
895
6760
7386
7415
2026
1442
1415
7650
1972
1418
1508
1516
6672
7239
2104
6402
1975
1546
7281
2028
1531
6300
7466
1899
1481
1498
1414
6282
1842
1621
6731
2014
6979
7627
7111
1967
6683
2073
6812
7466
2024
1394
6845
2039
1517
6979
7555
1999
7115
2012
960
6763
6776
1892
6232
1942
6359
8191
1957
7294
7728
2217
6681
2082
857
6396
1913
1456
7162
6825
1866
6274
6856
1965
6307
2036
6084
6530
2547
6661
7712
7435
2036
1477
1675
6814
7612
2051
1524
6610
7375
2047
6974
7082
2038
1476
6131
1842
6253
1996
936
7021
1369
7043
1965
7049
1926
817
1476
6414
1922
1508
1421
834
6352
1932
885
6709
7265
7251
8310
7901
7211
9633
1990
1509
5978
7212
7598
2126
6819
7366
2003
1432
1487
1403
914
1490
1361
6830
7342
1984
6740
7364
2022
6670
2203
7217
2070
6536
1962
6228
6792
6619
1911
6461
7176
1901
1454
1410
6716
7188
7392
7508
7296
7381
7388
7599
7069
6668
6602
6766
2025
6813
2018
1503
7089
2119
6915
7592
7018
1952
896
1494
7340
1982
1532
849
1419
6264
7465
7695
1937
912
1518
1523
6297
6839
1990
891
6803
7157
7409
7461
7440
1921
868
869
922
7709
2085
1531
1423
6620
7632
2016
1540
6885
2080
1674
6273
6622
6802
1953
6304
2026
6777
7664
6888
7228
7346
7075
1994
6847
1927
1530
6977
7212
2244
883
868
6622
6842
6749
7143
1871
7326
2173
1474
7010
10858
7056
2059
1492
1478
7101
7244
1944
876
933
1497
6556
2056
1476
6452
2032
6491
7502
7431
1851
1442
6311
1888
5987
6759
6905
2025
1438
1435
1436
1544
1586
1469
6666
7139
2076
1467
875
875
6950
1896
6947
8466
2144
1477
6966
2216
7025
2120
7214
2048
1423
1634
6457
7548
7384
6884
8136
1949
1533
7154
2030
7124
1983
1460
6672
2011
1467
6460
7063
6713
1965
6251
6808
6866
6848
2060
6115
1891
6981
1865
7054
7612
2081
6802
1946
990
922
1436
6712
1963
1750
1515
889
957
1012
6591
1997
845
7051
7723
2022
6412
2203
6423
1988
931
1010
6376
6696
1942
866
1470
1689
7237
7497
1921
1423
1569
6352
7013
1948
1464
6669
2022
6597
2050
1663
882
1446
1446
921
1447
7274
7812
7936
2245
1541
7298
7205
7342
7188
7547
8484
7393
1975
1468
6879
2030
7047
2117
6767
2084
6672
7126
2108
888
7269
6761
6822
1867
1383
6443
6460
6735
1951
919
1508
1481
924
1436
1494
1606
1648
6531
7206
1919
6525
7514
1939
1468
1476
6970
7458
7387
2059
6936
7496
7152
2151
900
6025
1921
6570
1842
1440
1367
6235
1962
6774
1988
7233
2050
1392
7118
8318
7158
1981
6594
7739
7741
1936
6386
1996
1582
1645
6296
6635
6738
7083
1852
7046
2037
6883
7329
7352
1947
6743
2087
919
7817
7555
2085
1493
1443
6371
7636
6917
1846
6365
1980
7048
6772
6967
6862
2033
6879
7256
7662
1986
1543
7004
2023
871
1525
1486
968
859
7520
7808
1906
7179
6565
7342
1888
1557
6925
8339
7388
1967
6777
7395
7419
2079
1462
1381
6649
6966
2007
1453
1498
1629
6462
2029
6591
6802
7282
6425
7621
1924
6469
7874
7220
7449
1958
1432
855
6936
2101
6862
2035
1501
6880
7425
2011
7020
7228
2111
1391
6813
1933
7204
7031
2083
1496
6735
1872
848
1559
7018
2072
905
964
7230
2121
6678
7044
1993
6639
7502
1946
1405
6259
1875
1513
6457
1948
1446
1448
1437
891
936
1544
926
6228
6744
6545
1891
1459
6727
7892
2203
911
7080
2086
6835
2024
6969
7216
7455
2007
7019
7286
2103
1447
6303
6678
2535
6975
7438
6988
1971
7256
6867
7326
1990
1433
6520
7427
8159
2054
838
1453
968
948
1480
7315
7123
1964
1427
923
6300
1944
6669
1886
7427
7632
7502
7352
7496
7368
2049
1367
6954
2806
1531
6851
2058
7146
2082
6519
2044
7073
1921
6963
1889
6403
1903
1407
6134
1951
6337
1918
970
1481
1440
1386
1499
1488
1532
7312
1401
1532
1429
6739
1445
6881
7438
7462
7282
8265
2022
1495
6781
2056
7166
2003
6604
6696
6548
6878
1926
1406
7601
7585
1966
6847
7121
2057
950
6520
7322
1998
6308
1898
1453
1556
6347
7012
1987
933
6342
7522
6606
7176
1875
6859
8212
1998
1414
6709
7485
2022
939
1468
1622
1476
6872
2188
840
1541
1541
1585
872
841
1477
6988
7652
2059
914
6291
2168
6196
1943
1407
833
878
6211
1880
1523
6255
1927
1483
1433
6148
7576
7043
1955
6490
7359
7172
7329
7615
2126
918
7371
2131
1514
847
1447
1463
7165
2036
1489
6451
2058
1574
1423
964
6511
7262
7742
7377
7466
7418
7443
2095
7698
7988
7141
2073
6489
1975
1451
1393
6967
6775
6672
1956
1505
6773
1982
6379
1984
6535
2114
1484
837
1419
6726
7135
7352
1924
6936
2111
6942
7605
2083
6979
7897
2040
1456
1452
1547
968
1688
891
866
6588
2028
6026
1848
6254
1943
6234
7448
1949
7223
7652
7302
7205
2150
6586
6723
6779
6744
7042
6662
2026
6036
7301
2012
874
7028
2076
6901
2188
6921
7665
7235
2013
1432
6946
7818
7766
6801
1889
1410
6342
7469
7384
1983
1466
6921
7671
2015
6520
7195
7112
7445
7519
7255
7739
7391
6431
7247
1980
1409
6980
7581
2037
856
1425
1033
1518
1453
1453
6673
7491
1975
7169
2134
6873
2130
6633
2140
1510
6893
7032
1873
1421
1418
6280
7416
6721
6575
1960
7116
7685
7261
7212
7445
7435
7392
8322
7435
2001
1525
944
1500
826
6978
7092
6815
2594
1536
1541
6354
7441
8019
1908
7085
7682
7228
7910
1956
6650
6872
7522
1874
7335
2070
6282
1996
6107
2030
963
1472
824
6241
1887
1413
974
6571
1939
7124
7402
7394
1959
1647
1446
1518
6914
1997
6798
2104
1519
882
7928
1958
868
6994
2079
1488
933
7372
7382
1948
863
1411
6915
1932
6317
2001
1561
1519
790
6806
1922
1568
903
6900
6927
2017
885
6475
7205
7259
2171
6837
1932
851
7070
2013
1609
917
7341
2015
1451
1483
1745
6657
1899
1434
1535
6634
7622
7388
1926
6787
2021
6649
8011
7425
1929
7005
2093
917
931
1517
1415
9097
1991
1454
1529
1476
6747
6998
7642
1961
6105
1945
6795
6525
1871
959
6147
1898
1527
6286
7087
2025
6642
1931
828
6756
7590
1978
7135
1995
6934
2226
6652
7362
7584
2063
6361
2069
1468
6371
1933
1574
6405
7162
2010
6884
7309
2200
6846
7512
7142
6926
2012
6105
6684
6836
1943
6400
1941
6255
6836
1886
902
6761
1909
1552
7212
2132
6678
2040
6620
1913
6660
2064
1544
6796
2023
1537
851
6791
1947
1468
1555
974
1649
879
830
1431
938
1484
910
1427
6711
7712
7104
6919
6909
6805
1939
1479
6102
6819
6704
1996
6718
1998
6790
2047
1494
1426
1440
1555
1025
6784
2024
1486
7860
8171
2089
6279
1970
6312
1902
6250
1897
7599
1974
6876
2042
6582
7231
2040
945
1459
6771
7502
7729
7688
7768
9055
6197
6562
2013
6857
7678
6907
1958
7153
1992
1511
874
1421
1409
6638
7332
2018
988
1456
7100
2002
1400
9570
1512
6759
7192
2066
1478
6693
2058
6865
6919
7572
2114
829
6322
1920
7177
8228
7504
1970
944
927
6902
2073
1496
873
837
6910
2011
1654
1600
6714
1951
1381
1402
6425
6625
6609
6872
1935
7299
6847
2195
6984
7458
7208
2092
6809
7149
2036
6719
7556
1988
6895
1975
6939
7765
7747
1908
1395
7140
6945
2037
6906
7247
6921
1974
1497
1509
6238
1967
1432
1481
1407
893
915
6752
2041
6825
2014
7030
7662
8188
2057
6242
7486
2012
7005
7141
7419
7254
2028
852
1476
1462
1411
1422
1550
7698
2004
1562
1514
6810
1973
6991
7597
7456
7015
6982
1928
6185
6535
1857
1448
1462
6170
6909
7609
6814
7049
7422
7818
7662
7746
7298
7616
7663
2116
6316
2093
6213
2023
1497
1440
1473
1457
6416
6940
1966
6789
7620
7612
7688
7158
6760
7472
1863
927
6844
6713
7002
7100
2097
909
1428
1450
1530
1538
6402
7438
1899
6859
2011
891
6730
7389
2008
968
1628
1385
1482
1492
6684
7526
7542
7569
7209
2108
1503
1400
1398
6245
1882
6505
1898
905
963
1484
6385
6835
2012
1496
1421
1606
6726
1899
6259
6862
7102
7318
2012
1462
1468
7036
1943
1548
1482
1635
6996
2022
1595
6642
2018
6404
7009
1892
1568
909
7087
1981
1416
6977
7309
7382
7195
7598
1923
7210
7628
7476
2198
6625
6774
7283
7358
1965
7029
1981
7633
6790
1881
6376
1971
6585
1880
7497
7701
7772
7486
8065
7418
1957
6797
2000
6323
6898
7162
6996
7252
1942
6874
2225
1481
6779
2120
6790
2079
6558
1963
6304
2020
6878
6545
1979
6476
1904
6410
1912
6393
7649
7355
7199
7247
2014
1397
958
944
6720
2009
6652
2216
1520
852
885
1421
895
6891
7517
2021
1446
6762
2114
1544
7338
6814
2047
6330
7642
2039
1454
6940
1938
1463
6028
6796
1861
6938
8088
1905
1491
1522
1539
974
1468
6916
1973
6925
7736
2797
7393
2089
6269
1910
1421
878
1460
6967
1990
1499
897
6950
7338
2126
6724
2021
1421
7793
7174
7299
7648
7571
2042
872
6724
6982
7035
6709
6565
1899
1540
6966
7268
6833
6912
2010
1604
6480
7232
7742
7832
2123
6863
2057
939
6658
2037
1428
6801
1946
1391
6911
2017
910
6357
7046
1968
7161
1934
6652
2029
6744
1944
6836
7492
7742
1993
1487
6547
7532
1976
2120
1401
1526
1455
1538
935
6255
6548
6922
1897
6431
7132
1990
6186
7302
1952
7187
2051
1001
1412
1561
6640
2124
1500
6815
1937
1531
6706
7462
2025
6839
2024
6779
2056
6477
7018
1880
6460
7042
1958
787
1455
1606
6372
2047
6090
2042
949
6254
1906
1424
6284
7125
7352
7385
2032
1513
7089
2025
7391
1999
6414
1939
1438
6457
6578
7379
7365
2278
6756
2054
6724
7368
2161
7700
7624
7566
7927
2073
6279
2009
6850
1903
6242
1875
6129
1926
1512
6961
1937
6471
6835
1923
6963
1888
6839
7546
7542
7514
2106
1554
6556
7382
7456
2073
914
6539
2046
6272
1852
922
6325
6978
1940
1472
1538
6831
7512
7419
2042
7458
2049
6647
2011
1478
7117
7403
1945
1494
1486
1416
1549
6101
1877
1035
6351
6852
1979
7204
1981
7134
7172
8159
7217
2077
944
6511
1988
1376
6917
1995
6840
7548
2191
1514
1388
6749
2049
6421
6832
6959
6975
6808
7252
7741
6797
7340
2008
1513
1515
1535
863
805
6663
1929
6912
2008
930
1541
7239
2128
7308
7634
6808
6764
7320
1945
7062
7259
2078
7535
2024
6819
2053
1489
7103
2060
1356
1393
6871
2060
6734
2046
6451
6941
7342
6601
6582
2015
6148
1935
1509
7011
1937
7151
1960
853
6596
1904
917
1521
6759
2027
6961
7572
7535
7462
2589
1507
1456
1541
1488
907
1363
808
1429
1595
1582
1471
6879
7748
7012
2109
6978
6914
6889
1991
6763
1921
1647
6899
2095
1593
1382
1417
1477
948
1520
6754
6758
2010
6568
2135
893
6277
7312
6480
7438
7025
7954
1973
1360
7116
1900
6959
1962
960
1529
6866
7506
7282
7255
7449
7525
2017
6860
2144
1485
932
6608
7692
7114
6859
1969
7255
1948
7015
6817
7126
7062
1878
855
7558
7485
7758
8099
2009
6391
1977
970
1494
1520
7050
6708
7375
7266
7415
7315
7466
8019
2127
7131
8459
7141
7032
2068
1548
6775
7251
6615
1940
6230
6679
1842
1382
866
823
1561
6400
2016
1557
1497
6606
1998
1471
1404
1411
6762
2037
7146
2037
1401
7097
1984
6873
2096
6564
2058
1583
1543
1497
1548
1386
6702
7255
6939
7782
1897
1449
971
1483
6609
1977
6439
8229
1933
6947
2027
1502
1474
1491
1532
6845
2009
1387
6826
2074
6791
2041
6416
1967
947
6905
7360
1944
6357
6875
1898
1407
1417
6346
6939
7152
7317
7222
7209
7269
7465
2035
1010
6870
7546
2052
6405
2025
1564
6872
6920
1923
6407
7745
7175
1919
6487
6926
1986
6622
7409
1997
1365
6985
7778
7362
7150
6632
7472
1849
6933
1910
1465
6728
2095
6671
2158
6633
7372
7687
7536
2105
6825
7086
6844
2040
942
7007
8139
7346
6601
1923
1491
1581
1412
884
6336
6988
1930
1543
1490
860
1477
6545
7279
2019
1450
1428
1405
7079
7726
2050
1566
1452
1410
7024
2076
9209
7108
7451
7836
2332
963
7071
7681
1977
6517
8142
1892
1465
7002
2018
6976
2076
6861
2024
6604
2088
902
1471
931
6280
1954
1476
6072
7431
6837
6931
7722
7503
7280
1894
1500
1426
7437
2214
1493
6588
2090
936
6628
1970
6711
7663
7410
7237
2087
6446
6859
1907
7289
6415
1935
1422
6305
1928
8889
1942
6356
2017
1494
6308
1894
1517
6583
7256
7408
7549
2185
7211
2086
7097
7585
1946
6116
7395
7365
2013
1428
6996
7242
7418
1935
6898
1978
7169
2126
6846
7112
2051
983
950
949
6402
6698
6678
1907
6217
2026
1479
1537
1399
1419
6235
1388
6514
967
6388
927
6640
2057
1534
6959
2081
6964
7645
2018
940
876
6823
2019
6548
2049
1428
1394
6777
2082
1511
941
6867
7026
7628
7488
1928
6547
7625
1961
1452
6975
7371
8318
1920
1428
1468
6661
2146
6335
1940
6284
6619
1957
1455
878
6298
7843
6983
7502
2633
6682
7272
2060
1603
6572
2156
6621
1996
1401
1513
908
6683
7452
2042
7118
7371
2083
6304
2138
1435
6204
6880
7182
1897
6906
1940
1469
1524
1519
1544
1569
1441
1652
921
6788
6825
6891
7222
7295
1993
6935
7761
2073
7291
1985
6475
2132
6920
2016
1528
937
6890
1946
6720
1993
6940
1995
1548
6675
2342
6976
8166
2102
6896
7568
7449
1921
6756
1982
6507
1864
1525
1469
6719
1934
6881
1970
6936
7417
1929
6378
1875
7143
6671
1888
6796
7574
1957
1614
7081
7594
2116
1400
1526
6936
2073
7135
7742
7212
6862
6742
6945
7539
7524
7442
7619
7115
2057
988
6272
2131
949
1413
1472
1400
1500
6033
1959
6659
6835
6994
7662
2058
6272
7475
1979
6989
7391
7652
7425
10784
2043
1507
6959
2103
1605
1463
6890
7185
2014
6264
2022
6630
1884
6507
7503
2006
1502
1521
1505
1553
6155
6748
6842
1992
6502
1882
6835
2062
1453
6990
2057
6986
7902
2058
1450
1610
1596
1501
6285
1969
1529
1405
6174
1902
6855
1889
6915
7480
2069
935
1584
907
1507
1460
1666
1630
1454
1414
1500
1509
1556
6777
7272
2032
1541
1488
6862
2000
7324
7599
7585
7948
6857
7261
2003
6013
6572
7571
1834
884
7189
6901
7177
1985
6879
2054
6983
7598
2634
6934
2043
6593
2085
7529
7383
7792
7015
7852
7041
1916
6778
7348
8251
7475
7412
6932
6898
6739
6789
2030
1477
6392
1925
6528
6842
7109
1864
865
889
6793
8357
2121
6705
2056
6693
1989
6946
7558
2017
1469
6916
2011
1515
1519
1493
6420
2043
872
1385
983
924
957
1530
960
6269
1835
1428
862
7297
1892
1525
6474
2644
1428
6168
1982
6188
1913
1707
1485
865
1392
1423
853
6409
6756
1968
1668
1480
1514
864
1410
6753
1982
1610
6860
1996
6962
1905
7301
2023
1466
1542
1525
6640
2037
1464
1470
888
7339
6731
6765
1855
7011
7252
7529
7239
1999
6744
7753
2057
6900
7296
7742
6951
7422
1969
1470
6758
7288
1957
6077
1905
1664
6290
7606
8266
7299
7685
7628
2113
1488
7003
2033
6644
1950
1367
854
1475
6855
7428
7032
7108
1993
6450
1932
6584
2007
6913
1972
7036
7645
8409
7257
1967
7970
6762
1961
1502
1464
1414
1433
1391
1470
6824
6777
1911
845
6393
7006
7485
1979
6834
1908
7161
2090
870
1447
940
6608
2102
6911
7202
2112
1407
6985
7422
2050
6743
2126
6464
2129
6287
7052
7738
6855
2087
1413
1378
1387
1526
1480
1495
6025
1999
1516
7072
1896
1428
1485
6365
7158
7272
2039
1442
6815
7748
7885
2005
7098
1936
1421
6808
7021
7346
7402
2110
6780
2043
6657
2026
6790
2056
7048
7656
7748
2049
7209
1942
6413
1968
6089
1902
6145
1938
1476
6281
2131
1403
7111
1961
6562
1894
6586
1976
6663
7372
7672
2046
6993
7415
7116
1958
869
873
1446
6748
2005
1562
6932
6992
2281
1698
1452
6263
1866
1689
1543
6524
1903
6742
1924
1561
6734
7515
1994
7468
2029
1509
1462
1487
1512
6673
1944
6682
1933
6434
1913
6856
7351
6961
2150
974
1423
6428
1862
1522
6410
2022
6236
7376
1930
1469
1434
841
1389
6782
2069
6601
7152
7395
7662
7742
7477
7869
2066
950
1500
963
957
1402
6842
1988
6319
1952
6441
1926
7187
1886
6077
7018
6986
2016
7473
1920
6996
7505
2030
7260
7473
7701
1968
1490
938
906
1391
1470
6839
1989
6193
1882
6882
7773
7229
7408
7326
2012
1475
1461
1557
1499
6945
7479
2064
6797
7035
2070
909
6402
6845
1916
842
6913
1898
6231
6757
6921
1922
1471
1504
963
1434
7063
1926
1499
1522
1448
6586
7361
7692
1971
7083
7815
7342
9148
7692
11451
2031
6272
1859
927
896
1640
6414
1967
909
6511
1935
1459
923
1452
1487
6798
7498
2061
6986
7665
7239
1958
1519
6214
1974
6017
1952
914
923
1428
6687
6721
7198
7005
7722
1865
925
916
1488
960
7109
1966
7083
7402
2124
6636
1954
1543
6733
7522
7928
2074
1543
1542
7090
7762
6967
1912
7322
1878
1018
1475
1465
1507
1441
6485
7534
7409
6731
7772
7184
7365
7683
7841
8016
6864
1946
824
6085
7722
7598
1883
6991
2056
989
1498
1413
1561
1550
6762
2146
1475
1419
6568
1934
1421
1410
1450
7876
2017
7259
2171
1500
7023
2099
855
1498
6882
2014
1494
1419
1410
6720
2016
1545
958
942
1527
951
879
876
1406
1512
1647
6993
6790
1965
6025
1994
1507
1498
6326
6689
6962
1940
1507
6352
7399
7229
2009
7117
1932
1359
7185
8162
1375
6691
7296
10340
6890
2094
6289
7084
7740
7261
7392
7442
7532
7186
7608
6777
6592
6869
1982
6585
6899
2014
7121
7070
2020
6901
8064
7169
7268
7462
7429
7499
7722
6856
1909
1408
6384
7890
7464
6748
6860
6886
2034
6842
1998
1487
6957
1957
7905
1954
7179
8059
6894
6759
2017
6197
7261
7244
2218
1444
6660
2082
1495
1474
6795
1997
1430
6864
1965
1447
7072
2078
6796
2106
1367
1582
6767
7210
2057
1009
6412
2035
6828
7371
1858
1402
825
1443
1634
1506
7721
6555
1896
6465
1983
6284
7051
7256
2024
7039
1995
1523
1488
7113
2046
6894
1972
6718
2058
7573
2077
6825
2093
898
7304
2321
959
6322
7152
7782
8237
7625
7655
7619
2098
1443
6499
1915
1420
901
6445
6606
2009
6219
6794
7142
6729
6732
7282
2501
7076
7253
2007
6672
2068
1482
983
7472
2083
6921
2017
864
843
7160
1922
1458
1554
6690
7042
7649
1925
6442
6987
2011
6892
7461
1965
6165
6869
7108
1934
1538
1514
6704
7419
1989
852
1409
6996
2055
6689
7632
2021
961
1459
912
6287
2044
6126
1851
6815
1850
7137
2021
1459
1492
6622
2023
6806
1972
6775
2131
7822
2082
7033
7589
2052
7261
7047
2021
6232
1927
6653
2014
6218
1869
1419
1450
6251
1919
1552
966
6713
7595
7405
7405
2087
6863
7595
2040
1616
6667
7189
7284
2051
6880
2005
6519
7632
7567
1852
6476
7580
1935
1528
6937
2071
6781
7696
7197
1991
6400
1967
7028
2004
6313
1909
6343
1979
896
1418
877
7191
7495
2077
6208
7422
1924
6696
1966
1524
6658
7299
7402
7627
7722
2005
6748
2061
1485
834
811
1377
1466
886
7130
7591
6936
7120
7392
6617
2007
6281
1996
6277
2042
6641
1960
6952
1960
1516
1483
6950
2001
7082
2086
930
7526
2022
7460
2140
7055
2064
7111
7265
7568
7255
2137
7526
2032
6913
1973
1412
1424
1399
1501
6996
7389
7522
7308
2057
6339
1932
6786
1854
6095
6554
1958
1520
950
6855
7891
2028
1498
1572
7145
7091
7415
7505
7511
7596
7292
1985
6831
7695
7849
7758
7197
1895
6663
2159
1504
1564
6782
7490
7620
7512
7952
2074
6198
6582
6498
1894
912
6232
7205
6871
2037
6207
7435
7399
2141
6782
2142
6660
2030
845
831
900
995
1461
6703
7435
2039
7177
2026
819
1448
7196
2055
1599
1476
6401
2607
1434
1468
7253
6990
2004
7351
1972
965
893
6298
1929
916
880
953
930
6011
6663
1982
1517
6380
7075
1952
826
1565
6773
7464
2027
7084
1983
1468
1498
7383
2048
933
930
970
935
6988
6731
7423
1910
1545
877
1390
7079
1982
7020
7357
7276
7452
7832
2337
6989
7469
7457
6806
2020
6843
6531
1886
6278
1872
6504
6754
7024
7422
2008
1593
1471
6989
2027
6975
7652
2003
1449
841
6745
7255
7286
2048
6775
7674
7635
7001
6850
2133
1477
1491
1427
6849
7342
7902
7558
7486
1929
6274
1969
6178
6582
6852
6865
2003
7077
7501
7201
7253
7271
2099
6574
1971
6643
7385
1952
6913
1952
6912
2074
1473
7071
2128
1440
1431
6927
1889
898
1411
6371
1962
1538
7258
1947
1531
1489
6092
2013
1484
6026
6952
1978
935
1448
6299
7229
7327
1976
6989
1905
909
7287
8202
6904
1923
6364
1976
852
6909
1878
6685
1945
1509
1493
1657
6809
7284
2043
879
6661
6768
1955
1455
1498
7095
2091
969
6713
7372
7981
7741
7491
7341
6544
1879
6172
6917
6712
7236
1859
6794
2173
6947
1951
7069
7400
7397
8239
2033
1505
1436
1453
6755
2039
6434
2163
1497
1486
6498
1952
1450
6478
7032
7479
1904
6841
7742
2021
1527
6879
2087
6701
2035
6387
6759
1947
1394
6699
1812
1451
6352
1956
1542
6583
1957
1384
6925
6688
7435
7465
2054
6683
7292
7384
2034
943
6735
2086
893
7082
7319
2004
1417
6366
7696
6981
1878
6675
1981
6194
2027
6731
1967
6224
6696
1920
6604
7227
7532
1946
6936
8034
2073
1553
6912
2098
6260
7422
1948
6789
7536
7446
7278
2011
6743
7610
7549
7585
7462
1953
6361
1965
1407
6168
1972
1495
6732
1358
6941
1944
1412
6350
6996
1830
6569
7162
2021
6977
2083
1488
7003
1959
1431
7021
7395
7857
1960
1486
1549
1504
6870
2075
6925
6966
2034
843
6247
1846
843
1536
6449
6972
8185
1980
1439
1445
1480
7066
2119
1027
985
7623
7361
7195
2009
6365
1962
6842
6595
6838
1914
6465
1911
1695
10492
2053
1506
6220
2044
6817
7225
7280
1965
1403
6574
7258
2054
1516
1573
6848
7529
7395
2041
1593
1458
1475
6311
2112
930
7017
1934
6378
1887
865
1440
844
6463
7428
1567
6689
1943
6269
6745
1979
1454
6706
1956
6770
2068
1497
1502
1508
1454
1451
7004
1973
1498
1582
7308
7389
2134
7153
6867
6712
7149
1941
7008
7332
7320
1970
6819
7777
2040
1501
6767
2113
6724
2007
7464
6898
6771
1891
6742
1974
6344
6732
7026
1889
7155
7154
2090
6766
7696
7625
2118
941
1494
1440
6874
7372
7602
2006
1428
7000
6972
6962
1842
968
993
1359
1465
1500
1468
7084
1928
1590
6426
1962
895
7862
1942
6988
6822
7516
7355
1944
1485
1479
1547
1492
1449
828
1450
6470
7246
1974
1582
881
6042
1858
931
1567
6185
7072
7742
2076
8966
6905
7376
2126
6749
7273
2204
6686
7555
2012
7002
7469
2145
1427
6526
6878
7218
1859
6480
1986
6207
6658
6636
6908
7066
7285
8219
2002
1380
7076
7996
6911
6975
7342
2487
1510
6709
7432
2106
1506
6780
7208
7428
2081
910
7246
2113
6815
7718
7678
2043
6188
6525
6557
7005
7349
1852
1485
1488
7443
7645
7347
7282
2073
6964
2000
1457
1407
1636
1495
7314
2078
887
812
1394
6694
2085
1522
6899
2079
7589
2008
982
1447
1520
6780
6927
7679
1884
1527
1483
1438
6836
7683
7268
1940
1527
1588
6826
2083
914
6861
2036
1419
6765
7245
6832
1914
1442
935
6264
1948
968
6770
1926
6350
1909
1399
1479
1567
6667
6822
6806
7424
1903
903
6936
2026
6612
2104
999
6516
2177
6656
2043
6810
7485
1999
6784
7125
6912
1881
6378
6985
6776
1868
7085
6721
1877
6386
7248
1922
1524
7093
7508
2002
1448
7217
8278
7740
1868
1482
1024
7190
7465
7226
7286
2049
1537
956
6877
2025
6585
7349
2029
7072
7329
7322
7099
7044
7490
1906
1030
6077
6842
1939
1492
6232
6892
6762
1995
6521
7305
1990
1433
2113
1558
1494
1491
1452
7076
7628
2023
898
900
1479
965
7060
1992
6664
2128
862
1391
6702
2090
6798
2060
7290
2124
6983
1897
6432
7102
7652
1952
6802
7704
2125
1477
1523
6997
2031
1585
6439
7579
1942
6110
1877
6045
1940
1471
7161
6968
2024
6225
6728
1980
6997
7512
2078
6785
7419
1913
1611
1511
1566
6823
2049
1408
1445
6719
8372
1990
6713
7005
2253
1543
6432
6886
1941
874
1443
7280
1946
6193
1900
7604
1969
7023
1994
1527
6263
1907
1602
1543
6597
1981
954
6719
7876
7475
7949
2101
6971
7421
1898
1392
1405
941
6907
1896
7141
1940
1434
887
7016
1976
6611
7224
2044
7044
7536
2065
6917
2217
7007
7122
1986
1414
6284
7385
1958
6123
6743
6899
1905
1512
6807
7022
1985
1494
1530
813
6741
7372
7565
7673
8148
2010
6842
7225
7468
1976
6538
6882
6848
1956
6451
2060
7643
7414
7419
7477
1990
6540
6939
1908
1463
910
1487
6153
1954
6759
1926
1444
1465
6364
1978
1492
6540
1976
1502
7011
2009
9031
7282
1861
1411
6798
7321
2023
1663
6696
7262
7465
2051
1464
831
7158
7659
6928
6911
1882
7177
1931
1481
6463
2164
6118
7285
6831
6767
1971
1470
6628
1899
6748
1981
1401
7023
2030
910
7064
2089
7384
7017
7493
6810
7250
7651
2021
6729
7245
7669
1995
1459
6941
7562
2062
1033
1457
6668
1959
870
1378
6567
2041
1545
6308
6805
1955
1470
6804
1287
1414
6269
1928
6242
1959
6396
1971
1471
851
6366
1922
6781
7512
2155
948
1520
7071
7734
7680
7642
2095
1417
843
841
6805
2035
1536
1568
7036
7125
6829
6862
7075
7389
7461
2593
6927
7666
7092
6925
7315
1898
6039
7444
1936
914
6831
7748
2028
6979
6928
7324
8485
2158
6694
2032
1432
6680
7408
7592
2026
6882
7893
6994
7138
1861
890
6448
1958
954
976
1415
860
1670
6526
2014
1546
6947
1863
862
1411
875
940
942
950
6204
1919
1450
929
873
1463
1460
1434
1454
1482
1505
7156
2021
1633
963
1441
1681
6464
7325
1952
1484
1512
6944
2055
6959
2036
6624
7005
1946
7157
1892
1503
1517
6166
7292
1933
1361
1541
1421
6799
2095
932
6663
2156
939
6774
7392
1974
7192
7510
7478
8132
6935
1839
6819
6670
7349
1857
826
6235
7036
1921
1516
1434
1411
1482
6378
7282
2010
949
1486
7573
2069
1420
6994
7642
2027
861
6777
7208
7306
2033
6702
7640
2150
6995
6978
1980
1523
1462
1426
6545
1911
1534
8581
7425
2053
6945
1996
1388
6820
7882
6910
1909
6775
6687
7126
6985
7425
1989
6164
7166
7428
7649
2128
6472
7282
7384
2090
954
880
1409
1502
1420
7015
1997
1468
6856
7037
2183
1439
6197
1897
1573
6415
7040
2032
929
6339
6526
1992
1430
1489
6331
1884
6224
8005
7308
2189
922
6957
7722
8304
2083
6312
6785
1996
7065
1976
1383
6665
1957
1536
1640
6938
1973
1412
1412
6764
7289
2027
1556
1507
6927
2021
1453
7089
7710
2037
6786
7758
7676
6694
1925
6898
6554
6546
1816
6578
6758
2047
6837
1987
6803
7911
7735
2565
6823
2029
6833
2028
6696
2040
6828
2065
1497
1510
7138
2061
1496
6245
7048
1913
945
6549
7368
7422
2054
6903
2162
6864
2100
6560
6928
1944
839
6220
1927
6034
1943
1540
1437
896
6300
7019
6748
6692
7339
7468
2052
6839
7310
7190
2030
1519
6738
2103
908
836
6968
1919
849
8344
7151
6988
1837
937
1474
6401
1880
6487
1935
6206
7246
1898
6229
6725
1991
1480
6566
7409
2060
1503
6859
1938
7031
2044
1377
6814
7686
6886
6706
1926
6808
1962
6861
8002
7244
7562
7705
2188
7174
8323
2029
915
6628
1962
6254
1989
1651
6944
6547
2189
1400
6140
1886
6997
1921
6484
6835
1930
1639
943
6672
7582
2119
6891
1960
1383
851
857
7144
7332
2093
1486
6567
7236
2005
1480
6816
6951
7701
1874
1483
1472
1488
922
1501
6306
1871
6466
7472
7598
1982
6786
2098
6837
2083
6735
2040
6453
6712
1962
6785
1930
1374
6467
1946
1524
6617
6792
2049
1418
6184
7276
1823
893
1473
6861
7214
2074
1529
1500
879
1428
863
1431
1522
6571
7272
7588
2031
1362
1430
1495
939
1523
1650
6941
2150
7080
6916
9698
1266
6421
1876
6516
1910
924
840
1516
1492
921
6323
1890
1641
1496
6722
6769
1998
6285
7222
7251
1969
7009
7629
8049
7114
1898
7072
6774
1874
1494
6653
1957
6970
2101
6779
2130
6663
2005
6813
1949
6952
7599
7312
1947
6822
1967
1479
6261
6648
7318
1975
1364
1477
1512
6802
6753
6888
1930
1477
6574
7944
7195
2050
993
1475
1519
828
1013
6915
7530
2109
1521
919
900
1425
6892
2763
1571
6660
7482
2095
1505
1368
1437
1668
1490
7032
7069
2106
6259
6851
1995
834
6452
7359
1893
883
1456
6993
7508
7466
2044
7103
7069
6562
7422
6657
7100
2029
6339
6772
1897
6903
7382
7389
7409
7222
7644
7736
2042
6986
7052
7132
7087
6967
6832
7322
6621
6764
7209
1940
7517
7514
7738
7239
7592
2001
1619
6126
6860
7324
2041
6884
2093
6886
2067
1436
6708
1933
928
6983
7839
2115
926
7072
7499
7262
7768
1968
6082
1931
838
6703
6737
1892
1513
6249
1934
1538
1419
922
1456
982
6379
1913
1538
6546
7237
1965
1430
6754
7742
7754
7724
2020
1415
1496
887
1519
6706
2003
6597
7363
2017
1500
7109
7671
7043
1924
1521
6413
1911
1448
6800
1910
1420
6971
7665
7478
7822
2049
6431
6682
1969
950
6099
1936
6506
1894
1407
1497
1495
6499
2007
1454
1419
849
1436
6995
2020
950
1494
896
7046
1876
1428
1387
6662
7306
2111
6745
7185
7260
1992
6842
7605
1941
1433
6754
7028
2062
6989
7110
1965
885
6453
6684
1975
929
6127
6678
6856
1946
811
1485
6606
1969
1509
6938
2077
846
864
6948
2038
1421
7189
2113
7490
6882
6946
7282
7235
7842
7595
7395
7472
7419
2035
1510
6667
7395
7789
1960
6633
6867
1909
1447
1479
937
1477
1505
1395
1401
850
1502
937
1361
897
908
6301
1914
6804
1982
1489
1547
5933
1879
6401
1997
6374
1939
6744
1986
6570
7731
7522
2094
7527
7465
2198
1501
7172
7577
2001
834
6546
6829
1951
7106
1995
6544
2017
1425
7552
7577
2021
6864
2256
6665
7762
7074
1983
6356
1999
1517
909
888
800
6849
1844
874
1004
6406
7495
2008
6135
6546
7224
1915
7202
7660
2032
1569
1535
6862
2051
6832
2083
7445
2052
6718
2016
1441
7081
1998
1502
897
6516
2112
1469
6090
6698
1922
6965
2108
6917
6938
7027
1929
1517
1453
6529
1947
6625
1945
1458
6725
2007
1531
6563
7542
2116
7314
2118
1443
7519
1947
6875
6641
1845
1454
6736
7552
2099
6869
2041
6711
2003
1417
6842
7289
2035
1548
1475
7014
2169
6893
7127
7101
7602
1932
1412
6307
6701
1923
847
6047
6982
1952
1530
1503
7269
8073
7178
7522
2030
6907
2075
6631
2127
6670
2112
6977
2097
7107
2176
6547
2022
6746
6747
1820
6254
1939
7659
7536
2019
6859
7912
2025
1506
6593
7131
1999
1622
1454
7020
7455
1906
1415
1530
6741
6797
6671
1998
6140
7172
7449
2035
6721
1948
6829
2019
6690
7388
7468
2070
6954
7789
2133
888
1471
853
6775
1901
6305
1905
6285
1943
6767
7423
7649
6930
2016
6718
7112
7419
2036
1619
6913
2131
837
1576
6543
2166
1493
1451
1532
6387
1998
1521
6289
7281
1815
6720
1980
7103
2057
6843
2095
6833
2054
7022
2039
1640
878
6764
2063
6683
7329
2016
1519
1456
6496
7188
7442
7427
1865
6157
6595
1907
1412
1500
1456
6177
1921
6365
7229
2169
957
1421
1397
1420
1511
1511
6767
2028
6802
7392
2030
6876
7519
7775
2158
7425
7049
2104
6795
6727
1960
916
881
6432
8146
7631
7527
7182
7091
6999
7385
1843
6134
6892
7574
7482
7678
7240
7521
2205
1468
7087
2113
911
1447
1523
6904
1989
6738
1961
1678
6606
2077
1517
835
6876
7711
2055
6803
2000
1507
6967
1999
1441
1457
926
6402
1901
7005
1884
1444
6904
7487
6890
1925
952
6611
7045
7125
2056
1386
6710
7403
7789
2302
7203
7458
7307
7244
2073
7014
2326
1008
6851
2090
6693
7529
7557
7562
2082
6660
7206
1997
6388
8149
1906
6252
1911
1537
932
1506
6929
6497
1932
857
1553
1567
1460
6219
1843
1443
6558
1946
898
886
6804
2006
1583
6682
2078
6890
1977
1413
7058
7363
7516
7522
1938
1457
1560
1516
6979
6970
7523
6768
1868
1610
936
6312
7158
7722
7531
2067
1522
7460
7311
7982
1932
7181
1868
864
6971
7686
6728
7379
7271
1905
1448
1481
6592
1976
6907
7441
2187
6750
7316
1945
1566
1528
6842
7352
2050
1480
7026
2014
1415
7467
2000
1492
1523
1485
946
1475
5990
6666
1864
933
1624
881
6224
7424
6889
6933
1967
6465
2064
6759
8838
1988
6844
7530
7488
2072
7222
6344
6549
7182
1940
6932
8435
7470
7409
7425
7259
7188
2018
937
881
7144
1970
1409
1419
6475
1967
1509
1542
1539
1474
858
7116
7741
6631
2587
5976
6695
6855
7356
1913
1656
1437
1459
1477
6711
7396
7552
7394
2115
1478
6996
2038
961
1529
7087
7828
7716
2086
7051
1849
7035
6825
8124
1892
7023
2059
1476
1479
6890
7345
1957
1581
7210
7041
7535
6688
7785
6322
6746
6512
1962
6717
1983
7290
7416
7552
2035
6725
1992
6708
1957
6849
7422
1968
1419
6577
2051
961
6102
1970
1565
899
6226
1909
6259
7436
2029
1521
1580
826
6991
1892
1464
6694
1948
6556
7108
7121
2018
6686
7309
2066
7435
2122
9870
1454
952
1675
6160
1918
6683
1883
929
6720
1941
7100
7453
1980
1491
1489
1486
925
6713
7486
7392
8252
2071
818
1415
1392
6713
6995
2013
6685
2056
6277
1981
1493
1474
6430
6718
6816
1830
6359
1972
7267
7234
1974
6716
2026
1404
1440
6798
1902
6843
2115
1614
6668
7319
2036
7115
2106
6967
7882
2096
1424
866
1424
6768
1861
6822
6827
7253
2013
1525
1500
7160
7386
2088
6618
7235
7056
7688
6801
1984
6516
2099
6271
1967
921
6177
1957
6852
7180
1811
952
1465
6931
7422
7328
7396
7298
7566
7732
2060
1483
1539
6486
2086
5994
6615
1876
6250
1986
1478
6870
1917
1437
918
1486
6362
7042
7964
7320
7092
2060
6731
2001
7033
7302
7855
6760
2015
913
6080
1895
6619
1853
845
7212
7476
2061
7031
7421
1993
6754
2135
1465
1443
6703
7172
7014
2083
6536
1995
1520
943
1440
855
6999
1842
6279
1888
1463
1501
1488
1498
1007
873
6825
1971
6813
7353
1996
1511
6569
7189
6999
8405
1935
6968
2040
982
6832
8348
7835
7956
7689
6728
1941
1483
6185
1916
1492
6333
2019
1508
1416
892
1489
1634
6803
7878
7601
7216
7075
7069
2537
1377
1537
1395
1533
1501
6307
2021
6182
1841
1383
1470
897
912
1494
6416
6899
6795
2055
6082
1956
6847
7488
2037
7171
2131
6739
7286
2059
6913
7412
7822
7185
2038
6972
1891
6421
1897
1409
6987
6951
6992
6908
1985
943
910
6757
7211
1963
6669
2031
6934
7502
2010
846
878
6612
7747
1962
1551
1468
6213
1882
1647
1504
1640
6053
7322
7512
7682
2141
6687
1976
1385
1413
1457
7119
2009
1503
7095
2172
1689
6758
2086
6720
7088
7006
7472
2049
1588
7006
7386
6475
7385
6948
2045
6709
7988
2072
6795
7398
7359
2015
6766
7448
1961
6940
2151
6383
6912
1960
921
915
1502
1480
6228
6742
7236
1910
1350
1439
1468
7199
7612
7207
2075
1405
1373
1560
6469
7048
2060
1674
1574
7260
1937
1392
6250
1825
1509
1479
6760
1968
7040
7531
6641
1955
6577
1939
6918
7465
2099
1434
1521
6719
7199
2120
1484
6941
1956
845
6868
7715
7095
6622
6702
6899
6662
7455
7157
1853
945
6622
7242
7182
7396
2036
906
917
890
7156
2080
7444
1992
1457
7379
1941
1564
1473
6291
1873
1605
1440
1525
6793
1324
1427
885
1389
1395
1425
1517
6647
7441
7446
2083
1509
6769
7525
2011
6967
8122
7237
7605
2080
6589
2040
1598
6340
6757
1863
1373
1430
1402
6151
6502
7415
6988
7322
7075
2042
1478
1446
6842
7506
2111
1518
6841
7398
2064
1481
1435
6940
1982
7105
2085
1392
1506
7153
2160
6272
6772
7148
1992
972
6831
7806
2082
1442
835
7132
2012
1510
877
909
6595
2189
6761
7182
2041
1680
6314
1897
6952
1931
6505
1939
1487
6483
6726
1880
6819
7208
1933
7381
7459
7542
1921
6945
2100
1529
6842
7318
7491
7169
2061
6156
6872
1987
6994
1957
1416
7053
1963
1458
1537
926
1471
6286
1939
6532
6922
7192
2032
1026
970
6730
7192
1983
6766
2103
1439
7569
7050
6675
6456
1826
1421
1467
1521
1498
6913
7682
2142
989
901
1493
6810
7492
7402
2049
6764
7598
8238
1996
1428
1421
6448
1978
7255
2202
874
896
1493
7053
1962
7050
1899
6477
1863
879
6276
1891
1706
6383
1917
6500
1886
1639
6842
7199
7385
7541
2113
6755
2097
1459
1554
6743
7429
7669
2002
1384
7121
7439
1832
1415
1615
927
6215
1932
6352
1986
6758
7592
2039
6708
2774
1651
6547
7080
7104
1929
1351
1433
1440
1525
6379
1963
6527
6992
1942
970
6225
1925
1613
6193
1907
6351
7186
1845
7056
7632
7266
7323
2124
929
1459
1426
1626
6793
2043
6894
2036
902
1508
862
1400
7218
2012
6421
6678
6700
6778
1942
1532
6244
1983
1605
6178
1963
7317
7047
7376
1933
1511
6676
7366
2012
7042
7916
7117
7035
7459
1897
855
888
6627
1821
7317
8432
7505
7495
2038
1450
6998
2097
1548
6774
2055
6591
2149
1397
1408
6508
2122
6419
1997
1497
1394
1522
1485
1594
1586
1450
1431
1413
6253
7656
1856
1471
1536
6106
1967
6934
6703
2001
891
1413
1571
6481
7325
7042
7346
7572
7649
8275
7691
7912
6982
2098
1460
6717
6741
7148
8236
7686
7517
1994
1435
6983
1963
6522
2137
941
7198
1965
6901
6677
7019
6808
7586
2042
899
6813
7425
1877
7132
2061
6929
8469
1967
6827
1998
1509
6888
7485
8102
2086
1427
7445
7741
7034
6689
1992
6982
2012
6923
6935
7138
7180
7198
7322
2012
6825
7789
2058
7161
1950
854
1458
888
6113
1970
916
6225
7424
1959
1705
7920
10596
2303
1378
1583
1586
6694
2140
1417
1417
7030
7615
8395
2072
947
6673
2059
6537
7076
1902
1506
6918
2124
1482
1411
6906
1857
1466
960
1510
6397
1850
1607
6184
7362
6987
2036
6823
2036
1511
1455
6561
7525
7473
7315
7469
1958
1434
6910
7517
7026
6702
6798
1880
6957
7295
7718
2099
6815
2099
964
6630
7071
2006
1546
6587
1950
1528
1527
1487
1628
6462
1977
6410
6932
1927
988
918
1440
6333
6776
2012
1492
6784
2093
1447
1388
862
958
1415
1426
1703
1486
1643
6554
1906
912
1367
1411
7079
7379
7395
7239
1945
6990
2052
6844
7529
2250
7340
7551
6655
1924
954
6269
7453
7354
1946
6519
7668
7210
7253
1973
6785
7592
2335
1563
1474
7334
2536
1540
1415
6543
1960
1592
918
1495
1529
1408
6300
7345
1845
874
6923
1958
6922
53145
1650
1518
1413
1599
1526
1497
6746
7530
7451
2093
853
6650
8092
1936
1382
7152
7178
1942
6512
7633
1882
6893
1528
7320
6718
1961
903
1449
862
7184
7141
1951
1522
6613
7314
7726
2007
6856
7436
7625
2024
1403
7082
1995
1513
6496
6942
1938
978
6348
6852
2037
6717
1961
7942
2048
908
1453
867
6985
2134
1570
6683
2001
1536
6581
6992
1975
1481
1655
1499
1425
1362
7014
6871
1850
6719
6756
7362
1944
6270
7190
7599
7657
2085
7103
2024
963
924
6666
7302
2006
1483
1477
1460
6834
7525
1968
848
1440
1511
1487
913
6486
7430
6957
7511
2005
1464
6272
1936
6924
6967
1852
865
1508
6604
1980
6808
2031
6830
7233
1933
6998
7855
2083
6526
7547
2079
6160
1943
6951
1952
7029
2051
876
1384
1429
1462
6792
2047
7606
2081
7145
7268
2040
1455
855
2129
6951
2127
6686
7055
7219
1980
831
838
6301
6834
6752
7502
6828
6955
1873
7504
2014
6599
7618
7392
2136
891
6631
2063
7566
1999
1439
886
860
6984
7668
7789
6821
7319
6817
7249
1957
1549
7042
7340
2036
6863
7091
7095
6902
1889
1533
7120
1939
934
933
1457
6437
6888
6712
6596
7164
1798
6926
1961
6701
7471
7469
7318
7586
1972
6981
2070
7174
2130
978
1504
6873
1922
6209
6858
1958
6110
2026
2250
1587
7035
6969
7060
1936
6692
1975
6791
1952
1694
1472
6811
1988
7015
2156
7311
2176
1419
1434
7262
1906
7133
2009
6051
7293
1945
1408
7149
7436
2046
6800
2064
6896
2177
6759
7499
7218
7082
2089
6684
6749
7589
7301
6574
2077
1432
7078
6909
7338
1886
6570
2128
1450
6785
7522
7495
7532
2049
1580
903
950
912
872
1623
1526
1491
1402
7159
1986
832
955
1483
909
1478
1478
7372
7122
2023
6321
1870
6119
6738
1913
6709
1960
1022
1468
1389
1561
7195
7553
2047
926
6618
2015
7340
1992
1463
7103
1909
7073
6764
1890
1462
1531
7164
7641
1986
1520
903
1498
6179
2239
6764
1914
6743
1933
1420
1512
7063
7548
2122
1469
6841
2001
6789
7249
7707
7779
2154
6433
2159
1488
6976
6898
6742
1918
837
6197
1937
6827
6923
7402
1997
976
6674
1955
1430
1545
7436
7311
2037
6887
2085
1595
7486
7791
1934
6609
7152
7247
2090
7113
7548
7453
7744
1899
7050
7385
2039
1674
952
944
1517
7599
7330
7732
1930
1432
1534
1703
1534
6182
6808
7402
1864
896
1399
6811
7381
1935
980
1462
6553
2028
6746
7099
2014
1436
6890
7443
2019
6705
7578
7480
7818
6968
2040
6037
7006
1896
6177
8192
7673
7493
2035
2038
6644
7038
1944
6641
6856
7612
7036
6732
6809
7479
7071
7538
8231
2101
6776
7262
7278
7407
2020
1527
7001
2086
6551
2131
6712
1809
1392
6416
1873
6229
2013
6104
2135
1526
1493
1469
6907
1972
1625
1514
1480
1396
839
1461
6645
7825
7254
1990
6709
7356
7528
2105
7688
8011
7685
7511
7222
7529
2035
1531
7056
7762
2147
7146
1958
1398
6859
7172
7228
7578
7874
7126
2175
1470
992
6180
6578
1949
1625
6610
6851
2019
1560
6662
2032
1481
6825
1908
842
1383
6583
7412
7509
7542
7569
1981
1453
6836
7586
2081
1493
949
7171
2125
1516
1693
6973
6851
2028
7318
7241
1898
865
6975
2020
853
1507
7087
2137
6668
2030
6641
2022
6373
7682
2150
6233
6879
7011
6614
7410
1887
6685
7704
7453
7753
7533
7296
7422
7412
7072
6948
1855
1425
924
6194
2131
1496
1364
1566
1420
1543
6251
6731
6750
1938
941
6364
7102
7228
7129
1988
1357
1430
6816
7352
7125
7935
7595
1987
952
1504
1481
5951
7282
1952
7144
2005
1480
6816
7378
7402
2001
7631
7358
7494
1989
1316
6489
1965
1403
6460
2174
1504
6466
1942
6300
2001
6307
1979
6091
1958
6428
6982
7406
1904
6659
2013
6941
1985
1515
6938
7242
2691
6769
7462
7558
1994
1578
1541
6715
2108
1512
876
1392
6139
1879
1573
885
6288
1946
6260
2047
6736
1992
7923
2086
6829
7229
1965
6484
7912
7505
6987
1968
1529
6403
1920
1467
1419
1412
6505
6699
2036
6039
1935
970
1459
6761
1881
7078
7556
1979
11284
7374
7219
7722
2003
883
908
1526
1383
7955
2012
6289
2075
1540
958
1522
1558
5979
1881
6918
1885
7127
6648
6666
7282
7018
1939
1496
7017
1989
6513
7408
7558
2166
915
1447
7311
2025
6785
1990
6403
7526
7091
1975
7135
2055
6811
2055
6963
7333
11309
2034
6946
2002
6544
1968
1009
6417
7052
6822
1993
6275
6723
6761
1960
1447
1617
6378
7905
1954
6601
1857
1499
1476
6542
1959
6748
7349
2044
7028
7585
7592
2062
7265
7092
2069
1532
1480
908
6210
1901
6853
6905
1974
1421
6745
7851
2123
925
973
7000
7246
2032
6493
7892
7418
1928
818
1456
7012
6727
2148
6372
1982
6802
6715
7267
1865
7233
2049
6885
2101
981
6757
7506
2056
6665
8476
2115
7017
2119
848
1598
6498
6745
6828
6776
1895
869
6980
7464
7528
1960
1515
6583
7302
7069
2503
1456
6693
7408
1984
983
7324
7018
2013
6531
1977
6664
7331
1970
7244
2046
6935
7365
7521
1949
1439
7025
7442
7278
2049
961
1528
6561
2087
1457
1458
15904
6339
1950
1553
1580
6920
6845
7292
7467
1839
6851
7169
1928
6574
7396
7559
2027
894
6796
2142
6861
2089
1458
930
6757
2004
1560
7803
2001
7179
6720
7615
2007
6226
1928
1500
1480
1489
919
6721
1953
7079
7799
2092
6651
2030
939
1417
6457
7115
10520
1900
6270
1946
1011
6330
1966
6325
1981
879
818
2086
6873
2012
6120
7072
7464
2059
869
6984
8121
7271
7225
7496
7628
1989
6387
2053
1440
6113
6642
1958
967
6250
7359
1986
931
790
6639
6872
6902
1950
836
1489
6737
7232
7458
2027
1394
1443
1471
7147
2154
916
7346
7993
1963
1520
7191
7408
1875
1511
1395
6683
7468
7422
2101
1520
7040
2179
967
1475
6768
1956
7045
2050
1542
6716
2124
6689
6951
7336
1956
6477
1887
861
6877
1939
6310
1957
1521
6116
6775
7118
7176
7182
2046
6743
7482
7381
1996
846
7656
7447
1984
7036
1969
6511
7494
6775
6891
2035
6797
7506
2111
1449
7000
7496
1992
6446
2028
6430
6892
6772
1922
6451
7658
7410
6506
1930
929
1461
6896
7718
2061
871
6808
7645
1933
6808
7243
2083
945
6801
7578
2061
7286
2122
860
6051
6662
1881
6342
2116
6856
2014
1504
6956
1930
909
1474
7075
2085
6415
7316
7048
7242
7415
7974
7088
2039
1579
1535
1436
6991
1866
6152
1841
1461
1527
1465
1403
1420
6738
1901
973
946
958
7360
7459
2020
6813
7559
1991
1432
894
6687
2052
6739
7401
2009
1477
6482
2048
852
1465
1464
6431
7129
6698
6876
6542
1964
6567
1896
1534
6730
1855
828
937
6651
7408
2078
6779
2043
6880
8712
2076
1521
1380
1446
6718
1957
957
1451
1433
6898
7706
7058
2024
6736
1910
9289
6822
7232
2130
1460
7150
7388
7920
7084
7169
1987
869
6217
7612
1889
1471
1383
1500
6414
2006
6547
2004
1442
6149
1974
6029
7286
7378
7402
7316
1936
7036
7295
2036
6915
7645
7065
6746
6852
1947
1484
1492
6193
1852
829
6114
1975
6969
1946
6397
7098
7366
7212
7432
2037
7160
7929
2108
1488
1404
6669
1967
834
883
1518
1552
1431
1502
7116
6551
1984
1479
6685
7652
2090
6844
7785
2014
7050
7342
2096
6612
1996
1435
6518
2035
1488
6434
2081
1437
7323
1504
1398
1449
6297
7365
1967
1577
6982
1913
1418
852
6714
1936
1641
1536
6435
6856
7302
1965
1403
6508
1958
6899
7405
7456
2054
6972
1999
1479
7097
2151
1492
1549
7272
7739
2052
6064
6589
6819
8058
1999
7109
2102
938
7096
7232
1985
855
7542
1995
6633
1899
962
6150
2100
964
1494
6906
6835
6856
1976
6121
6669
7385
7488
2016
1636
1712
6978
2123
7018
1953
6748
2154
855
904
6686
2049
1518
6935
2081
7154
8004
7039
1918
6335
1859
6230
6940
7642
1860
1388
973
7058
7054
2183
1413
1400
6580
7359
2018
1510
6692
2026
1566
1533
6794
2056
6503
2015
1376
6377
2013
7107
1941
5932
1964
6754
7722
2139
1401
909
6902
7677
7474
1964
7137
7368
2156
1552
1447
6770
7089
7752
1875
873
1416
967
6284
6665
1954
6213
1922
971
851
6735
6825
1873
6589
1942
6594
7092
2047
1541
1358
11870
2000
6960
2071
948
1510
1506
1474
6717
7455
7795
8563
6994
2041
7093
1920
1434
6293
1981
6400
7222
7518
2060
1516
1667
1426
857
7783
7237
2042
6510
7016
7538
6735
6854
1973
1562
6243
1930
1579
1465
6065
6747
1933
1478
964
1486
1561
1417
1418
828
6723
7396
2107
1006
6948
7311
1952
1454
1454
7090
7192
2058
1536
1515
7189
7711
7240
2129
881
880
6723
6783
6716
7402
1901
6236
6842
1943
1448
6404
8152
2008
1567
6685
7456
7512
2196
1428
1540
7361
7871
1969
6473
6582
7192
1941
6971
2009
6813
7482
1959
6854
1991
909
945
6800
2087
6553
2061
1407
7432
1938
6383
7088
2052
1384
1481
896
1548
7230
6697
1858
1576
6241
7130
2009
1505
6399
2010
7290
7621
1974
864
1430
7389
1952
1482
6738
7512
7535
2190
7088
7452
2068
1476
1476
838
6993
2029
1559
1636
888
6570
6922
6739
2046
947
6352
7238
1925
1547
7108
2143
1477
6941
7391
2007
826
6467
1975
7353
7007
1908
1510
6352
1950
6337
1881
6426
6579
1888
6750
7195
7588
2067
7046
2103
932
1495
1534
1456
1439
1553
1510
6879
1988
931
1457
877
1437
7100
7176
7512
7615
8038
6771
1901
6236
6752
6690
6735
2035
1507
1614
866
1575
945
6435
6906
2006
6661
2044
1481
6772
7185
1943
818
6787
7862
7724
6888
1888
1462
920
1492
5909
2400
6787
7548
2034
1471
6806
7535
2097
1471
6779
2040
1467
1462
1561
1395
6937
7412
7456
2076
6453
7898
7379
7418
1931
1505
1511
6465
1898
6090
1840
1451
1534
6689
7008
1940
1483
1406
1435
1458
6666
7209
2074
945
6735
7382
7343
7325
2050
6827
1990
7029
7045
2019
6957
1851
864
7011
1966
1569
6268
2013
1451
7060
1969
1498
1479
964
1498
7013
7612
7918
1973
6535
7216
1941
6320
2022
7002
1968
943
6388
1972
1442
6470
1916
806
6785
7640
7175
1881
6998
7415
7222
7481
7400
7855
7626
7139
2891
6068
6689
1886
1414
6324
1858
1447
6103
1975
1484
1805
917
1607
6970
1895
865
6329
1897
6419
7435
2012
6716
7337
7678
2144
1962
7448
7092
1983
7130
7691
7291
1899
7213
7408
7449
2800
6831
2170
6999
2109
895
6685
1991
1428
1394
7518
1498
1009
7211
2148
6464
6837
6926
1946
6857
6577
1924
1458
1722
1732
9707
1615
6696
7173
1915
783
6547
7353
1957
921
1481
7143
7645
2156
965
882
7104
1945
786
865
932
968
1399
1411
1465
7042
2106
7192
2108
7145
2105
6744
1998
885
7013
6715
1951
6720
1955
1514
7138
2074
1481
1478
904
830
6824
2074
6810
2652
1532
6443
7738
1909
1545
6191
6612
6745
1859
1502
6403
6779
2073
6073
1968
6822
1963
7033
7599
7604
7670
2213
6630
2016
6942
7712
7036
2063
833
6922
1983
933
1537
1469
1515
6338
1949
942
1520
6537
6652
6695
1889
1625
7217
7024
7205
7156
7547
7516
8204
1994
6448
7505
8129
1839
1487
10252
1925
7184
2115
1502
1402
6872
2065
1447
6796
2173
1475
1458
6887
1940
7287
2188
914
1497
1516
1503
6843
7365
7131
8082
1884
7075
1932
6188
1866
6250
6601
1865
6313
7111
2058
1541
6775
1986
6837
2005
1585
1493
6881
7538
2090
6688
7478
7852
2116
6897
7293
7506
6857
6928
7206
7502
7661
7528
2059
1415
852
6688
1940
1486
6646
7701
7597
1949
876
930
6377
6892
1925
6858
1910
6740
1907
1537
6769
1892
1422
885
6975
2008
920
6945
2124
1529
939
6786
7311
1996
6906
1961
6902
7614
7050
2031
1441
6742
1950
1487
1443
1441
1472
6275
1913
1474
6378
6901
6702
7034
6978
2000
6761
1955
1555
6611
2043
6867
1944
1495
1470
6973
8025
7144
7656
2014
929
6101
7275
2009
6921
7424
2040
1538
6988
7729
2243
6853
7159
2047
1451
6655
7048
1954
1522
922
6479
2037
6432
2006
6917
7358
7277
1878
6411
7168
7092
1922
6701
1974
964
6806
1989
1499
913
6883
7381
1995
7133
7659
2054
7009
7309
2129
1493
6096
2011
942
6252
6827
7445
1951
1464
7024
2006
816
1531
1637
932
919
7022
2082
6701
7036
8108
6881
6676
7112
6761
7372
1887
6007
2036
6795
1963
7213
2612
1544
1479
1595
1541
953
1015
1652
1446
1453
863
821
6822
2257
6775
7502
7182
2034
6816
7506
2079
6486
6860
1853
1465
1682
6432
1965
935
6273
6835
6936
6868
6945
10556
1958
6564
1954
1541
6758
7322
1982
1096
7428
7298
2022
6207
2052
6096
2008
6759
1913
851
7467
7432
2828
1620
1540
1400
6734
1992
6815
7282
7504
2086
6731
7058
6990
1999
950
6268
6719
1979
7044
7401
1935
6367
7047
8176
1915
1426
1436
1431
6745
2107
929
1515
6802
7392
2014
6844
7406
7618
7866
7175
2062
6729
6577
2009
6315
7336
7798
7521
7229
2020
911
965
7093
1931
838
6512
6989
6846
1850
6521
1977
6296
6639
7387
2074
6677
7375
7464
2050
924
6707
1976
867
1462
1761
1697
1423
1412
6771
7314
1999
1488
7011
7742
2089
6999
7388
2087
6926
6795
6882
7482
7171
1959
6497
1973
1372
833
1443
1491
6849
1978
1511
1523
6549
7358
2002
975
7044
2176
1457
891
7247
2060
7218
1940
7069
1942
6165
1950
6694
7742
2055
1520
1512
6874
2040
6827
2085
2078
6845
2021
1526
850
6984
2019
861
6567
7159
7754
7804
1912
6358
1926
958
6347
6745
1985
831
5972
6905
7106
1940
817
6676
7002
7285
1895
6941
7428
7505
7629
7862
7802
6847
6727
1957
6347
2000
6780
1985
7145
2052
7035
7203
2122
952
6493
2094
6462
7612
2042
6166
6786
6915
6682
6662
1929
6767
7666
7638
7476
2034
6781
7172
7698
2040
1432
996
7090
7872
2134
7014
11365
1971
947
842
6344
1881
1450
1651
1487
6162
1967
6963
1835
852
1617
7061
7068
2021
6792
1987
6603
7375
7319
2028
7226
6721
7635
1951
1616
6083
7258
7732
2016
823
1518
1531
6857
2084
1469
6836
7472
7622
2110
7454
7259
2222
6526
2070
6417
7482
6731
1958
6295
6518
1944
6337
7052
8099
2048
6721
1991
6810
7595
7382
8406
7431
1951
1486
1554
1503
7876
2021
1451
1374
6384
2714
1495
1592
1449
898
6138
7486
1874
6305
1909
6708
8449
7621
2072
980
6690
2110
1470
1379
6612
1950
1411
893
1527
1356
1666
1474
1540
976
6413
7602
1981
1051
6503
6885
1877
858
1410
6249
6649
2077
1463
1530
6740
1993
6609
1892
6971
7482
7740
7364
7209
7445
7476
7072
6641
1882
6318
6819
6675
1979
1673
6329
1917
6404
2045
1412
7233
7348
1907
1451
6722
7622
7742
7325
7105
7002
6112
7288
1996
993
1471
1528
881
6766
2000
6929
7366
2073
6773
2073
7066
7652
7621
2054
1481
1414
1446
6380
7066
2038
1429
6882
6570
1931
6100
7462
2055
874
6364
1930
913
6192
7192
1979
6771
2157
7000
7713
2096
6824
2047
6735
1987
1424
1443
6742
2011
1473
1376
6858
2109
6564
7740
1923
905
6517
7022
2074
942
6803
2002
1426
7125
1974
1539
832
6900
2136
6831
7372
2027
1369
6262
6666
6618
6846
6944
6883
7399
7211
7565
7333
2013
6863
7193
2040
1548
1451
1511
899
1438
898
10567
2001
6847
2056
6812
2058
6431
7599
7127
7712
6867
6559
1957
6986
6799
7028
7333
7405
2173
7010
2059
1398
1536
7312
2180
1518
6922
1957
831
6849
6682
7410
1865
6993
8227
7252
2000
1517
1494
1488
1422
7025
1954
6852
7786
2050
972
6883
7132
2020
925
6476
2547
6104
1871
6119
1942
6515
6779
7002
1933
6540
2009
6601
7368
2087
6994
2107
7033
2059
6732
2013
1421
981
6472
7336
2063
947
6940
2036
899
6360
6871
1840
1541
6329
8859
8130
7428
7419
7361
7161
6855
6753
6689
6838
1970
1512
1480
1400
1429
6535
1950
1522
6404
2053
950
878
869
904
7151
6717
7236
7332
7122
7264
1984
7007
2076
7030
2014
6796
2698
1473
1448
6276
2078
850
1485
6171
6862
1983
6570
7422
7257
6795
6729
7208
7342
2014
1477
6919
7898
2147
6837
7763
1992
829
7075
1984
1395
1490
1522
1401
6347
1845
6842
7415
7256
8160
7334
2049
6901
7475
7379
2011
897
1539
6690
7051
6788
1901
1582
1382
1422
6784
1470
6844
7621
6825
6908
7153
1995
1512
6726
8339
7541
2137
7076
2129
6739
2015
1499
1562
1462
6891
2006
924
7065
7058
7686
2041
6368
1975
7247
7358
1993
6985
7596
7742
7135
2051
7023
6564
6489
1941
894
1467
6260
6972
1919
820
896
7589
2040
1370
1449
6333
7262
7388
2109
1463
950
965
1609
6760
7255
7279
7485
1985
6968
1994
6964
2091
6619
2085
1546
903
1465
902
1451
6514
2129
6587
1975
1447
6499
6892
6535
6748
1899
1497
6390
1916
972
6542
1986
894
6845
2072
6927
2019
863
7090
1966
7235
1564
929
1520
6270
7456
6690
1953
6974
7335
7435
7165
1923
1524
1480
7040
2031
1457
7187
7712
7572
2027
915
6482
1990
1404
1546
6203
7245
1986
1004
970
6836
7576
7521
7503
6819
7181
7298
7659
2033
7173
7479
2204
6613
2723
1506
1483
7504
1959
6728
1980
6459
7738
1893
989
6411
1973
7209
1911
6677
7435
7535
2079
932
6818
7303
6850
6794
1890
1520
1549
908
1499
2216
1393
6108
6871
1983
1495
971
6616
6826
7701
1962
886
6686
1836
6787
1987
6692
7236
1958
6631
7489
7375
1981
946
1018
1462
6804
2258
1399
1523
7207
7581
1932
1504
6354
1818
7111
7001
1929
6029
1848
6469
2027
942
6579
7231
1935
1496
6865
7566
2146
1411
884
7211
7306
2030
1489
1505
6359
6723
6723
7425
7218
7336
2214
6618
1953
6725
7598
7457
2098
1448
1528
918
6785
7038
6832
1955
1551
1410
1441
1433
6987
1984
1492
1502
920
6140
1829
6734
7414
1940
7103
7411
1982
1484
6741
1849
1387
885
1597
1527
923
6900
2049
6980
7675
7592
2099
1432
876
6689
1973
6752
7492
7747
7022
7084
7016
7335
7402
7519
2099
1016
6892
2084
1387
6716
2749
6251
2032
6872
2021
968
5906
6911
6946
7626
6692
1897
799
813
6709
7565
2042
6619
2218
1529
6608
7208
7522
2052
895
1496
1402
6900
7252
6992
6984
6950
1965
6470
7562
1987
6722
6918
6839
1938
7318
1933
1423
1475
6727
7351
7502
2081
6566
7652
6637
6639
7358
1970
7034
2063
1484
6631
7289
7412
2055
6878
7922
2137
6837
7087
1929
1425
7215
1995
1554
6285
1929
1489
1511
6156
7355
1954
6276
1938
6328
1978
869
6229
1860
1403
6682
7339
7539
7602
7652
7265
7362
7464
7026
2034
6522
1899
1502
7045
1907
1575
1663
6636
1989
6752
2095
1520
6950
1994
1542
6734
1974
1406
6815
7272
2045
6589
7407
1980
6170
1933
1495
6523
1958
1430
1408
856
1458
934
1509
6452
1868
6368
6732
1979
6943
7185
2055
929
1537
6690
1991
6645
7239
7658
7550
1975
6726
7769
2010
1437
7176
1948
1492
6556
2038
942
6737
6756
1936
887
5998
1952
1493
1510
7294
1928
7086
1963
1429
1087
6600
7966
2144
1477
7064
7870
2166
943
7398
1437
1397
6991
1934
1613
6236
2046
1418
6315
7218
7612
7439
2004
6659
2046
6758
7458
2101
6832
2069
1448
6933
7036
2030
1440
6405
7295
6808
7327
1858
6175
1895
908
1510
1518
1500
6562
6895
1987
871
1534
6576
1966
6787
1985
7133
7732
7742
7399
1964
1468
6965
1979
1523
1506
7017
2074
6313
2099
1416
6216
1875
1532
860
6297
7006
1980
1059
1482
6694
7474
8235
2008
1538
6879
7332
6805
2008
1474
1611
6836
2002
825
6118
6645
7018
7812
6979
7307
1843
867
1436
964
6960
2085
6769
2141
7432
7331
7592
7522
7492
2122
6421
7045
1920
6541
1935
6621
6870
2006
1592
1437
881
6152
7485
1874
6508
7189
7285
7571
7577
2056
7610
2061
6542
6969
7579
7437
1937
6927
2202
6741
2125
1608
1435
6514
2135
1434
957
1461
6862
7732
7646
2029
6984
7225
2271
1531
1461
6273
6523
1978
6124
6636
6860
1913
864
6191
6831
7346
1909
1390
930
964
939
949
1497
6795
7738
7742
2003
2197
1640
6891
7249
7276
7548
6987
2054
6409
1908
1498
6554
1891
990
6440
1952
6731
1951
1459
1487
6821
2034
1420
1432
1452
6839
7488
7192
6859
6806
7334
6851
6976
9831
2012
6467
7062
7272
2634
1442
1547
6625
7298
2006
6647
2235
930
874
845
7028
7632
7411
2009
6344
6835
6949
7645
1955
6891
6528
6729
1951
1493
1565
6946
2041
6707
1945
1412
6907
2025
7018
1980
7241
7559
2031
1311
6435
7473
1923
1421
7153
7321
7228
2054
892
6607
7234
7352
1988
942
941
895
1371
832
7134
2046
7075
2105
1510
1454
6849
2036
7108
6961
2045
898
1472
6534
1933
6027
6582
6655
7530
6768
7062
7215
7660
7743
7492
1978
1643
6661
1947
1565
6902
7382
2093
6443
7068
2205
6519
7125
7252
1962
6878
2097
1414
2291
6813
7532
7268
2049
6219
2161
1454
6839
1916
1383
1519
1489
1467
1080
6167
6749
1903
7387
7497
1940
6186
1861
6808
1924
6996
16312
1465
886
1427
1456
1560
6641
7225
7619
2053
1552
6820
2044
6690
7745
2023
1362
861
6301
6851
6991
6912
1938
1504
6764
1975
1604
6264
1953
1571
6260
1927
1534
1493
6891
1944
1358
6829
7336
1953
1436
1523
7275
2101
858
975
1491
873
7522
6921
7302
6668
7280
1866
864
894
1491
1505
6872
2002
1507
6666
7306
2036
6977
8222
2078
7080
8362
7144
2041
1445
944
1364
871
983
7114
6854
1997
6046
6846
2008
946
867
1415
1624
6276
1942
1498
1398
6352
1864
7036
7165
1905
6972
7575
7531
2101
6755
2090
7493
7314
7405
7735
7827
1875
927
7122
1905
1439
6509
2002
1412
7590
1968
6815
7484
2077
6773
7192
6910
6805
7289
6886
7738
1970
6584
1965
1518
6202
1969
1498
1469
6666
7262
2010
6648
1929
803
1454
1460
6574
2136
1651
6972
7446
2063
6896
7606
2083
7000
6791
6932
1893
6444
7555
2657
6256
2004
6273
1947
6300
7209
7279
7707
7930
2043
1506
1363
7438
2117
1661
7024
7540
2018
6309
7156
1950
6923
7318
7486
7328
7621
2134
909
6844
1978
6771
1942
7426
2069
1514
6301
1936
6033
7366
1880
1558
6094
2029
957
6909
1964
887
6966
1866
6535
1913
7290
7481
7449
1938
1496
7134
7607
7742
2092
6967
7699
7095
2076
1480
970
1418
6416
1986
1570
1493
6347
7739
1924
7077
7506
7438
2008
1401
6742
7478
6862
7326
2138
5961
6872
6972
1987
1472
1517
6507
7536
1942
1424
1559
6866
7436
7378
2240
6589
7212
7355
2020
6883
2129
7702
2679
6546
6959
1876
6548
1993
7090
1968
6420
2013
6710
1994
6258
1934
6430
1923
1574
901
1464
6611
1945
7019
7512
8474
7155
2072
7123
7308
6857
1957
1524
1390
6882
1960
7006
2105
1474
1403
878
1419
1531
7070
2112
1661
1532
6545
7580
7774
7639
7539
7285
7742
7258
2017
885
877
6326
6606
1842
913
6968
6768
7552
2051
6679
2558
1379
1645
6713
7587
2012
965
1493
7124
7362
7378
7310
7335
6945
7161
7109
1901
7152
8130
7395
7486
7407
7272
1938
6290
1909
6157
1904
6296
7582
1920
961
7155
2058
7011
2028
6929
7060
8212
2042
1415
6658
7218
7309
2033
1488
1462
1508
881
1364
1532
1476
886
6988
2059
6860
2037
6834
6972
6834
1897
1398
6393
1896
6432
2182
6223
2026
1539
1414
1526
6024
1955
964
969
876
1381
776
879
1617
6384
1952
914
1500
7062
2035
6722
7346
1953
6942
2029
7257
2300
1588
7500
6987
1905
6943
6801
7192
1922
1385
1493
903
8474
2064
1527
952
6695
7219
7359
7708
1995
6888
7376
7132
1952
6247
7416
7387
1998
1441
1506
1397
6245
6696
7635
1857
1670
1473
1675
1628
1460
6288
1929
1387
889
6551
1933
6735
7565
2066
6998
2099
1520
7071
7232
7418
2023
6849
1974
1528
7111
7029
1951
6508
7027
7272
1928
1489
845
6831
2027
1511
7057
2107
6996
7080
2007
6331
6616
6585
1947
1467
6349
1852
1436
874
6459
7066
1930
6207
1930
6953
7485
7336
7408
7196
7642
2041
1479
6836
7261
7280
2119
6307
1938
1532
6480
7017
1994
889
6271
1933
1391
6141
1916
6647
6702
7122
1996
6774
7365
1993
7154
7858
6935
2012
6862
6654
1944
6847
7453
7432
7212
7422
7435
7629
7635
7462
7685
2058
6983
1912
1504
1456
6094
1919
6972
6798
7092
1895
6295
7229
7471
2029
7123
1965
1502
993
1481
1521
920
7038
7488
2019
6696
2051
6689
1975
874
6864
2073
1487
7175
7631
6783
7046
7336
1939
6835
7632
2051
1421
6731
2035
1475
6748
1981
6512
1880
1370
1551
6217
1932
1004
1515
1510
6234
7642
2018
1449
1525
6795
1969
6364
7039
8021
1882
1334
888
6765
1985
1485
1488
877
947
902
855
6665
1941
6552
7422
1991
893
7040
7562
2051
1419
6773
7041
7605
1896
6628
7074
1987
7026
1984
945
952
6112
1966
815
6327
1941
1413
6385
7232
1952
1489
6688
2003
6947
2046
7135
2095
9506
2040
6968
1985
7160
7060
1915
1564
6816
7411
1971
1484
1366
918
1460
6661
2081
1531
1467
1421
853
6594
7422
7681
7845
7385
7055
2008
7288
6558
1929
6069
1974
1501
6086
6752
1885
6488
6895
7108
7202
2023
1515
6980
2158
7222
2113
1434
1464
6969
2025
6698
7665
2020
7093
2083
6991
2272
6526
7672
6998
8109
1997
6969
7495
7669
2070
1476
860
1577
1650
1473
6576
6899
1879
1489
1442
934
6119
1986
1446
878
6677
6711
7175
1947
1422
7043
7008
7302
1854
1517
888
7011
2161
1413
1512
6709
2149
6728
2053
6840
2060
926
1456
1409
6823
1938
6924
2030
9336
2067
7164
2080
7013
2048
6734
6939
1971
7297
2071
6784
1871
1534
1588
1477
1532
6233
1884
849
6381
7076
8082
7455
7615
2127
6895
7579
6671
7505
7291
7299
2089
6784
7248
7362
1996
955
1509
1413
1403
1396
910
1544
7360
8545
7540
2042
1398
6501
2364
1589
1491
1483
6217
1918
6771
6735
6645
1848
7149
1823
6314
6950
1968
893
947
1684
991
939
1419
1481
6648
2017
1447
1424
927
1428
934
6710
2063
7041
2001
7201
2132
1519
6719
7196
1987
6776
1928
6754
2001
1479
1452
6453
7682
2046
1540
1527
7201
6951
7359
7355
7525
7479
7992
6901
7438
1932
6094
6918
7112
2174
968
6260
7714
7061
1876
6904
2050
6621
1986
6618
7408
7346
7566
1951
6969
7842
6931
10502
6612
6923
6572
6799
1930
941
6941
7422
2054
6569
2059
924
6911
1956
7176
2128
6878
7137
1971
1505
6327
1919
1403
875
6319
7391
7271
7237
2115
6619
7404
1986
1465
7078
2066
1496
7730
2044
838
839
1474
6894
7851
2063
6287
6670
6571
7361
1933
1434
1551
6055
7025
6701
7134
7358
7531
2038
7310
7405
7267
2091
6793
2019
921
7005
1956
938
7340
2067
1496
1032
6534
1959
7252
7782
2047
1487
6853
1900
6820
2793
6911
7574
7050
2027
6455
6665
1951
6066
1827
1430
1428
969
1467
888
983
7030
6932
7623
6709
1941
864
6858
7641
2016
6653
2154
1432
940
1434
1402
1523
1483
6632
7197
2096
936
7000
2033
864
6915
7241
1958
6446
7681
7052
6961
6811
1926
6866
1922
1589
1513
6206
2024
1498
6265
1928
1498
1688
6544
1951
1370
6726
1955
1373
1557
901
6810
1973
1488
946
1488
882
6949
2050
6887
7652
6968
1958
6289
1946
1737
1387
6815
1966
1530
968
6929
2075
6677
7204
7362
7550
7668
7506
2002
1600
6765
1929
6261
2108
6888
7221
1909
6163
7625
1939
915
978
1470
1466
6442
1932
1500
1485
6430
1889
6846
7430
2069
7755
1920
7032
2140
6728
7395
7351
7653
7742
7508
6846
1958
6576
7496
8305
2043
6701
2057
940
1415
6775
1939
6605
1952
6434
6653
7510
6929
6932
6758
7596
7304
7232
2192
1479
6577
2086
1402
1508
6703
2025
1032
1543
1634
6747
1966
843
6830
2009
7205
7656
6822
2099
6840
6955
1966
6516
6874
2000
1498
6779
6701
1937
6314
1943
6618
2663
6761
2033
7103
2026
7358
2114
1385
7379
6937
1948
1472
6281
2095
6207
7262
7474
2144
6616
7437
7429
7662
7669
2085
1501
1374
877
1431
1506
7007
2033
1437
6510
2010
6424
6608
6930
1913
6796
2056
1467
6118
2027
6343
6942
2008
1404
6527
7206
7692
7832
7656
7718
2001
1380
6826
2096
7196
7126
6866
6902
1965
921
6597
7488
7349
7509
7484
7490
6938
7239
6503
1910
877
919
1588
1538
6173
7019
2022
911
6297
1944
6313
1953
885
1491
1549
953
841
920
1408
6887
1872
1549
866
1466
6796
2022
6842
7429
2012
6637
2042
6791
2131
950
7127
7488
7912
6961
1929
868
900
1380
1495
1483
6556
2055
1520
6660
1915
1367
1558
1540
7036
6626
1867
1417
1412
1585
7039
1967
1536
1566
7010
7088
7279
7568
2014
873
1397
6978
8037
6859
2017
6911
1886
6944
7441
7348
7436
8118
7678
7889
2163
934
7606
7474
7301
6863
1903
6102
1910
1468
5990
1936
6137
7512
1950
6259
7056
7452
2023
905
895
6842
7992
1961
7252
7442
7248
8016
7421
7892
7647
7771
7655
8021
1925
1444
1505
6995
2097
6980
7416
7195
7001
1986
899
1432
1534
11897
6624
6756
1960
1463
1528
1394
6372
6777
1944
1443
1542
972
1467
1408
6409
1891
1421
6710
1830
936
1518
1501
1458
6784
8188
2029
1574
6504
7278
7391
2032
7116
1999
863
6944
7692
6974
6882
1878
892
814
916
1494
6539
2039
7115
1975
948
1546
1454
5928
6732
6846
2047
1669
1405
856
1501
933
6629
7379
2083
7002
8072
7432
6929
1976
986
6561
7378
7318
1981
879
6832
2009
6700
7357
6733
7839
7642
7668
1922
6678
6912
6835
2006
6041
6575
1936
6164
6832
6761
1988
6585
1904
6860
2030
6967
2049
1539
1539
7073
2078
6820
7312
7486
1959
6855
2017
6557
7742
6937
7029
1964
981
6908
1948
6816
7622
2134
6916
2200
1473
1404
1467
1536
6676
2005
875
6251
7399
1930
7063
1877
924
6312
1946
6456
2020
1488
1411
808
1436
6213
1859
6246
7292
1968
912
6990
2252
6617
7272
7239
7649
2108
6952
1979
7489
2070
6408
2241
6557
7649
6977
1994
950
1423
901
6271
6605
1876
6243
6696
1992
1498
962
936
6779
1951
6734
7751
2078
6943
2034
1516
6695
7052
7617
8370
7212
7516
7236
2024
1429
6698
1972
6800
7788
2004
7208
7626
2028
6542
6835
2083
6863
1988
6806
1950
1440
6263
6969
1819
6643
1877
1411
941
6592
7182
1957
6905
2013
7013
1939
7085
2066
6817
2074
6527
7228
7621
2055
6385
2112
6165
6786
12252
2036
868
865
7101
7525
2077
1498
1669
6906
7360
8019
1995
1543
1470
1391
1465
1656
1520
1603
7235
6644
1864
876
6085
1948
6362
2001
952
7244
1951
1458
6302
1952
1386
855
978
7086
6884
7322
2082
1654
6657
7165
7322
2035
6855
7555
2056
6890
2104
6234
2070
964
6175
7028
1928
6655
2027
6165
2032
6182
1876
7067
1994
6662
2019
1535
6587
2003
1451
6747
1927
1433
1527
1492
8570
1963
7231
2079
7604
2036
6973
6811
2004
1511
6280
1937
6851
7462
2031
6902
2222
1488
1450
873
6724
7542
7745
7739
2079
7584
7051
6969
1949
6103
2475
6016
1894
1611
6129
7390
7017
1922
6297
2164
1518
6922
7318
1979
888
1454
870
1504
1494
6983
7583
2106
7070
2108
910
1580
1548
6681
7419
2079
1492
1439
1409
1461
1459
1596
968
1488
7046
7234
6833
6959
7099
1933
854
7076
7523
2058
6768
1991
6742
7195
7639
6595
6593
6702
7069
6869
2026
7168
7427
7339
7471
2293
6625
1955
1426
6642
1996
6790
2058
955
7249
2084
7013
2101
6342
6946
7022
7042
6732
6692
6665
2091
6325
7103
1912
6808
2002
6955
7526
2079
1602
7573
7208
6725
9469
1959
6783
7397
7395
2088
934
829
1638
6752
7412
7786
2167
1621
1428
6855
2055
6854
2014
918
1488
1651
1453
1426
1382
6599
6886
1862
1405
914
995
6239
1932
6064
6589
1896
6868
1901
1562
6453
6785
2047
1493
6591
7331
2079
1446
872
7014
1937
1492
1494
1514
1637
1427
1432
1609
1514
1467
11974
7404
7275
2013
841
1382
879
6631
7315
7318
6855
6972
7702
1957
1484
962
7720
7347
7496
7518
7316
1957
838
6524
6669
1898
6795
6826
7142
6785
6932
1853
951
6690
7282
7222
8006
7247
1981
7045
7625
1965
1428
6963
7205
2095
6215
6761
1929
963
927
1001
6537
6666
6562
6779
1915
859
6269
1955
6772
7402
7619
7729
2140
934
945
6741
6886
6842
7478
7155
7206
7308
2127
6736
1993
1397
1454
1545
6739
7595
2062
1454
855
1385
6813
2082
6721
2046
1482
946
1494
911
1419
6601
1964
1487
6451
6708
1993
1465
6032
2022
1566
1753
6789
1940
6142
1936
6429
1922
6288
7114
7327
1979
6959
1976
949
958
7229
2078
6835
2086
1006
1635
845
6800
7527
1999
6952
2066
1494
6454
2092
6251
7078
6965
7447
7316
2019
7019
7603
1960
1469
6496
2033
6293
7548
2009
6038
2043
1479
6304
6909
7425
7421
1877
6915
1855
807
7139
7641
2092
6711
2013
1510
1472
1508
6723
2120
6784
2239
6910
2102
6846
2071
1462
1436
6462
6886
6842
6978
2119
1558
6422
1985
6010
7461
6705
7055
2023
930
909
1427
1449
1512
1530
6900
7759
2106
847
1565
898
949
951
1440
6923
7919
2120
6268
1954
1439
6231
1914
6855
7237
1981
1479
6923
7352
7238
1979
6825
7489
1981
1498
6913
2171
900
6982
7873
2054
1497
6227
1978
6996
1917
848
6836
7394
7421
9229
2102
6273
1939
6631
1967
6856
2052
939
1429
6911
1971
7105
2106
1451
6652
7194
7420
1982
879
1454
6885
6892
7072
7504
6970
1976
6850
7579
2048
1506
7117
7280
2077
6665
1988
6573
6773
1909
6870
6871
1926
6457
6852
7785
7354
1888
1007
6713
2140
6575
1978
1432
1522
6561
2039
1480
7565
2048
6854
1997
7043
7336
1993
895
6301
1998
6162
1984
6410
1955
6659
6762
6632
1970
6229
6795
2068
6742
7518
1970
6927
7888
7356
7804
2081
6255
2022
1719
1515
6898
1850
1412
6692
7396
2037
1490
6979
2130
6660
7532
7735
7359
2171
6785
1985
915
818
1454
6534
7002
1909
1505
6304
1979
6058
1919
6064
6822
1969
1614
1545
7281
1998
6387
7160
1994
1631
6796
7552
7517
7580
7512
7462
2017
1419
6988
2081
6362
6842
6998
6973
2005
1429
6752
7502
7472
2106
6777
7168
6876
6657
1968
852
1403
1453
1500
1669
5974
6714
1903
1407
6471
6942
7738
1893
1441
969
1539
926
845
827
813
6897
1885
1512
885
1993
7180
2030
1452
6815
2122
6752
2025
6605
2101
986
859
846
6793
1947
1525
900
937
1550
1451
1371
7331
2091
6903
7122
2134
1501
888
853
6351
7772
6954
1902
904
1520
6280
2031
1500
1415
6912
6611
7578
7305
1902
1441
1381
6882
2221
948
1467
7032
2010
7079
8000
7727
6685
7522
7341
7496
2104
1588
6709
7239
7552
7782
2144
6882
2090
908
7046
1989
877
849
8069
6989
7238
7275
1922
939
1026
930
6110
7440
6973
7235
7446
7342
7745
1980
7131
7333
7265
7279
1957
2103
1512
6820
2141
6336
2043
1427
897
956
1521
6324
2029
1468
6657
6848
1986
6747
1896
862
6917
7598
7394
1995
6517
6864
2106
904
6834
1920
6101
6816
6982
1911
1440
1714
6983
6938
7275
7425
2067
6663
7152
7209
2102
6872
2034
1448
6893
7411
7012
7107
1873
1375
948
1511
6532
6898
2028
6822
2012
1477
876
6178
6719
6825
7335
1937
6937
2080
1511
1579
809
1431
7201
1979
7115
7522
6922
1977
1490
956
6456
6942
1891
1405
1412
1443
934
6899
7309
7201
7262
7352
7848
2037
6823
7519
7025
6999
7562
1931
1536
6175
7178
6777
1894
6305
2013
7170
2032
7354
1964
1452
1463
6792
1985
6958
7752
7395
1968
6669
2036
1450
6745
7462
6996
2171
1003
7050
1903
6483
7209
1948
6777
1942
1490
1648
1463
815
6804
2066
1455
6936
7698
2221
6505
2050
6530
7329
6454
6835
6922
2006
916
1400
858
6300
1921
7153
7361
1945
937
7024
7318
7226
7215
7602
7469
1946
6779
7083
7192
1858
6474
2027
6435
6792
6685
1949
995
1546
940
6340
6718
1901
6846
7242
1991
837
898
6973
7499
8133
7013
7506
1985
6252
1929
6853
7513
7202
7232
7419
9091
7678
7732
2031
917
6632
1924
7075
7541
1965
6002
1952
1548
6449
6720
1867
6645
1837
6374
1900
1566
6617
2011
6983
7790
2030
1490
1450
7078
2030
1444
6918
1973
6560
7252
2086
6886
2082
1453
6567
6789
7005
6891
1971
1493
6944
2009
6925
8217
2035
922
6742
7938
2015
1429
6623
7322
1891
6144
1877
1659
1451
1453
1511
915
1406
1443
7088
6952
1981
6603
2015
1355
6913
1869
900
6975
2079
6710
2081
1523
6800
2086
906
7392
7410
7520
2027
1445
7077
7458
7608
1982
6244
6806
2012
1464
1398
6670
1965
1455
7594
7326
1940
918
6324
6740
2010
6642
2057
6747
1965
7069
1967
1387
7193
2360
874
7442
2111
1475
864
782
7041
6808
6845
2520
6648
1952
1599
6932
1978
1494
6925
2054
6696
7519
2029
1489
1526
1489
6954
2064
6857
7279
7081
6948
7346
1861
8810
7275
1897
6131
1864
1491
1504
1374
6408
6703
7138
1903
6738
2177
1540
6982
2012
970
1536
1469
869
825
1506
7284
7728
2091
6687
2084
1483
865
875
6854
7812
2246
1551
1468
1463
875
886
1650
922
6329
6869
7669
6884
7678
7515
2098
866
6832
7636
2192
6591
1971
6272
6607
7306
6807
7092
6982
6783
7478
1871
6878
7407
7316
8165
2009
6881
7665
2225
6872
2157
6377
2045
7003
6974
7565
6837
1951
6195
6829
6831
7136
7322
7526
7645
2005
7646
6874
2070
6135
7372
7278
7339
2099
1513
1476
6723
7983
7450
1953
7397
2082
6823
2013
996
890
1536
6870
7219
6782
1958
6040
2097
6719
1895
6873
1891
1497
1538
1429
1384
1460
1492
6220
7728
7011
7155
2024
1566
6804
2057
7100
7594
2032
6829
7235
1971
6599
2175
873
1517
6719
7732
7044
7092
1912
1495
1577
1498
7107
7418
2051
6825
2087
961
1512
1601
7042
7524
7110
1980
6270
1939
6223
7318
6781
1955
6449
1928
7082
2024
1651
973
1530
1465
7065
6637
1930
1439
1573
6777
2097
863
6595
7352
1975
6678
2002
994
934
7630
7615
7442
2029
847
894
1425
6415
2162
919
1603
6902
1865
6339
6899
1969
847
908
1006
6156
6606
6655
6832
1989
870
6844
1903
6844
7769
1930
974
889
967
1497
7209
8089
7671
6731
1955
6007
7348
1973
6884
2042
1503
6845
7556
7548
7446
2066
1425
854
6899
8228
7740
7255
1978
1610
940
951
944
897
7035
1920
1442
887
1005
1449
1492
6281
1855
2098
1621
6171
1932
6062
1917
6373
2104
6540
7209
7101
1989
6997
1982
1445
1486
6925
2052
7591
2083
1465
1447
1390
7797
7615
2021
7112
2076
1449
7110
1469
7029
6768
6819
7488
7469
1987
6948
7558
2009
892
6367
1992
6441
2085
1520
894
1408
1426
7158
7562
7738
7742
1905
6884
2114
910
6145
7218
1875
7208
2064
1507
882
952
6826
2096
963
868
6993
1958
6735
1960
952
1461
7497
7331
7461
7201
2087
6061
6812
1979
1411
7184
6691
6845
1867
6423
1892
1531
1456
6476
1913
6751
1899
1618
6773
2012
936
1530
1501
1420
6700
1920
1431
6746
2003
1519
7234
2081
7281
6815
1901
1398
6091
1876
6734
1958
7130
7522
2083
1015
6807
2047
6973
7319
7519
2075
6693
6969
1986
7151
2032
1014
6263
1967
6206
6746
1965
954
1419
1411
6053
6796
2521
1542
1483
1406
6639
1861
6782
1928
6610
7506
1999
1537
6869
2117
6675
7342
7578
7686
7872
7544
6548
7038
2022
1442
6720
7575
1961
6790
2052
6788
1915
1662
6687
2040
6537
6978
6732
7048
6790
1906
6177
1971
6112
7185
2517
1562
1509
930
945
859
7106
7613
7369
7438
2006
6931
1950
1518
6981
2050
6970
2097
6440
2216
6044
1932
6302
1857
6230
6739
1895
6866
6931
1904
6465
7426
7152
7262
2018
1463
1558
7031
2198
6542
2074
863
6501
7662
1920
6117
1871
1416
6627
7605
7442
7461
2048
7158
2037
948
863
1421
2129
6751
2109
1514
6727
2147
6561
7012
7132
6768
1893
6232
6659
1883
6150
6802
2036
7351
7273
7072
7306
2021
928
7049
2125
1484
6879
2038
6912
1975
7237
2017
1448
7179
7331
2194
1484
6261
6612
1819
7034
2023
6703
2014
1614
7346
7482
7349
2111
1458
1440
1383
6596
1979
6464
1926
6965
1990
6853
1944
6290
6982
6758
7377
1998
6808
2019
9494
7646
2259
1515
1545
6868
7220
7413
7493
7709
7351
6758
2126
6352
1873
1444
1374
7096
6721
6908
1904
6430
7098
7054
7102
2065
1627
1526
6721
7520
2023
7557
7075
7672
1891
946
856
932
6131
1975
1500
6739
1876
1559
1540
7082
2157
1010
6938
2112
6901
1928
6968
1907
843
1495
7024
2270
6755
7421
7851
7165
1946
6293
1986
868
6929
6605
6832
1881
1683
1546
1434
6239
6958
1942
6689
7318
2076
6794
7650
2043
1525
6742
7508
2067
905
1453
6946
1993
6993
7125
2124
1437
6383
1903
6327
1903
6260
7172
1972
1475
1442
7264
7465
2162
6854
2074
6546
2048
1515
6457
2022
849
1380
930
1463
7153
7421
7027
1969
6262
6741
2176
6752
2000
6549
7504
7446
7432
1993
1424
1503
6714
7299
7425
1983
1429
6926
2036
1663
6596
6682
1856
1494
6955
7022
7511
6215
6982
6947
1984
1593
1522
906
1442
6662
7176
1930
1453
900
7125
2115
6964
7242
7452
7492
2146
1384
6025
2189
1474
1527
7003
7464
7396
7546
7582
2040
6793
2019
1390
1433
844
904
1487
1477
6679
2112
6671
2080
6340
1987
7227
7736
6805
6752
2580
1496
6599
6771
6969
7305
1892
1391
7497
1975
6877
7436
7527
7469
1988
1508
1469
975
911
1499
1608
7125
1968
886
7164
7008
6972
6906
1929
1469
6409
2002
1377
6674
1996
7058
7742
2142
6667
2064
901
6433
9983
1970
1387
6268
1876
839
914
6278
7096
1968
6279
2009
6806
6884
1946
1502
6706
7688
2044
1509
1467
1469
1390
876
6777
2004
1530
1482
6905
7259
2042
6633
2117
1460
876
6745
7402
7182
2015
943
6895
6837
2016
931
1449
6365
7624
1909
1493
1573
976
6411
2006
6451
7679
1955
863
1368
906
921
1492
960
926
1516
864
1545
6657
1982
6568
7205
1955
1387
883
855
6812
7797
2108
963
6550
6789
7143
1978
6822
7615
7524
8226
2070
990
1407
6951
7319
7505
2063
6621
7269
1986
1425
923
6434
1999
1417
1517
1509
1538
1498
876
854
6393
1857
6407
1888
1449
6387
6639
6812
7214
7265
2013
1514
6637
2134
6719
2016
9494
6672
2006
6723
2138
6886
2116
1653
7058
1978
840
6424
6785
6561
6816
1912
912
7704
7584
7475
2019
6578
2005
6672
2028
6599
1960
6417
7487
6970
1922
836
889
7006
1943
1523
6385
2049
5995
7205
1866
7029
8174
7515
7298
8276
7451
7542
2252
6434
6624
1961
6446
2082
890
6335
1907
1408
6117
6802
7812
7934
7248
7302
7362
1917
7057
2070
909
1493
7613
7132
1957
6943
6605
8051
1947
7232
2040
1425
6929
2157
1471
6834
1997
1322
873
6849
2035
1491
946
1450
6796
7409
2054
1460
6655
1956
1541
7148
1996
1460
1556
1578
6539
7462
1866
6501
7312
1998
888
1593
6038
1934
6195
7002
1960
871
6682
7172
2098
1418
6761
7681
7489
2146
6848
7708
2116
948
986
7252
6979
7478
6725
6876
7348
1971
856
1522
7211
2073
7634
2234
6689
1930
871
6725
1989
7206
1992
1534
6228
6656
6868
1977
1547
917
872
6525
6765
2132
6094
2034
6870
1931
7156
2115
1674
1427
6931
2162
1478
962
907
6787
8213
7177
2033
1454
6859
1967
878
894
7032
7205
6772
6992
2127
6203
6672
2003
6916
7121
7816
7167
7156
7342
2059
6870
2015
6569
2039
6503
6678
6485
2616
6964
1975
1526
1416
1410
7082
2017
6907
7522
2163
914
1491
7029
7706
7588
7399
2079
899
1412
875
919
6502
2063
1495
6577
6696
2019
1427
7051
7435
7191
1970
6188
1906
910
6595
7444
2027
6641
2024
6919
1946
1401
7040
7288
1989
1449
1539
6800
2087
6840
2228
6896
6982
2168
849
6032
1999
7121
6843
2036
1413
6717
7633
2034
877
6783
1973
6637
7254
7052
2042
1498
6353
6752
7058
1946
932
949
6281
6678
1935
6844
7974
7557
1975
6977
7647
1937
1701
939
1417
1366
1583
6671
7256
7579
7520
7063
2144
996
6025
6642
6859
1995
7588
1926
1386
847
1443
6827
6904
1932
7308
7518
7198
2029
1467
928
1493
1387
6874
7882
8132
7251
7552
6611
2023
6686
7406
2051
6944
2117
6754
1981
857
1394
952
1516
885
7041
7376
2072
1475
1443
1387
6854
2056
893
6695
2062
1434
1359
1642
7060
2082
7194
2036
6279
7629
7213
1989
866
5919
1815
920
1575
1477
7066
6971
2027
6556
7575
2081
937
883
882
6789
2031
6890
7361
2080
1483
6794
7729
1947
7252
7050
6778
1915
830
6340
1989
6534
2012
1485
6680
7689
2109
957
7069
8178
7025
7035
6789
6694
1862
6519
6757
7392
1840
915
6791
1921
6705
7780
7507
2093
1462
1442
6823
7262
2093
1531
1525
6547
7352
2174
6833
7167
6756
6692
6862
1944
6450
1919
1411
7027
6958
6932
7228
7302
7212
7472
7846
7171
6947
1911
1539
7568
1908
1467
1481
6708
7732
7462
2068
1423
6722
7578
2090
1536
1445
6666
1970
869
1425
1494
6811
7655
7232
2003
7191
2062
6957
1987
1486
6999
1886
6224
1884
874
6760
6920
7053
7359
7142
7522
7492
2056
6642
2094
6783
7458
2060
1531
1510
1433
1484
7141
7134
2058
6835
1868
6131
7018
1964
6726
1899
1439
886
7128
7472
2076
6839
7086
2004
1477
1486
1412
6459
7582
1969
1631
1501
6382
1881
1433
7304
7544
1861
6206
1994
917
1474
6052
7396
7422
2086
6986
7632
2207
6886
1980
6685
7472
1975
1417
890
1526
1461
2003
1479
7054
2107
997
6646
2066
6011
6662
2060
909
6230
1870
1482
1460
1479
6858
1979
1526
6901
2147
6574
7092
7222
1943
1693
7312
2026
1467
1389
6759
7620
7652
7772
1929
849
7041
2047
970
6671
7491
1898
7131
2053
6913
7498
2002
1450
6960
1948
847
6795
8336
2024
6649
6962
7042
1975
2083
1381
6491
1954
1614
6215
1970
6148
1965
6741
1939
1387
6225
1987
1405
909
6473
7525
1946
962
1516
6570
7575
1983
6825
7487
7682
2009
1477
1507
1462
7223
2015
870
7350
7095
7575
6686
1872
6552
7266
7689
7789
2109
6931
2102
6505
7798
6835
1969
6167
6962
7229
6765
6625
7262
7789
7702
2309
6961
7263
7210
2041
6935
7742
7875
2201
6205
6784
6682
7439
1912
6935
1851
6422
7082
1989
6562
1977
7402
2075
1544
1570
1418
6678
2047
946
6844
1995
1408
1477
883
887
990
7412
2063
7203
2012
7023
2152
904
1500
6096
1969
6737
1910
7011
7638
2033
6976
1953
1563
6985
7822
7655
2109
1471
1488
6678
7156
2125
949
6427
7582
1914
6159
7419
1812
839
929
6731
1481
1456
1458
6297
7007
7436
2003
1510
1536
6532
2261
6831
1995
6796
7386
7488
2030
7024
7602
7662
1999
6176
7533
6668
1936
931
1560
1494
953
1494
908
1644
9979
7558
2062
1577
6773
7372
1968
1414
1454
942
973
6438
7719
1975
985
960
6356
6855
1869
857
881
6442
2076
1520
1440
6221
1942
6163
6752
7091
7465
7416
7482
7315
2023
6717
2062
941
928
6777
1976
820
792
1379
7045
2067
1497
6463
6728
6759
2015
952
6283
2010
1426
1528
6037
6624
7100
7158
2026
6642
7212
1980
6816
1966
844
863
1491
927
7124
2280
7338
2065
6525
1943
886
6502
6545
7125
1896
1428
1499
6897
7409
7448
2115
7067
7402
2586
6818
7146
7012
7948
1960
6486
2000
6275
1905
1513
6186
7891
1938
882
6213
6847
7252
7086
2039
6850
2000
837
1480
7008
7423
7575
7742
2087
7016
2063
6416
6979
6779
7017
2016
962
850
1509
1491
6978
7509
8269
7423
2013
9923
7695
1911
1395
6273
7622
1843
1616
6432
1971
933
925
6276
2214
1419
896
6166
6490
1910
6740
1900
7133
2192
6969
7799
7245
2063
1390
6627
7365
2081
1490
1541
6909
2057
922
1412
1405
1451
6709
2053
6060
6802
1987
1505
1534
6245
1976
1443
1536
1514
1637
1411
853
6233
1899
6344
7012
7048
1989
1502
1449
6559
7208
2015
1423
6799
7302
7092
2017
883
7243
7741
6461
7162
1898
1443
7049
7536
7586
2043
6936
7305
2614
6856
2026
7523
2222
1538
1527
6462
2063
1481
893
1401
7203
1454
6468
1970
1516
6261
7408
1961
6081
7052
1949
944
7266
1894
6929
1981
6641
7542
7622
8082
7485
7699
2024
1493
7004
2003
1541
6547
7386
6625
6922
8091
7741
7358
7366
7078
1992
6536
1945
6521
1945
6230
1908
6485
6815
6666
2046
1491
6213
7166
1851
810
6979
2012
6946
7342
7432
2043
6870
7428
7659
7005
7366
6821
1967
6292
7309
1961
6130
1873
910
6878
1955
1562
7173
7261
2027
6531
7425
7541
7940
8114
6778
2133
1404
1402
5969
7108
1862
7114
7570
7542
7416
1987
1541
912
6937
2106
1477
1452
6647
2736
1510
6591
7752
1998
1352
853
6508
7416
1888
1058
6532
1947
1606
941
936
1459
1449
956
6898
6624
1935
6922
7787
2000
6711
1974
6485
2005
6980
7388
2139
6975
7505
7732
2061
1469
7207
7042
7396
1930
874
6132
1835
833
857
6308
1992
6708
7669
2143
6844
2065
1503
947
881
1532
6637
2019
1616
1341
820
6451
1966
6493
1980
1556
916
7021
1361
944
889
898
835
1462
958
1424
6453
1858
1503
1550
7002
1989
1468
1482
6274
1934
856
851
892
6312
2018
6897
1934
983
6934
1927
7203
2040
6944
7642
7231
2699
6739
7638
7683
2099
6567
7562
6871
6698
7406
7567
1851
6415
1845
6569
7132
7165
7305
7598
1979
6523
2156
6770
1997
1509
874
1477
6277
6525
2016
897
953
6739
7661
7600
2065
1509
1016
6719
7655
1999
7050
2042
1537
6708
7409
2075
1489
7243
7808
1928
880
852
845
842
6935
7375
1900
7152
1917
6658
1939
1533
1485
6954
1839
1471
1543
6531
1981
6762
1907
6602
7429
7439
7442
7616
7718
7528
6992
2047
838
6759
6928
1962
1500
6373
7175
7532
7635
7228
2014
1674
7271
7914
7688
1915
866
6395
6912
6894
1870
6107
6782
7098
1859
7184
7555
2070
1521
1403
6923
1922
1625
6740
7165
7549
7712
7248
6840
6721
6769
6685
6699
2038
6596
7697
2069
1515
834
6762
7199
2073
6750
7612
8195
1979
1428
936
1514
1498
6557
1958
7088
1932
5997
7253
7398
7386
7412
2198
6735
2667
6922
2088
6539
7287
1963
1417
846
6416
7006
7026
1881
1499
1585
6533
1909
1659
7078
1990
899
862
874
5921
1867
6385
1976
6397
7109
7135
2022
6802
7529
2006
1518
1464
1652
6762
7549
7552
7603
7049
2103
927
920
833
6093
1898
6405
1941
1520
1470
6321
8129
7478
7692
7342
7257
2036
884
6664
1955
6325
1992
1568
6172
7078
6758
1950
6043
7569
7491
7712
7532
7392
2015
6769
7255
7794
1994
6828
7032
1987
6203
1981
6200
1955
898
1539
7200
6734
2025
1432
6338
6835
6836
1906
6887
1947
7653
6635
7302
2065
7353
2282
1442
7328
7605
6666
1871
6792
7628
7370
7538
7392
7381
7347
2159
6657
2028
1507
1545
6388
7732
6868
1911
1387
6923
7817
1980
1406
906
6246
1957
1454
1446
1539
1489
6625
7758
2038
1479
1494
6698
1907
850
6726
2024
6741
2097
6876
7322
7562
2027
6829
7542
7119
6702
1943
6830
6874
2040
6804
7650
2054
6837
1995
862
6765
1940
1672
6524
2157
7339
1942
1636
1527
1539
1472
951
6303
7638
1902
6364
7052
6649
1931
1378
1403
910
11745
1969
1476
969
6632
1941
7032
2006
6954
2076
6681
2018
6768
2025
6658
7549
1935
908
7075
7859
2054
6049
1970
930
6160
1891
1574
913
6281
1884
1414
859
6967
1972
1534
7107
1929
6546
7071
1975
6816
7119
1976
935
6863
7518
2120
1506
1478
7275
2039
7345
7630
6724
1871
1399
6859
1934
1011
1531
963
7184
8156
7625
1996
6774
7397
7266
1956
7261
7027
2132
1528
7403
1981
6287
1987
1484
6240
6780
1912
934
6088
1934
6590
7995
2037
1485
6669
7098
7376
1949
1556
6872
2007
1429
1491
6855
2270
1338
1416
6882
2019
6970
8035
7222
2085
977
1562
5986
6681
6752
8119
7772
7620
2048
1437
6643
1998
6446
1961
6480
1955
1458
6270
6712
1937
6342
6937
6732
7358
7585
7802
7652
2198
10800
1988
1471
1446
7022
2046
6657
2033
1402
7023
7712
2019
6454
2105
1539
991
6922
6874
1964
6205
6742
6832
6775
7032
2198
6946
1907
6722
7277
1972
1402
6740
7865
6976
7789
6518
7222
1858
967
1456
7081
2046
1719
1468
7043
7286
2170
7276
2034
1501
1545
7193
2077
1402
6630
7298
7215
2110
1059
6365
1927
1515
7038
2004
1442
7181
1859
7236
1888
1574
6101
6805
7109
2040
1316
1414
889
6705
7208
7789
2027
901
6854
2235
1529
1566
6727
2035
1416
1407
1011
910
1366
6740
8582
1954
1437
7079
2087
1526
1475
6623
7739
6997
2080
6329
7250
7572
2049
855
6881
7515
7092
9382
7011
1869
6506
7106
1973
7041
6761
6642
8282
1940
1492
6989
7447
7336
7245
1993
1508
1417
9760
7327
2001
1501
1521
7163
7771
2050
6013
1853
1420
1484
6321
2125
6340
6680
6678
7691
1976
6466
7480
1966
6842
2013
6890
1920
1446
7081
7968
2019
6474
7095
7569
7177
1966
1442
6950
1993
1642
1458
6963
7492
2073
1566
1495
1569
1437
6796
7495
1997
1413
965
1555
980
6750
7216
7812
2062
1480
6554
1945
6553
6728
2536
1632
1500
1449
1435
6254
1865
1444
6698
1892
6274
1972
6391
7142
7115
2059
1451
1404
6812
7836
2022
1368
6817
2077
1490
1354
6871
7510
1968
1548
1536
7086
7241
2142
6212
6749
6992
7415
7494
2125
1554
885
960
6977
2070
1500
6654
7025
1997
1553
6507
6999
6769
1889
908
6379
6785
1892
6175
6632
7462
7602
2095
1533
1483
1380
1458
7095
1992
918
949
6840
2045
6872
7236
2075
1441
848
1384
6853
7652
2165
1495
7225
2057
6245
1881
6322
7484
6779
1948
1448
1559
6200
7682
1917
6415
7138
2015
1473
1425
870
1455
1497
1490
1549
1491
6775
7262
1960
1615
2089
1518
7009
2084
1452
1420
7228
7815
1958
1469
6327
1943
1528
1476
890
1456
6684
1845
6713
1893
1621
7154
2081
6778
1992
7091
7462
1976
1457
6735
2069
6766
2126
1562
6704
1989
1420
1423
1381
6633
2034
1517
1539
6645
7022
8217
1952
931
6966
1906
6066
6854
1880
1732
6733
7174
7319
7362
2020
1385
6877
2043
1458
6679
2013
6732
2073
915
6932
7574
2047
6623
7522
6671
1892
882
6278
8276
7687
7561
1969
6619
7166
1923
7633
1962
6300
7469
6988
1978
1382
6264
7492
1950
6802
2018
6755
7399
2049
993
6819
7293
7379
2095
7022
7559
7527
2076
7054
2017
6067
7369
1875
866
6270
2155
1486
6765
7551
2021
6384
2005
6401
7742
2100
6601
7365
1925
6938
8099
7081
6878
2710
1496
6737
1900
1438
1513
6656
1867
921
1757
7129
2234
6812
2137
871
6885
7343
1973
1409
6900
2014
957
6652
2021
1571
6540
7035
1973
1443
1589
7262
6791
1982
6915
7421
6551
1959
1514
6428
7056
2047
6636
7208
7346
1975
6947
7648
2045
1495
931
926
1523
888
1401
6902
7575
2065
1543
1526
7260
2048
6473
6818
1840
1435
6494
1908
1492
1505
940
6261
1962
6712
7742
2015
6939
2155
6682
1918
6518
2062
6417
7430
1942
1473
6344
1876
7080
7026
6656
2008
1481
6821
1941
6765
7542
7527
2211
6809
2043
6735
2000
1499
6609
7872
2017
1489
973
1515
1477
1408
7282
2007
6537
2712
6965
6991
6717
2139
1518
6181
1948
6565
6792
7112
1912
6537
7141
2016
911
1521
6774
7562
2074
6596
7878
1998
943
7620
1894
6080
1887
6697
7666
2015
1500
985
7056
7562
7888
7606
2248
1411
1449
6643
7596
2233
6821
6995
7412
1993
1533
6315
1917
6400
6432
6739
1858
1420
7401
7201
1899
6571
7603
7518
2079
927
1531
6667
2063
1463
874
6945
7388
2616
1519
6933
2057
1478
6593
2087
864
6853
1936
1560
978
1483
6275
6842
1901
1378
1435
1448
6689
7609
7629
2090
948
6826
7227
7109
2483
1416
6283
1959
1453
6424
6872
2041
6312
1956
884
887
1403
6221
1949
1010
6799
7138
7422
2088
6975
7372
2030
962
7056
1965
1411
1477
1580
6759
7512
1986
7028
7045
6679
1847
1429
6899
6871
6654
7403
6861
1952
1642
6387
7495
7319
7352
7662
2091
1516
944
7016
7850
1904
6445
6576
1861
1405
6804
7450
8211
2032
6886
7399
7525
2066
1457
1370
1497
1524
1484
936
6702
7199
7744
2069
1460
6482
6931
1909
7057
7425
6427
1892
820
6419
7144
7120
1954
1464
6881
2026
909
871
799
6972
2011
6873
7534
2178
1510
7093
7522
1950
891
7123
7092
2071
1677
1478
6080
6909
1963
1467
6326
1971
873
831
6704
7506
7619
7331
7126
7822
1919
6280
7419
6854
1941
6437
2016
1410
5984
6580
7240
7696
2034
1471
6805
7455
2019
976
1821
6854
2060
1429
889
6696
7458
1936
957
1482
6913
2089
945
6425
7678
6861
6928
6946
7482
6877
6966
7147
1955
1386
1428
7545
7314
2018
1461
6988
7809
7101
1952
1411
6257
1880
1427
962
6032
7140
7515
7419
2112
6750
2106
904
6809
1993
6890
1983
6811
2055
948
6679
7025
2110
6530
1959
1425
6371
1936
1531
6186
6802
6695
1933
6418
6996
7220
2037
1467
856
6675
7399
1955
6938
2041
1500
1543
6740
2094
967
861
830
6795
7396
2040
7277
7017
2121
6083
2087
6790
6781
1967
834
6782
1929
1465
931
7299
7598
2234
1483
1490
1406
6578
1964
6569
7112
2118
6232
1976
931
1354
6308
6872
1935
1425
6285
2032
6087
1980
983
5976
7342
1914
883
1580
6934
1974
1505
6783
7345
7385
7346
2040
1484
946
863
1425
7014
7612
2035
6366
12280
2587
6224
1888
1411
6346
1898
1441
909
1521
1480
899
950
6842
6837
1859
1405
6466
6959
1997
6849
7110
7478
2033
6977
2146
7340
7991
2495
1538
6985
6638
1919
936
7207
1926
7138
8225
7401
2050
7150
2018
6771
2064
1410
6760
1956
6851
2039
895
6433
2072
6736
7015
1946
6940
7579
6661
1918
874
6502
7118
7246
1957
6587
7652
7592
2196
1631
1400
786
6824
2142
6836
2035
962
7050
2085
1492
7263
7226
6665
1935
872
6074
1874
6410
8218
1912
1539
883
1403
1453
1514
1498
1557
7234
7495
2060
6624
2026
1496
1453
6527
7722
1957
936
920
970
1559
6223
1923
6997
1898
6187
6963
2069
1463
6943
7369
1934
937
6840
7489
2024
7087
2083
6720
7492
2011
6823
7742
7828
2140
6406
2158
6135
1992
9055
6449
1921
6221
1934
834
1440
1517
6861
1911
1447
6331
1893
1521
6519
7268
7218
2105
946
6721
7400
7844
2113
1471
1395
879
7203
7401
6637
1885
949
6682
1931
1525
923
7220
2052
1401
1680
1526
1504
1496
6892
2019
1428
1483
6695
2041
1521
1477
6967
7615
7436
2031
6623
7922
7121
1859
1404
7042
7591
6771
6506
1847
1492
6392
7012
2035
6889
7262
7432
7632
2016
1457
6667
7425
7472
2005
1600
918
1441
7043
7082
2079
828
885
6068
6989
6812
7168
7489
2052
954
7196
7594
7203
7145
6816
6762
1901
6392
1965
6253
6988
2017
6059
1904
823
1548
928
843
6567
7368
7468
7400
1959
6790
7409
1972
909
911
6874
7569
2108
6496
2196
928
896
6068
6762
1848
858
1539
1527
1647
1424
6262
7505
1934
1762
6389
1945
6366
7052
8205
1973
7689
2039
1499
6762
1938
880
6997
7248
1995
7267
7005
6712
7149
1971
936
7053
7589
7403
7600
2052
900
882
1397
6808
7245
7146
7686
2026
1497
6545
6888
2010
6319
6613
6381
6828
7057
1971
6617
1856
6553
8415
1969
6987
7361
2073
952
870
6803
7570
7562
7172
7615
1930
6274
2082
6362
7282
7606
7768
2020
865
829
1020
1593
6950
2174
1428
6414
2007
1028
6559
6956
1978
1550
6956
6994
7519
7411
1941
1414
6769
1900
6753
1887
7169
7482
7445
2025
1666
1513
6678
7229
2095
7025
7478
2012
826
6425
2069
1536
6094
1913
1448
1418
1411
6434
1919
1602
1518
6260
11578
6779
1956
1485
6383
6884
1903
6689
7122
7198
1944
812
916
6707
8008
7225
6751
6582
1925
6945
1885
7094
2003
6827
7389
2044
1485
6974
2072
6854
2073
1432
6735
7306
2073
1415
1411
6455
2045
912
944
6615
7592
7411
1946
6483
7276
1880
6642
7031
7171
1878
1493
6751
7355
7478
7326
2086
6760
2016
845
6790
1961
7022
2014
900
6470
6772
1921
6322
6702
7402
1998
954
7133
7468
7406
7158
7062
7576
1887
1398
6408
6882
1903
7050
7314
1929
918
6024
7182
7565
7399
2044
7010
7657
2213
1480
1494
6633
7725
2021
7203
7156
2084
6089
1940
933
6197
7746
1907
6316
1907
1462
1505
6943
6988
1977
7198
2064
6771
7119
2052
6830
7538
2212
7316
7167
6859
6805
1846
1461
6691
1949
1515
1488
7233
1959
869
1445
943
936
6936
2216
870
6879
7566
1971
853
6748
7288
7189
7002
1988
1678
1493
6454
1904
6474
1863
6316
1948
1521
6238
1973
6678
1994
955
6291
1966
919
6687
2126
895
895
6594
7128
2040
6804
2004
6779
2034
798
1440
6939
7580
8062
7832
2133
6416
2059
6080
6602
1864
6316
7252
1917
1442
875
7175
7638
2101
6570
7069
2074
6616
6732
6709
6785
6915
6678
6906
7296
1921
872
7121
1993
6927
7462
7428
2035
1524
6646
7656
7665
7135
6729
1991
6610
1947
6200
10930
1934
6333
7016
1877
1501
1795
6499
7416
1943
6595
2069
6795
1994
879
6897
1988
891
959
7224
2061
6637
6826
6552
2012
1491
6741
1973
7061
2058
6815
7462
1989
1513
6956
1994
7049
7311
2001
6687
2006
6604
8146
1896
1576
1530
6915
7383
6938
1933
6060
1941
1558
6272
7244
1952
6712
1929
6614
1953
6820
7469
7338
7410
7411
7444
2080
6787
7598
7515
1949
6244
7388
7548
2049
1419
1653
7031
2232
1580
1509
6619
7095
2012
855
893
1389
1523
7455
1992
1504
7050
1913
1482
1450
1457
6531
6870
1986
1489
1424
1403
6279
7328
6899
1896
923
6637
7401
7410
2107
1665
897
930
864
7491
7337
1961
846
902
918
1461
1499
6691
2035
1508
6896
2011
7018
2089
6519
6702
6642
6801
6698
1966
880
921
6172
7632
7617
1935
6802
7182
7442
2031
1755
7047
2147
7432
7218
6959
6802
1927
1428
6849
7288
7252
7236
7331
1905
1472
7066
2086
1481
6820
2046
1408
1434
6737
2004
6503
6976
2051
6196
6559
1945
1440
6180
1880
1363
879
835
6072
6939
1978
1491
1351
6286
7075
7225
7702
7829
2055
1463
1483
6983
7311
7511
2048
6914
2100
1488
1422
954
847
922
6464
2148
6313
1957
1493
6624
7684
1949
7686
7415
7612
2070
1448
1565
1469
6924
7402
1945
6205
1894
1407
926
944
6233
6572
6716
6962
6828
2016
6301
7232
1948
7105
7268
7322
1971
7426
7433
1975
6837
1980
1402
6742
7238
2114
6309
1942
6532
2457
1442
1625
6484
7482
6554
2222
1487
6402
1912
924
6389
7087
1956
6771
7394
7560
7884
7839
6741
6682
1875
6993
7332
8985
2093
1520
886
6655
7357
2069
953
6892
2063
1389
1623
7210
7526
7112
2056
1516
1599
1431
1468
6215
2011
6795
1982
7003
1967
1607
6174
6719
1869
6382
1817
6337
7140
2062
1454
6837
7590
7601
2146
7603
7228
7399
2032
1476
1418
6910
6925
2059
6258
1933
6292
1915
6566
2041
963
904
845
865
6725
1977
7031
7572
2111
6738
7482
6956
7382
6541
1982
6385
2008
877
6766
7592
6921
1845
1590
1523
1548
6847
1855
7809
7155
7092
1929
6711
2021
928
7011
7510
2058
6757
2086
1500
7142
2067
870
6860
6807
6939
1895
808
7065
1983
991
6876
1958
6237
6836
2060
1558
6637
1917
6892
7512
7956
2066
1384
6594
2126
6260
2077
6178
6712
1893
964
6808
1921
858
819
875
7023
7226
2089
6665
7395
9832
1491
6818
7251
7091
2049
6419
1901
6758
1965
1461
1511
6061
6572
1998
6264
6857
1892
6296
1907
830
6557
1922
941
1535
918
1532
1450
1471
6842
2056
1494
1480
1471
6925
7659
7662
2107
6652
7562
2037
1486
6995
2275
1474
1669
930
1406
6347
2024
898
1468
1528
6233
6752
1997
1345
6470
7309
7482
7428
7496
7228
6926
2656
1473
6105
6492
6742
7848
2074
12088
6980
7482
7372
7426
7272
2010
6664
7368
1993
879
1396
7269
7658
6996
6995
6999
6858
6769
6573
1841
6346
6908
7306
7426
7488
7656
7154
7569
1940
1488
1623
975
892
6961
6690
7312
7356
7302
7252
7546
7761
7662
2017
1585
6821
2117
7296
6981
6565
7272
1924
1474
882
1386
6235
6668
1970
6381
1904
1469
928
935
6381
2017
1418
859
1449
1497
1457
1415
6581
7528
7806
2051
7063
2089
6832
2257
1520
6603
2027
845
1425
845
6799
7265
2035
1500
1462
1486
888
934
7402
6927
7016
7665
1970
1531
1490
6700
2069
1532
1411
1487
1467
1467
1501
6976
2095
6749
1990
1396
1445
871
6800
7239
6846
6675
6682
1946
6349
7082
6889
6762
7122
7218
7252
2120
6513
7188
7490
7448
1965
1547
6785
2088
1520
6350
2087
7085
1895
6335
6852
7478
6565
6782
7647
7204
1893
1517
7041
7496
7948
8228
6959
1873
899
1504
904
6200
7557
8141
2015
1608
6804
7200
7179
7362
1967
7046
8196
7421
6921
2039
6341
7435
2005
1456
6252
1826
1475
1391
1532
6861
1933
1486
1502
1480
1413
6877
1816
881
6280
1922
1469
6410
7059
1930
6788
1938
1633
1452
7166
7627
7610
7249
7398
2066
1515
1459
863
1382
1478
6939
2035
1486
919
6552
2161
6279
7026
6992
1997
6726
1892
7034
2112
6840
2143
6779
2039
6516
6903
1918
6821
6811
1867
6337
1860
923
1484
6463
7002
6986
7225
7524
2089
6750
2080
7029
2027
6622
7575
1996
7030
1925
6682
2137
1474
6452
2133
6997
1909
6397
6912
7538
1934
6235
1934
923
6251
7429
7107
2032
989
1449
6685
2110
6873
7538
7361
7846
6594
1854
7026
1856
7050
2075
6841
7312
7340
2084
7709
2172
6877
7625
2142
983
1422
1498
1467
1555
6766
7102
6885
1922
6239
1901
835
6000
7432
1962
6367
1956
6401
1897
1505
6360
1943
6677
7385
1995
873
877
7125
1996
6975
2097
6810
2025
6544
7500
7395
6992
1997
1512
6178
2501
1041
7038
1943
6712
7339
7695
7255
2100
1492
6909
1900
7968
7607
7411
1910
6168
1959
6439
6968
2003
938
959
7015
6855
1951
6866
1863
1525
1614
6782
2026
6584
1981
6531
8027
2023
1412
7021
2046
6910
2005
914
933
6810
7682
2074
1457
6213
6922
6962
1849
6241
1908
6146
1983
6325
6802
2033
1438
6654
1923
6920
2060
6993
7702
2140
7584
2097
1044
6341
6708
2105
6309
1845
6811
1830
1448
1482
6939
2070
6671
2137
959
6606
7377
2005
1425
1523
1513
1527
6968
2030
6865
2035
6873
1936
7283
7254
6749
1982
6217
1941
6129
1992
948
896
870
6964
1969
6319
6716
1937
6579
7132
2011
1585
7183
1969
1425
7000
2116
6854
7354
2075
6885
7859
7072
7643
7549
7025
2028
1516
6733
7459
8369
7414
1984
844
1402
1533
1455
1473
6692
6818
7419
6488
6697
6966
6958
6908
1919
6873
7555
7405
7315
2014
930
6696
1984
1579
1463
1479
1376
1408
6915
1989
7024
2097
933
1480
978
1466
6986
2075
1413
1390
1509
953
1571
6380
6935
1928
6643
1951
7122
1970
1470
1426
1601
1384
1398
1519
1471
1535
954
986
1492
7040
1942
1588
1510
1447
6738
7011
6872
7109
7402
1995
1477
1477
1523
1624
1474
1494
920
6927
7528
7953
1978
6915
1927
885
1432
1594
7045
7355
7579
7344
2640
1580
6730
2149
6584
7429
8056
7789
2111
7003
7146
6898
7415
7241
7338
7721
1949
1516
1452
6207
1846
6360
7218
7541
7815
1932
7009
7505
7279
7418
1951
1451
6738
7850
7001
7692
7647
8061
1947
1489
1501
1494
6890
2032
6986
2072
7541
7320
7762
6874
7295
6803
7052
1956
1450
1478
6345
7062
7082
7257
2087
6657
1972
949
1496
6606
1992
1040
6669
1987
1432
1519
856
865
1507
1609
1385
1515
6911
2055
1529
6882
7365
2060
6390
2100
6203
1841
1394
1431
905
958
913
1506
6450
6858
1999
864
1591
1703
1519
6968
7278
7491
6731
1978
854
1410
7557
1970
1699
914
1620
1483
6873
1987
1399
860
1581
6970
2030
1468
7295
8022
1985
6274
7701
6970
7456
2026
6677
7428
7216
7312
2038
1525
7037
7469
7439
6958
6851
2141
1457
6170
1905
6109
1809
6864
1874
6422
1883
1468
1455
6458
6727
7079
2159
11701
7647
2027
7276
7546
7292
1954
6746
2045
971
887
6846
1969
6490
2123
6258
1873
6427
1999
940
6675
1974
7530
2006
1513
6905
2191
6875
7530
7232
1931
6402
1955
893
957
6061
2031
5987
1811
6282
1925
1482
7145
2044
7016
1998
6301
7354
1893
7013
2031
6653
2010
917
1455
6641
2038
6666
7448
2100
1507
937
7022
7306
7718
2020
6207
1903
1536
1510
6611
1856
6504
7104
6616
1904
7242
1826
967
1495
6497
2015
6555
2041
928
6801
7386
7702
7278
2080
6247
1928
1448
1486
6416
1964
6186
7409
1908
1384
7079
7419
7982
2121
6769
7493
2061
7078
7579
2049
7349
7085
6792
2043
6726
1899
6254
1883
841
1464
916
1467
1499
936
7066
1977
6477
9810
1385
6637
1999
1539
6867
2034
7023
7525
2035
6837
2011
1421
1542
6904
2038
6709
2050
966
6893
6900
7612
1946
883
1395
850
6301
7022
7502
1950
6857
2106
6724
2679
1435
6744
7465
2009
6352
2071
6224
6656
1957
6356
1996
6572
6896
1991
820
1453
6331
1889
6704
2038
7599
2298
955
6572
7102
7296
7414
2052
6970
2133
1461
6743
2093
6451
6759
1999
1483
6722
1887
6492
1902
6976
1895
6028
1976
6301
1990
6455
7324
1978
1486
7005
7489
7747
8111
6968
1969
1420
6323
8331
1898
6841
1858
7012
2047
6583
2113
1523
1499
6679
2059
6781
7549
2144
6852
2129
893
6916
1950
1420
6589
7112
1859
6257
6642
1892
6982
1948
961
950
1496
1443
1467
2097
1512
1437
1449
1433
1450
939
923
1450
1536
1486
7068
1878
6342
6972
1925
1418
881
937
1403
1523
1531
1427
6675
1949
902
1454
1387
6707
7546
1920
7164
7665
7449
7545
7902
7762
7518
6854
7012
8122
7441
7466
7498
7099
1991
6377
6523
6448
6746
7078
7752
2027
7091
7318
1957
7013
2132
6724
7354
8282
7528
7539
7495
7329
7067
6976
7032
7739
6564
6705
6803
7114
7322
7470
2058
873
1382
1614
1520
7010
7830
6851
7429
6977
1902
6769
7296
2166
833
1482
6774
7175
2077
6853
7842
2128
901
1650
1477
871
7021
2110
1398
6842
2019
990
1607
1401
6724
2120
1549
1527
1589
1471
6263
6746
1874
857
6123
1881
6101
1884
6346
1933
1494
931
1510
1464
1545
1478
6439
6818
1984
1420
1513
1447
1495
1497
7429
7344
7705
7666
7421
7192
2059
6745
2039
1522
863
1407
1426
1445
956
1499
1534
6851
2056
6347
2122
920
1503
949
6272
7072
7778
1866
6743
7402
2191
6796
7512
7142
1952
1024
6240
7542
7378
1956
922
1501
6326
1990
1645
6425
2007
7202
2010
6303
7111
7289
7365
7246
7202
7395
7505
7371
6986
6772
6846
1873
6466
1930
6227
6555
1843
880
6617
6872
2027
6628
1974
6997
7542
7765
2102
6878
7688
6855
7642
1939
7019
7262
2055
1429
6638
2029
841
911
1523
6763
2614
1370
1560
1501
1538
899
909
6994
2010
1403
1404
1445
7014
2079
6845
2080
6963
2203
9586
2086
7428
6886
7333
1874
1499
1469
6733
1874
1423
6828
1828
1365
1484
7110
2007
6274
2110
6537
7262
2122
927
7075
1983
7037
1968
6990
1982
6658
7346
7436
7137
7776
6981
7262
2147
6746
2033
6921
2678
7166
7568
7172
1951
6418
2045
6216
1979
6167
6828
2025
1014
1441
6390
1903
1455
6308
1857
925
1022
7146
7241
7522
2126
6637
2093
923
6655
7232
7658
1990
1529
1507
6798
2006
6744
7175
7829
1829
6533
2077
6461
1901
6386
1995
6899
1966
6290
1890
940
6204
7152
1964
1436
871
1523
1467
938
2050
6670
7492
8497
2098
7215
2124
1442
6471
7385
1981
979
1423
6855
1816
6978
1848
882
7084
2080
6608
2067
1491
6890
2053
6776
2032
7148
7825
2072
7071
7959
6929
2668
1458
1512
7034
1907
6745
1870
6992
1879
6379
6942
1902
920
6515
1928
6659
7304
7760
2041
7270
2108
6729
7142
1982
864
923
7011
7658
6962
7062
1913
6449
1977
6837
2018
6745
1879
6897
2101
6667
7358
7227
2003
6404
1989
928
889
6117
6598
1895
856
6479
6912
6875
1966
6194
7228
7178
2088
6601
7192
2070
1494
6662
7733
2072
908
6925
7422
6955
6856
1897
1673
6406
7722
2008
1470
1431
6979
1922
1432
982
6001
1977
7109
1961
1543
6296
7209
1962
1536
1539
1467
897
6963
2029
6897
2027
7218
2192
6941
2120
6311
1996
7035
2047
7125
1964
6874
1906
1516
6916
1962
6949
7335
1955
6813
10060
2105
940
7049
2066
1496
6788
1984
6703
6935
1906
6304
7261
7454
7401
6917
6692
7328
8056
7511
7562
7558
8336
7743
7660
2113
7310
2101
1449
6187
7505
7035
7281
7642
7532
7472
7208
1968
6450
1921
6772
7191
1858
950
7069
1961
988
1503
943
1411
1371
1379
913
945
1530
1576
1525
1502
1548
6707
1983
845
820
1369
1455
939
7120
2056
922
7074
1983
6850
2160
1433
1500
1466
1539
1346
1415
1444
1506
961
1453
1487
1525
876
879
1447
900
6924
7339
7632
7212
7476
2067
1428
1589
1540
1489
7103
2283
910
6952
7093
7055
1922
6489
1875
840
6326
7482
7217
7475
6980
7412
1891
6791
7665
7589
2009
937
6799
7628
1972
6377
6888
7372
7308
7356
2126
6612
2006
6860
7756
8692
2026
7147
2076
6528
6865
6565
6596
7472
7534
6823
1942
1553
6336
7389
7287
7646
7648
7509
2031
1490
1429
1496
1524
1453
6840
7305
7409
7622
7091
7012
6852
7338
7456
7714
7436
2096
7501
7603
6910
6576
6836
6922
1951
1473
1397
6315
1950
1508
6402
1952
1499
1374
6713
7232
2076
1525
939
6705
7215
7265
2028
6946
7646
1950
6793
2025
6605
2006
865
1460
1496
1495
921
878
6186
6931
1854
1506
6492
7395
1981
6089
1863
870
6480
6962
1941
6625
1908
1635
925
887
1453
1469
818
1493
1444
911
1502
7068
2031
1369
6947
7895
2110
9671
7013
6749
6772
1951
6737
7263
7481
7276
7332
7602
7363
7542
7075
6891
6670
6589
2058
6067
2122
6108
1882
6565
1863
6255
1912
1401
1424
6555
7439
7562
2028
7056
8147
2089
6731
7260
7374
2077
6391
2088
1406
1630
6346
7072
10256
1824
6851
1899
6813
2051
7067
2074
1420
954
1476
920
7029
2217
6490
2014
6222
1946
6109
1908
1491
1575
6668
1956
6286
1924
6572
1924
1495
6197
1917
6866
1944
6851
7552
2067
6643
7252
7506
2044
6760
2017
6896
1913
6904
6981
2035
937
986
6526
6872
7218
1982
7042
2039
1602
855
6043
1983
6300
1895
6535
1920
6535
2096
6670
1952
1384
6821
2034
971
1467
7189
8109
6907
7522
7388
7271
1999
929
1419
6949
2010
6803
7182
1970
1460
6869
7646
7508
2161
6851
7369
2627
7079
1961
6976
1981
6788
6854
1955
6979
1534
6503
1927
916
6405
1875
1418
1457
6660
7489
7579
1980
7094
2150
6756
2083
6530
2008
6660
2029
7231
7143
7675
1859
1545
1495
7011
1895
838
849
918
6559
7482
7514
2084
929
1446
1522
7030
7678
7280
1986
6381
1901
6879
1883
6227
1898
6385
1959
1498
1473
6452
2043
7130
2038
1574
6953
7281
2099
6815
2071
7448
1984
841
824
7341
7361
2034
893
6787
2069
7157
2027
6733
2100
6281
2120
886
6235
6842
1990
1527
6595
6645
9397
1926
7206
6774
7235
1943
6744
2012
6922
7642
2055
1513
6677
7721
7005
7718
7180
1949
7143
2080
6727
2108
6722
1989
6728
1926
6945
2054
6851
1955
6723
2015
6541
6849
2026
6263
2454
1437
5999
1939
1545
6897
2046
1515
6257
7132
6798
2017
898
1451
1400
6558
7235
2043
1649
938
1527
907
7143
7769
2033
1568
1530
6827
7419
7533
2060
7006
6986
2016
846
1459
1483
947
6989
1980
863
1406
839
1609
7249
1836
914
1444
1440
1433
6644
7499
7425
7699
7445
7179
7224
7276
1921
6142
6709
1970
6699
6848
7666
7581
7332
2126
6727
2166
895
6642
7238
1993
905
7033
7552
7611
7140
7673
1905
6512
6988
1966
6237
7640
1923
6137
6882
7087
7296
2159
1487
1448
873
7189
7792
7402
7608
6665
6692
7215
7565
2080
6872
7176
7445
7998
2161
6873
7481
7576
6938
6606
2606
6868
6631
1845
6319
1851
898
1580
6355
1955
1611
939
1409
1407
1394
6324
1951
1522
6721
7352
2057
1457
1480
1556
1501
7263
7582
2103
1673
926
6775
2019
1480
814
1482
881
6667
2111
1043
875
805
6597
7422
6962
2775
6312
1979
1532
7271
1879
1391
6387
1911
7123
1946
958
1561
1531
6861
7465
7546
2036
1510
1435
841
1615
979
6496
7016
6662
6542
6822
1903
6611
1903
6940
6951
7162
7212
2042
6711
7238
2039
1594
6614
7435
9060
2043
982
859
1426
6856
6980
2014
6229
1944
7133
6975
6662
6538
1927
6314
7133
2029
6630
7302
2041
1463
6880
2077
7172
7339
2057
7126
7098
2138
6154
7217
2133
6701
7435
7362
1990
1408
1465
6151
7655
7405
2181
7002
2059
6706
2058
1477
6212
1970
6189
1891
873
6134
1825
975
1485
6067
1881
1424
1426
1691
1455
953
1436
7679
1848
6483
6707
1957
6572
7550
1968
7006
2069
7014
2088
1706
6826
2071
6957
2003
1460
6852
7382
7058
6996
1932
6521
6992
7568
1977
6851
7502
7695
2202
7369
6844
1963
884
6418
1935
6681
1890
947
947
6407
1937
6443
6832
1910
871
6874
1877
6805
7682
2048
6604
2081
6978
7231
2021
1415
1469
6729
2004
6863
2031
6771
2109
6389
2134
934
6297
1855
1412
6476
2013
947
1466
1515
915
969
6770
6704
6666
6725
6878
1874
1432
1606
6553
1975
6672
2135
6902
7579
1995
859
7361
2089
6360
1996
1520
6866
7488
1919
6730
7435
2046
1430
6606
2051
6559
7342
7646
1963
974
6910
2155
1485
1441
1467
999
1544
6830
7146
2040
1491
6255
1957
6083
1915
6713
2024
6214
7396
7031
1943
6330
2051
6617
7399
2166
1531
882
1413
1441
6957
2662
1590
1404
7238
7386
7892
1969
6699
1982
7058
7812
7019
6942
7872
2009
6999
7408
2102
1038
6838
2064
6759
7247
1943
6381
6882
1872
6825
1884
881
6307
7868
6957
6736
1961
1532
6777
7185
7241
2550
1572
6787
1995
6807
2105
6953
7536
7472
2043
6281
2130
1634
873
6329
1975
6410
1817
1497
994
6598
7414
2000
6070
1939
6232
6757
7296
7412
7796
1958
7266
2087
1468
1524
7367
2085
1467
6460
6825
1940
877
6304
7279
1900
7061
2068
990
6614
7448
2120
6957
1981
6982
7336
1978
1570
6699
1909
934
7310
2038
6320
7248
7591
6605
1920
6382
6872
1889
6175
7366
1941
1487
1488
6669
7555
7552
7612
2142
940
6788
7516
7742
7002
6862
1898
864
6326
1870
6415
2034
1541
1653
6977
7616
2112
6899
2000
6970
7109
6937
1893
6033
7172
6681
7228
6819
2108
1501
1527
6283
7395
7345
2052
874
883
1432
983
1500
1470
866
6828
2050
845
6663
1944
947
1493
1473
7361
7355
2218
1472
1596
1496
960
7004
7523
2120
880
1418
1404
930
6396
2076
6253
7077
1981
1468
6519
2002
1556
1493
1484
6392
6595
6645
6911
2032
1374
1357
934
1464
1557
1541
1497
6460
1957
1413
1407
827
6834
2075
999
1402
6967
1988
6936
2007
1465
7654
2043
6381
6736
6670
1919
7120
7408
2108
6709
7257
7586
7882
7652
7487
1991
1454
6825
7555
6754
6482
6619
1904
953
6338
7591
7111
2053
6600
7250
7792
7702
2103
1492
6704
7198
7227
7379
1994
1414
1642
1545
1600
7211
6941
1920
6600
6938
8155
7354
1983
7168
7646
7187
6922
1933
899
1514
11278
6807
6802
1982
6478
7580
2031
897
1396
1457
836
965
1461
1417
1427
4261
1510
1556
6202
1996
921
6728
7290
1996
857
843
1554
917
6638
2098
1474
852
6516
1961
6756
1979
1718
1482
1466
6834
2017
872
6968
1994
963
6875
7196
2156
6857
1971
1426
6356
1925
1404
7211
1944
1478
6218
1961
1493
1536
6764
6991
6727
1989
1480
1491
6769
1997
6855
7522
7725
8313
2091
6281
1900
6327
6939
1889
6717
7426
7365
2004
6542
7382
7939
2105
6756
7362
8052
2060
6282
2156
1511
6280
1948
1420
6209
6589
6592
2528
6491
6719
2047
7295
7445
7532
7906
7481
1993
1432
805
6705
2036
1470
958
6707
7429
2088
870
6419
2085
874
6332
1918
1390
6610
1954
6573
7447
7396
2098
6939
2039
912
6851
7044
1982
6485
2033
944
6098
2003
6165
1906
1391
6400
6975
6808
1901
6201
1867
7026
1926
7022
2108
6879
7288
2033
6617
7615
2053
6939
7311
7043
7869
1870
6417
1875
1460
1501
1457
1423
6676
6798
6650
1865
6145
1848
6330
1959
985
6559
7382
2064
6899
2078
6893
7322
2172
1425
6386
1948
1391
979
6452
1967
6783
1835
1471
1428
6828
7402
2092
976
6650
8394
7315
7452
6900
2980
946
1400
6903
1973
860
1505
7563
2036
6416
2038
1460
936
6221
1897
1476
1548
1426
855
6744
7524
7408
6976
1843
6415
7077
8146
2016
1584
1497
6936
2032
7156
2125
917
805
1660
1432
6672
7262
2117
6882
9996
2068
6356
2599
1429
6986
1885
1639
6346
1942
6453
8229
2005
1504
958
871
6887
7558
1991
955
1482
6779
7462
7802
7331
2005
6127
1950
1473
1399
6433
1967
6450
6225
7628
1948
6752
1882
6786
7162
7102
1993
860
1613
914
6701
2076
6792
2097
6960
961
6999
2042
877
812
7002
2007
7108
6394
6625
1963
6154
7337
2003
1448
6382
1914
7055
7241
2010
1504
1459
1507
6751
2040
838
1427
6970
1927
7149
8084
2151
7227
1538
940
6357
2040
6363
1863
887
6722
7542
2025
1619
6656
7285
2019
1636
844
1408
6751
2003
1532
1524
918
967
885
6996
7578
1972
6688
1952
6635
6926
7429
2002
6404
6555
1984
6199
1895
1445
1476
952
883
6307
1969
985
1476
861
783
974
877
956
887
6375
1938
927
6549
7272
7532
7566
7564
2103
6840
7573
7722
7761
2072
6398
6819
1942
1398
1380
1381
893
7283
7477
1973
978
1525
6955
7619
7522
7915
2023
7072
1882
850
6128
6589
6708
1887
6444
6882
6845
1966
1477
1445
6863
1882
1477
6854
7388
7432
7202
2045
6845
2036
7107
7780
7132
7012
2009
6563
7672
7411
7271
7327
2105
6381
7110
1935
1479
1417
940
1446
6687
2075
1583
894
870
2098
1581
1623
1458
885
6871
7581
1960
1485
1532
932
1493
7428
7545
1936
1391
1585
6202
1887
1443
910
1422
1412
6925
1965
6934
1989
1500
1546
935
6986
2023
6894
2054
1478
7489
2028
922
7042
2035
7457
2136
1438
1365
1541
7078
7748
7473
2690
1472
1503
6181
1942
1414
6053
6531
6609
6595
7160
6807
8064
7270
7641
2025
7122
7422
2103
6610
7209
2162
906
6730
7889
6924
7269
7745
1890
6850
2002
6866
7511
7746
7186
6919
6709
6728
6846
1906
6493
6736
1901
6908
7425
1939
1737
6989
2119
6595
7177
2113
6718
7399
2029
6994
2009
1529
6747
7702
7031
1918
6496
7102
6688
7279
6677
1963
7081
1961
6635
1910
1450
1572
1457
6955
2166
991
6937
1967
1614
1486
7181
2128
6746
2104
1420
1402
870
896
6414
2147
7038
7433
1943
6744
7625
2134
922
6649
7489
1950
6878
7739
2008
6768
2037
6743
2028
7465
6387
2014
2004
6981
6624
6519
1887
1522
6265
6902
1995
6321
7269
1937
6872
7747
2048
7005
2101
1421
856
6856
1976
6730
2047
6794
7392
2080
897
7100
7098
7135
7055
7446
7475
2082
848
1398
1481
6985
2118
6836
7109
2019
1490
6265
1976
1462
933
6137
6622
6769
2104
949
1450
7236
1944
1435
6199
6752
7332
7572
7274
2012
1436
1489
6598
2039
6701
1985
1430
6747
2038
1501
1565
975
6794
1995
1450
1678
7044
2045
6679
7675
7724
1987
6540
2039
6434
6638
6722
1965
1463
874
6409
1868
1453
1786
1625
899
6609
7309
7495
1923
7129
2025
6537
2059
6478
2017
6236
6732
7269
1974
6987
2063
6597
7412
7356
1985
869
6928
1977
10081
2116
950
1508
6885
2017
6541
6855
7485
1883
6062
6692
7445
7194
1915
1527
6241
2002
6660
1999
6944
2225
6942
1975
6992
7318
7295
1975
6584
1964
923
6777
6953
6939
6762
2037
945
6472
7532
7575
2077
1529
1392
1442
6722
7372
7171
7702
7374
1957
6088
2012
1441
798
6380
1896
6507
1948
1522
1519
6988
6943
1932
6806
1892
7001
2065
6669
1968
6552
1984
6654
2096
6764
2031
7008
1998
1501
6842
7718
2081
1516
6233
7665
1937
6500
1938
896
6125
6617
6730
1928
831
7199
7372
1921
958
1499
951
1512
6885
1978
855
1624
7068
7740
2152
6708
7732
1964
6310
7271
7181
7398
7261
7266
7347
7508
7386
1976
6808
7142
6975
1896
864
6071
1926
961
6903
2004
6102
1958
869
835
6186
1871
855
6422
1964
6390
7946
7517
7482
7666
2089
6805
7342
7562
7867
7856
6931
6872
7759
7550
1930
7094
7569
1983
1468
1548
874
986
7017
2127
830
6538
2036
6189
1908
1517
6758
6475
6692
7148
7019
2029
1480
6341
7448
7582
2113
887
1406
1456
6848
2157
6663
7206
2037
1538
6783
7643
2024
6882
2068
6401
10446
6595
7732
1932
6284
6598
6656
1966
957
1487
1404
6377
1949
1468
1397
939
6667
1992
1527
1445
1471
1533
6765
2139
935
6994
2121
6927
8016
7587
2072
6175
6662
7312
7495
7334
7260
7384
7799
7476
2030
813
6789
7298
6829
6561
6516
1951
952
6115
7392
7635
1922
6537
2043
6638
7669
7627
1978
7090
7569
7265
7254
7452
7054
2055
6326
1963
6442
7003
1968
6891
7422
2072
6895
2013
6930
7045
7036
6672
1886
849
973
6178
6832
7715
2019
7074
6711
2035
1485
1428
1422
888
871
1527
1477
1357
1484
1582
949
1640
969
925
6642
7252
2047
875
1462
1529
932
6673
2082
1437
919
885
1632
1522
1492
1423
784
1440
6537
2162
937
6696
2023
914
6775
7522
1973
6751
1976
875
7179
2039
967
6841
2009
6333
7025
2104
1485
1479
6894
1999
6087
1931
1503
6218
7562
2005
6643
1947
6850
7558
7726
7622
7777
6815
6547
1912
7531
6927
7612
2006
6759
2124
6819
7438
7235
7232
7202
2069
7215
2055
1503
7029
1974
854
6186
7479
1896
1667
6661
6771
1913
6543
1957
6600
1860
6644
1995
948
6757
7596
2112
6767
2099
7028
7498
2040
1455
7064
1957
848
6563
2147
1516
6983
1964
6265
6822
8088
7731
7742
2096
1466
1452
6658
7779
2030
1492
985
946
929
836
1406
922
6400
7695
6707
1943
6378
1922
6294
7476
7371
1939
6686
1994
7199
2035
6781
2025
1659
6852
7305
2025
6829
7362
1967
851
1562
929
1472
6891
7176
6702
1948
6263
1976
6457
6668
1941
6893
7127
1830
7218
1901
6755
7289
7218
1974
6968
2114
934
1521
7348
2057
7279
1991
1574
907
7061
6451
7158
1961
7110
7655
7369
7722
7230
2011
1431
1431
7055
2139
7501
2188
6412
2020
6545
2050
943
938
6489
1946
6187
1925
1516
1513
6224
6552
6872
6938
1881
6705
7142
7422
1971
6845
2055
6792
2043
6725
8271
2214
938
1445
1432
7234
1989
7315
2092
6104
1824
6879
1942
6240
2031
6815
2017
7183
7378
7139
7092
1940
1481
1526
1625
6532
6875
1971
1534
1425
6523
6952
6706
7428
6561
7178
1862
1420
909
6969
2151
6779
7422
7264
2043
6772
2036
6854
7552
7018
2031
810
5984
1902
6239
2055
6272
1984
7563
1960
6950
1939
6726
1363
6664
1967
831
6842
1896
1429
6610
7456
1966
6987
7318
2115
7214
6789
2221
1504
1511
6122
7171
1873
1557
7474
7445
7529
7515
7381
2181
6662
2001
6557
1920
1536
876
943
967
1524
932
6458
2040
866
7307
1896
6216
7422
1893
1474
960
1369
6209
7329
6674
1880
1591
6440
2007
6634
7049
2045
6959
2045
6815
2049
1444
6939
7492
7749
1990
7209
7749
7412
6631
1875
6301
1997
1483
6717
1986
7260
7480
2049
937
1455
1524
6791
2010
6647
6969
1950
6293
1893
935
6313
1859
6369
6832
2060
909
6258
2006
6090
7382
1973
1456
865
1382
7097
2008
6896
7535
2152
6612
2052
2055
1549
1542
6801
7578
2114
7127
2131
1459
6532
2088
6140
7091
7406
7461
1960
1399
1450
6208
1927
948
6463
1991
6867
7122
7092
7313
2055
6912
2197
922
6473
7739
6851
1991
1552
1441
1475
1435
6978
1842
6766
1969
6969
7579
2098
6708
2032
6984
7625
7430
2110
1470
6662
7215
2020
6316
1862
902
937
1532
7067
1934
6359
6625
1821
6940
2114
1559
6240
6954
7232
7145
2090
6851
2050
6927
8106
2057
6715
7478
7682
1960
845
6450
2031
6179
1956
983
6253
1955
6358
1955
6732
7599
7487
7229
2004
6586
1940
1552
1500
6541
1941
6277
1881
1421
1411
1544
6523
7105
7539
7391
2006
1504
6778
7015
1971
1462
6880
2004
6815
7342
7381
1957
6731
2013
888
1527
6771
1983
7129
7232
7552
1855
6348
1957
1559
1007
6256
1993
6080
7445
1859
881
838
6621
7042
7202
2017
7437
7384
2008
7194
7963
2085
6555
1982
1521
6361
6556
7221
7376
7525
7502
2027
835
6855
2033
6934
7318
2079
6539
1996
1371
891
836
6343
2058
6492
2017
6437
6769
6682
6493
1878
1520
1463
1393
812
6384
7036
7172
7822
7461
7471
2206
1554
6923
7472
7632
2059
1427
1390
1533
1501
7161
2101
7240
7561
1937
823
6210
6895
1926
7463
1856
1435
928
1504
7172
7556
7297
7126
2163
979
871
850
6422
7722
2000
7077
1886
1469
1399
869
1494
6495
7487
6825
2091
6018
7212
7746
7457
7621
2046
1475
965
1444
7069
9691
7322
7515
2018
847
6616
2044
6059
1899
6300
6801
2081
1427
1370
1508
6193
7588
6955
6921
1939
914
1447
1492
6676
7152
1903
1397
7622
7297
7876
7883
1953
6865
6461
1901
1533
1484
6998
7738
7746
7742
2061
977
6807
7538
1990
6840
7395
7066
7784
7075
2755
1493
6287
6696
1921
1345
6057
1882
6451
6962
1859
6700
1984
913
1529
947
6703
7326
2045
6805
7432
1988
6890
1949
6954
7778
7117
7493
6278
1888
909
1508
1386
7175
1376
1554
7589
1967
7080
7478
2053
934
1553
1396
1391
6690
7196
1971
6514
6980
1900
6979
1924
1462
6497
6762
6682
2019
900
6270
1891
1685
1568
1463
6649
7302
1961
6758
2085
6731
1969
965
920
1457
6714
2081
6778
7529
7609
7838
2116
889
6203
1873
857
922
6185
6755
1948
1515
1348
1536
6832
1953
6167
7169
6912
7307
2014
1489
6716
7362
1975
1425
7071
7296
7208
7726
6551
7152
1814
10918
1313
906
6819
1570
6777
7581
2035
1593
923
875
6809
7288
7289
7205
2055
6562
1938
1476
6214
1907
1476
6282
6579
2023
6083
6703
2009
6461
2013
1455
7025
7872
7371
7567
2190
1494
867
6977
7458
1997
7271
7995
2094
6593
2095
6042
1973
6173
6825
2003
1620
1604
7622
1980
1023
939
1496
7146
2029
6814
7564
1945
6706
1998
919
6609
6740
6682
6857
1975
10710
1995
1550
6930
2098
6801
1888
1670
6756
2072
7082
7576
7514
1985
6642
7370
1945
7067
7745
7386
6908
1921
6607
1856
987
6203
2166
6157
1963
6239
6845
1999
1462
6700
1955
6575
7219
2019
6702
2097
1506
1511
1533
6796
7999
7108
6778
6572
7359
1896
7064
2120
1590
912
1548
6878
2109
6753
1920
829
869
952
6977
7744
7398
7530
7079
2119
6517
1966
6958
6921
1951
6157
1911
1389
1487
1484
1481
6698
6701
1819
872
6545
1948
6766
7251
7416
7579
2066
6695
2104
1454
6976
2101
6947
7558
7798
2114
892
1431
6115
1876
6274
6752
7195
7955
2039
1527
1506
6769
2130
1551
6745
2072
6469
7012
2032
7117
1944
941
1428
844
6302
7055
6892
1887
6833
6597
1941
1487
6633
7399
7572
7522
7357
7259
2046
932
907
933
6815
7838
2180
1520
7332
7385
1866
6163
6745
6682
1897
6837
1844
6570
6969
7198
7222
7556
2055
1489
948
1452
892
7115
7352
7962
1936
6405
2096
1426
6076
7292
7416
2020
923
1024
7010
2129
1387
6788
2071
1620
6926
2056
6827
7355
2117
1459
1434
1378
864
946
6710
6982
2070
7378
2046
1474
6338
1995
845
7128
6515
6422
1937
6266
7062
1995
1473
849
1434
7516
7091
7342
7476
7440
7475
1954
949
1489
1469
1511
1525
7113
7812
2008
1382
876
908
6430
6939
6771
6832
2032
6812
1928
1381
7095
7752
2148
1416
6713
2082
7425
7030
6912
6638
1941
873
790
833
6540
6840
6662
6675
1898
916
6825
1934
7320
7464
8388
7255
2062
962
896
1435
6679
2067
1514
1501
1424
878
6755
7462
7345
7502
1883
1513
1465
905
6271
6778
2000
7002
1968
6231
1981
851
6489
6884
7099
7082
7239
1951
1445
6933
7136
8144
6725
6467
1941
1489
6755
7572
2008
1608
1494
963
6992
2077
6849
7422
7399
8222
2147
824
1390
1415
6768
2027
997
980
6480
7225
2124
1509
1623
1479
6367
6685
2066
6214
1942
6158
1851
6676
1852
6622
7215
1967
6667
7449
7552
7292
7405
2050
6943
2038
1472
7017
2115
6462
2077
1422
1380
1421
904
7168
6581
6862
7276
1977
7102
7308
7250
7172
2558
1431
1543
6603
7737
7660
6898
2024
960
6269
1938
1433
6880
1905
6048
7148
2022
1410
931
7052
7465
2155
6770
7465
7279
7562
2044
1498
7014
2062
6358
2193
6759
6690
6866
6649
2069
6158
1942
1509
855
1410
6570
7068
1935
6635
7154
2026
6744
2121
7070
7267
2081
7480
2008
6912
2008
1428
840
6795
7040
7739
1999
1477
6812
7718
2053
1483
1601
1505
1436
6876
7302
2141
7489
2074
6576
7121
2008
854
6575
6812
6936
7304
1980
889
878
996
6721
1976
6267
6964
2003
6979
7256
2022
1438
6904
7442
2762
6828
2134
7183
2030
1331
1440
7115
2008
7296
7754
6799
2093
1512
6193
6842
2015
6695
2006
7339
2306
7057
1997
6571
7236
7998
7421
1884
6979
6875
6882
1943
1473
6228
2061
6085
7314
1904
6983
7665
2074
1576
1492
6959
7272
2025
6759
7478
2105
7227
2068
6516
2013
824
6151
6887
1895
919
6205
1986
7018
7444
1895
947
6529
1959
6651
1962
6595
7192
2065
6634
7472
7875
2096
1436
1428
858
1377
6479
2011
1473
6527
1945
6639
2191
6759
7521
2096
874
1441
882
6884
2143
6882
2047
1429
7035
7812
7612
7545
7139
1987
1494
6514
7528
7598
1895
6254
6528
1921
1464
6117
2018
6512
1976
6713
7226
1979
904
6852
7592
7468
7422
2045
1498
6921
7732
2069
950
1444
947
1576
6422
6681
1994
6362
6758
2084
6669
1877
1424
7111
7555
7212
7355
7032
7202
1891
6262
6912
1954
6930
7384
6679
1945
904
949
921
6556
1870
832
6932
2212
6765
2056
6934
7258
2163
1406
1387
6625
2003
1493
1029
6812
2083
1438
825
886
872
7034
8087
6631
6722
1911
922
866
6267
7423
1963
888
6210
1852
1602
1459
6736
1940
1480
907
824
988
1084
901
6766
7515
1970
933
6764
1983
872
956
6825
2089
957
7046
2182
1377
1522
6559
7384
6867
6622
7212
7452
7502
8151
7441
2009
6814
2081
1516
6692
7279
6915
7226
6862
6868
1892
852
6084
1850
10382
7612
1876
6398
1969
906
945
942
931
836
6765
2627
6632
7482
7542
2086
6731
1998
1371
1464
847
6888
7609
2028
6972
7166
6852
1943
6700
6832
7232
1947
7280
2113
909
6910
2065
6909
1969
6725
7095
1942
846
7304
6977
1934
1429
1447
1722
947
1473
908
6403
6845
1978
832
846
854
905
912
6172
1963
6827
1972
977
1393
1519
1540
6752
7836
7675
2021
6896
7226
7222
7432
1951
7083
1987
871
1566
6629
6708
7576
2004
1488
1502
7029
1962
855
1455
7032
7414
1921
1467
948
1488
1423
6686
6883
7149
2015
1493
974
6528
7228
7380
2058
7198
7938
7503
6561
7199
7632
7432
7567
2020
1391
1418
7870
1994
6758
7492
2099
1534
6634
7055
7106
2043
6300
7122
6712
2122
1469
1418
6850
1953
6507
1899
9830
1728
6800
1893
1396
6654
2055
947
1505
977
6780
7554
2124
6618
7386
7488
2050
885
7104
7842
6944
6589
6848
8139
1913
1417
7120
8475
2054
1484
1432
1408
6580
7299
2192
1470
940
921
872
1385
6638
6789
1999
6259
1880
6542
1934
1505
6406
7422
1978
958
1508
6949
1888
1524
1552
1480
812
6843
1853
7181
1978
955
6756
2039
1463
920
6788
1992
6691
2008
6651
7548
1956
853
6950
2037
935
1498
6524
6827
1884
1533
6971
1934
6269
2017
6096
7448
7737
1976
6553
1968
6831
7142
1940
1384
6762
7498
7950
7201
7475
6578
1938
6666
1891
7158
2070
991
6888
7413
2060
877
852
6893
7348
7299
7225
7775
7162
7494
2581
1495
7026
1938
866
6830
6524
1908
863
6572
1919
6442
1978
7651
7127
7342
1985
6736
2126
913
6985
7582
7805
2100
7517
7012
1978
6118
1910
6085
1883
6490
7296
1996
1527
1420
1481
1550
1516
1451
7193
7468
2066
7371
1984
1440
6719
2008
885
6469
6802
6692
1937
932
7109
1976
967
6343
1961
6259
2060
1460
6144
1899
1334
6827
7642
2038
6935
2067
1487
6880
7212
2069
6640
2109
6922
2165
990
7107
2127
869
898
7357
6778
1956
1473
6471
1909
1414
7038
1993
6203
2022
1532
1518
1479
865
6363
6945
7519
7258
7092
1953
6736
7635
1976
872
1560
933
1499
6839
7153
2014
1413
1511
6140
1963
5990
7386
7422
2108
6868
2052
6712
1966
1390
7083
2006
1474
958
917
1485
7030
7492
2017
1385
6688
7116
2017
6413
6735
1930
966
6434
1914
6394
1831
1614
6242
6690
1888
970
959
1438
1418
1378
6889
1970
1440
6708
2039
983
972
6616
7508
7516
7328
2069
7064
7456
7612
7176
2047
6228
1984
1526
6307
6808
7176
1898
7231
7552
7259
1982
6558
7142
6892
7625
7118
6762
1967
1452
6246
6742
7092
7408
2101
917
6766
7269
2017
6956
7362
7349
2026
6939
7135
7369
6731
6897
7522
7416
2118
851
843
6535
1895
6509
7309
7338
2065
6799
2006
1636
6965
8030
7863
1904
1498
1482
1510
1465
896
818
1406
840
6448
1947
6713
7201
1991
907
6843
2100
1450
907
6883
7602
2106
1515
1526
6747
7422
1987
6599
7190
7152
7082
7698
7485
1834
6162
1875
934
1460
6643
1881
6477
6972
7105
7112
2063
1463
6768
1970
1461
1471
6918
2099
1529
1413
6770
1968
6938
7452
2043
7028
2064
1012
6594
2150
6094
6746
1922
1423
6359
7275
7619
7675
7552
7042
1909
897
867
6443
2028
6298
7602
6815
7607
2018
6179
6535
7172
7712
7499
7495
7409
2087
881
871
6681
2719
1527
1460
1368
6832
1938
7030
1995
7212
6790
1961
1501
1476
6985
7011
2023
961
6149
6774
1886
845
6499
6855
7235
7426
7255
1952
878
1485
6752
7841
7225
2062
1422
1524
6432
6588
1871
1472
1486
6992
1884
1461
861
7153
7396
7352
2086
6897
1998
1616
6680
7502
2125
933
920
6858
1976
1497
1514
6577
7092
7048
2594
7173
1860
6368
1896
6054
1857
6452
6922
1938
6665
7135
7389
7425
2162
1452
6690
2077
1480
7054
1938
6806
1997
1406
911
1686
1420
1465
7213
7019
2105
1475
6767
6541
7005
7259
2020
1471
7113
7382
7358
7105
7262
1933
893
1423
6265
1911
7195
1902
929
6372
1970
1490
881
6223
6642
1940
6747
7160
7464
7592
2066
1465
6767
2002
7097
2000
860
6779
7502
1939
1535
6986
2076
7111
2064
1490
6069
6657
1893
6275
6608
6976
1882
819
6344
6966
1957
6781
1968
6549
2016
1330
1407
6855
2006
7095
2153
1485
7214
7824
2015
1499
1451
1406
1396
964
7308
2023
6179
1920
7447
7586
2023
1528
8002
7450
7480
1915
1518
1523
1521
887
6748
2036
6789
7382
1939
7275
7837
1946
1535
7026
6711
1976
6863
2147
1426
6656
1943
1431
1474
6334
7674
7197
2066
6621
2036
6727
7445
2027
6951
2051
1456
6957
8107
2090
1513
959
7154
7045
6651
6679
6856
1964
939
879
6798
7695
1985
7117
2086
6558
2199
6535
2057
956
6375
1930
782
1464
1521
1448
6162
6689
1900
6270
1884
6401
2087
6860
2005
6180
1958
6760
7532
2111
1535
6950
7769
7521
7492
1979
842
1454
6913
1982
7044
2166
937
1352
7225
2066
1633
6955
6828
6769
1982
965
1538
6421
6742
1914
1600
884
1397
6303
2021
6782
7358
1950
1468
6563
2045
852
6775
1959
7603
2003
7285
7211
2010
6531
1920
1426
1361
887
938
6209
7195
1976
7217
2196
6893
2115
6749
7498
7649
2216
6606
7285
7169
2069
6564
1882
1404
950
6353
2137
1481
7006
1250
7179
6494
1923
6520
7019
7319
7285
2056
1542
6917
2031
7002
2067
1416
6733
7475
7425
1964
839
6925
2065
6392
6743
6804
6696
1966
6728
2011
7023
7477
7387
2063
1438
6515
1917
6490
1986
6497
1970
6973
1600
1428
6425
6828
1877
6190
7279
1901
6589
1898
7065
7558
7366
2027
6982
2036
6717
7742
7743
2063
6464
6722
1869
1392
1494
6370
7052
6602
1874
999
6104
1946
6401
6936
7392
1900
6693
2021
1543
960
937
6955
7742
2133
7530
7087
6906
1991
1627
6079
1928
6722
7562
1973
7756
7377
2248
956
6798
2021
6881
2025
6579
2079
1432
6644
2009
7044
7165
7108
2003
6257
1919
1413
6249
6499
6772
6902
7368
7250
1965
1462
889
962
917
6792
7453
2116
6809
7756
7542
7582
7295
6795
6816
6868
1934
1448
910
6708
7659
5016
1533
913
1385
1433
1675
1482
6972
2097
1471
6620
2018
832
6535
1961
833
6563
7477
7455
1944
974
1517
6304
6819
2015
914
6046
1858
1425
6016
1945
1444
6755
7736
7618
7649
1957
6856
2019
876
6752
2015
1640
6798
7526
7025
6734
6722
6982
2197
6217
6699
1967
861
6452
1839
1493
1407
1494
6494
7208
7116
7465
2019
6818
7802
2118
6513
7831
7291
7214
7712
8177
7535
7412
7344
1968
6721
7415
7049
1990
1492
7096
2033
6309
6729
1983
1476
6242
6592
1854
6603
7212
7180
7281
7382
1968
1413
6833
2141
6662
7298
7400
7618
2022
1458
7367
2084
6884
1922
1427
1503
1505
1494
868
6201
6792
7288
7711
2004
881
6839
7218
7011
2288
1543
1521
1485
1566
1376
867
1449
975
1458
6727
1967
1424
1462
1505
6256
6794
6926
6772
1973
7040
6548
1929
6926
7580
2053
6814
7278
1974
857
853
1665
6972
2121
1489
1567
6977
7567
1990
6988
1972
1477
1696
1496
1434
7032
1996
896
6036
6746
1935
6398
1974
6855
6775
1963
920
881
876
6496
1893
6463
1957
1038
6967
7264
2053
6742
7589
8294
7172
2517
6971
1990
1478
1490
5992
7154
7736
7461
2133
964
6993
7582
2022
1402
1433
1494
6739
2130
1690
963
6576
7121
2039
6676
7116
1960
6868
6758
1837
6313
7218
2592
1545
6610
7038
2051
1424
6634
1881
7318
7340
1940
6814
7619
7652
2033
911
1662
7041
7848
7745
2074
872
6988
1885
6085
6764
1959
1375
6745
7788
7592
2068
1423
1383
1403
1497
6669
7089
6992
2005
925
6305
1939
6185
1891
6273
6858
6825
7506
1903
6732
7596
2034
6979
7624
1957
6733
7212
2169
7057
2136
7034
2158
6644
2072
6046
1924
879
6322
6816
2571
6902
1991
6464
6819
7112
2002
1481
6700
2052
6607
7305
7592
1976
7390
2056
908
1016
1482
6415
6846
7245
1909
860
6948
7665
7452
7405
1963
7143
1932
1506
7124
2154
1353
1569
6755
2133
6717
2091
6662
2081
940
6444
1980
6228
7418
6825
7222
6793
1855
933
6475
1940
6894
2005
6538
2080
982
1734
6854
1993
1397
1497
6920
2091
6675
7414
2107
875
6913
7747
1976
7176
2049
1451
6065
2006
926
1438
6334
6804
8025
1919
6978
1980
6946
7365
1995
6453
7202
7112
6812
1850
6349
1995
1467
1360
1476
7015
7281
6852
7049
1900
1641
6898
7556
2104
6712
2099
7012
1969
6774
2015
6909
7635
2023
857
6614
6742
1960
6404
1939
6401
2025
6863
6655
7158
1979
6475
1943
1527
1462
6838
1956
1474
6901
7353
7535
2042
811
893
6902
7149
1940
6403
2013
1541
931
6707
1880
6765
7762
7672
7405
7739
1988
6916
2003
1389
942
6570
7142
2014
7110
1999
1412
1638
1540
867
6719
7032
2002
6277
1894
6916
1862
5988
6872
1892
6621
1963
971
896
6558
1996
6664
7372
2059
1471
797
1536
6966
2137
6717
7484
7473
7556
2075
1387
809
7420
6161
1883
1470
1644
908
1459
855
1378
6421
6826
7312
1898
1501
7119
7711
7516
7152
7078
6766
6842
1957
6310
6749
2013
6176
6522
1933
6931
7738
2026
1590
1516
1485
6867
7449
2141
1568
6764
7205
2029
6822
7615
2094
6566
7428
1820
1544
922
953
6314
1927
6318
6682
1983
6178
6939
1872
1457
1475
1528
1423
875
6749
1905
887
6699
7176
7212
7312
8462
7971
7501
1980
1567
1568
866
6040
1867
6756
7775
1986
866
1500
1493
1377
1421
1490
1517
1610
6865
7596
2066
1523
6794
7322
7422
7418
7096
2116
6576
7538
1924
837
6192
2058
1459
943
1520
859
851
6338
1902
6196
1966
6532
1920
6518
7238
7278
7390
7526
7336
7415
7509
8037
7129
6653
6765
1870
1363
876
933
6547
2041
1520
1443
917
6753
7655
7535
7142
7126
7042
7687
6881
6846
6892
1902
1435
6081
6585
7170
7686
1963
1490
917
7043
1970
1472
6742
1998
960
6846
2059
1480
6826
7542
7460
6952
2059
6083
7542
6851
1886
1453
6304
1878
6259
6872
7703
7584
7442
2179
6834
7488
2133
1477
903
830
6536
2048
1429
6503
6982
6646
7132
1935
7219
2009
6973
7852
2020
933
6782
7558
2162
915
937
6592
2076
1460
6569
7009
2043
1379
1588
847
6579
6755
6709
1950
6263
6702
6834
7746
2062
6674
6985
7459
7448
2042
6869
2038
1558
7041
2231
940
6952
2096
957
7247
7134
6652
1913
926
6366
1872
6413
2016
1444
6732
7645
2225
920
6936
7215
7902
2008
7294
1933
6206
6682
2551
6315
1997
6444
6757
6810
1951
1446
6913
7512
7679
7478
1928
7598
1978
1658
908
6654
7505
2123
7099
2296
6465
6818
2088
773
853
6389
1904
869
1481
1406
1393
6476
2001
1491
6243
2006
6551
1933
922
791
6380
1944
6520
7175
1889
6662
7402
2056
6813
2064
1202
950
861
7271
1963
7299
1954
1561
1471
6282
1918
1393
6783
1872
7100
1925
7069
2070
6894
7485
2180
937
1488
1431
6915
1973
7242
7390
2032
6691
7107
6939
1963
1500
1417
6415
1908
6373
6705
1895
6050
1959
958
6278
1921
1545
6748
7217
1928
860
851
6622
2040
6837
2032
6836
2106
1501
6754
7395
2018
7040
1946
1486
1532
6908
2021
1475
6498
2033
6108
6785
1914
1500
6227
7229
1992
955
1489
7056
2030
6890
2014
894
6754
1978
928
1575
1455
7270
2115
1454
7288
7724
7109
1962
6446
1965
6302
6576
6578
1989
6754
7737
2250
6730
2011
6670
7472
9776
1932
1426
948
6796
7504
7250
6862
1987
6218
6819
6765
6685
7061
1986
6635
2025
6924
7448
7432
1987
7011
8078
2013
7195
2692
7215
2007
6253
1942
1342
6686
1921
7089
7739
7449
2021
6918
7566
2057
1503
921
1019
6591
2041
6569
6934
7110
1936
1417
7073
2006
6233
1927
1589
6112
1905
1557
1498
6601
6879
7265
2060
6920
1991
1527
6667
2015
6737
7498
2014
891
6828
1956
6907
7491
7576
7178
7606
1951
6555
1933
1508
1465
905
1555
6449
7235
1939
1588
7093
7654
2229
7022
7139
1921
6532
1939
1393
1445
6941
1985
6193
1933
1604
874
834
871
873
6400
1942
1681
1354
1395
1496
1506
934
6454
7242
6530
7451
7606
2107
952
6964
7812
2077
1442
6756
1973
882
917
975
6541
7623
7469
7212
6816
1913
923
6234
1855
6411
2140
1507
6216
7495
6918
6857
7261
2012
1430
6536
7362
1921
1431
6785
2060
965
945
1492
7464
8024
6901
6487
1900
6918
1854
7100
7469
7469
7394
1983
6789
7348
7341
7261
7058
1950
6491
7344
7659
1963
1529
1422
1521
1463
6078
1959
1514
7222
7676
1968
6723
7255
7344
7489
7432
2171
1650
1438
1406
7743
7448
7678
7068
2273
932
974
6083
1912
1464
1407
1512
1539
6168
1961
6376
7342
7588
7538
7280
2095
6539
7295
7485
1887
1468
6324
1909
937
977
1484
1474
857
872
6424
1882
1500
900
1364
1449
6295
6645
2018
1011
6756
7205
1901
6967
7408
7271
7400
2072
1445
859
892
1415
960
1475
1461
996
6957
7626
1977
7033
1988
1462
1736
1462
7313
6615
1901
876
6887
7631
1931
6755
1992
6857
6901
1982
905
1512
848
6634
2024
6760
1913
899
6653
7369
2040
6950
7356
7957
6817
7290
7117
1897
1497
1438
1462
7159
7425
7561
7386
2041
7007
7226
2044
974
936
1393
6545
2153
1401
940
6494
7042
7434
6865
6672
6607
6778
7751
2024
6658
7026
2088
911
1455
6816
1950
1498
7126
2101
6927
7804
2037
7058
7808
8079
2005
6098
1885
6273
1870
6269
1971
978
6756
2014
7189
2098
881
852
7160
8152
1971
838
881
1511
6453
1988
6429
6708
6634
1899
6238
6906
1978
6179
2053
6081
7398
7556
7578
2104
6768
7392
7232
7622
7742
2150
6486
7652
1950
6522
1881
6913
6998
7487
1854
6332
1870
1505
6460
7307
1972
6604
2092
6934
7359
7152
8048
2013
6253
1902
6711
7334
7892
1984
9987
7360
2009
6904
2033
7216
2150
6667
2088
1395
6692
7133
2106
6622
1926
6288
1972
1506
6336
1926
1468
880
6298
1825
6879
1849
978
1502
1354
7046
1917
6795
7342
1966
6513
7526
2069
6969
7440
7552
7359
2011
6912
2081
6768
2093
6754
1944
870
1445
982
884
6346
6695
7328
1990
7103
7703
2029
6610
2080
6670
7096
6945
1856
1483
6322
6812
6945
1986
6949
2002
6200
7256
1874
6962
7539
2168
6759
1951
6770
2002
947
942
954
6682
2046
6867
1918
852
888
7054
2098
1465
7228
2074
6144
1895
1495
976
6239
6764
2007
993
1588
897
881
6439
1905
952
884
961
890
6237
1903
6427
2073
1490
1481
6446
1984
866
6674
1905
6666
1960
899
1487
6747
7712
2132
7511
2096
832
1402
6465
1896
834
6630
2008
6207
7425
1990
6980
1989
1561
6658
7265
7656
1993
7011
2081
919
6730
2104
7497
7051
6812
2050
943
1413
6909
1881
6044
1892
1433
6796
1947
946
881
6246
1836
6438
1996
1491
1519
1452
860
6225
1921
6600
7222
7575
7779
7389
2177
1507
6961
7286
2133
1437
1411
1429
860
6791
1995
6623
7809
6975
1954
1467
1449
6670
7429
7292
7755
7692
7089
1965
6481
6693
6612
6776
7035
1970
6266
1959
1523
900
1527
881
880
6238
1847
917
6758
7478
2080
6777
7494
7240
7292
7628
2020
971
863
6772
7055
2037
1503
6279
1899
913
6403
1891
1443
1416
886
932
944
6602
2030
847
6245
7277
1870
6335
6696
7062
7282
9781
1948
1494
1518
6932
2115
7439
2070
1466
6946
1975
6927
2004
1502
974
894
1407
6286
1872
1479
939
6800
7446
7235
7283
7538
2065
6819
7628
2192
1654
6873
1987
1364
1439
1572
1500
6584
6855
6719
6592
1886
891
854
1509
6359
6794
7100
1935
6511
7208
7372
7572
7742
2138
6711
2079
1458
1470
1567
1376
6507
2025
1448
1982
1573
6743
2014
6847
6962
2110
6240
6839
6992
7490
1990
7033
7407
7332
7089
6899
1987
1005
878
6121
1885
1411
926
932
943
946
1675
859
6267
6942
7142
1967
6912
7498
7228
7335
2078
1513
6580
1976
6538
7322
7465
7535
1919
893
867
6841
2062
964
6313
2179
7180
2008
809
884
6332
6957
6702
1924
5986
1964
7779
6782
2049
1427
6745
1943
1538
1524
909
1492
1423
6819
7668
7736
2059
891
1391
1508
914
7354
2126
1494
6349
6796
6798
7081
1879
6984
7288
7343
1987
1432
1509
1476
1406
6729
2019
893
6970
8489
2020
6702
7156
2070
899
6301
1969
6399
6552
1885
6300
1895
1437
6266
1862
7194
6777
2037
6593
1967
6863
7484
2527
7230
2031
1592
6866
2140
6682
7418
2091
6998
2134
1502
6438
6879
2077
6295
1920
1499
6580
2047
7173
1985
1457
6966
2072
923
6867
2011
7115
1997
1528
6460
2046
6362
6758
1897
6651
1862
892
6247
1936
6680
6859
2077
6360
2166
6827
1931
897
6857
2058
6771
7357
2051
6816
1917
968
6760
2009
7050
2090
1447
11666
2079
6447
7725
1954
6464
1948
949
7205
1985
6433
6541
1872
6141
6946
4927
6531
7471
1992
6920
2120
937
6999
2078
7386
2087
876
6282
2025
6898
7551
1932
6770
2050
1473
7099
2086
6691
7216
1929
6828
1937
930
7214
2151
6949
2114
6857
7189
2069
7081
1444
867
6018
1932
6900
1965
955
6875
1896
1454
6181
1920
6403
1876
958
6400
2053
6593
7302
2142
6964
2040
905
7120
2036
6724
7193
1995
917
6715
2005
6726
7154
2193
6217
1979
6525
6959
1897
7607
7326
1991
6853
2040
6807
7442
2043
6477
1977
1397
6270
1892
6816
6954
1896
6524
1958
954
6252
2061
6227
2125
6672
7258
2010
6600
1989
855
6562
1965
6879
7447
2090
6953
2021
6747
7286
2071
7001
1840
1571
6431
2006
6607
6765
1964
6003
1916
967
6275
1909
878
6240
1911
960
6654
1958
6838
7599
2028
7142
2143
7580
7047
1899
6398
1881
1472
6291
1962
6755
7319
2068
6705
2051
869
6683
2017
6708
7549
2046
6723
2092
6748
2028
6534
7314
2074
6105
6752
1848
6156
1824
6076
7015
1884
6288
1907
964
6573
1932
6689
7562
2518
7108
2030
1470
6786
2070
6681
7499
2039
6929
2069
1512
6335
7716
1898
6480
1909
884
6483
2082
6821
7316
2081
7052
2155
937
6843
2017
7126
6807
1976
6230
1962
1517
6784
1925
6317
1866
897
6496
1990
6986
7591
1935
971
995
6773
2067
926
7051
2032
6714
2023
1394
6666
2178
6718
7289
2083
6930
2080
1408
6738
2036
6486
7023
1950
6371
1949
942
6632
1988
6386
6603
1896
6303
6652
1978
6598
7265
1923
6878
2014
1537
7057
2107
7418
6974
2009
6305
1904
834
6111
1882
6881
2039
1500
6980
2051
845
6799
2008
6575
2024
974
6848
2063
6923
2026
6969
2090
834
6900
1968
6603
6832
1941
6316
1993
959
6714
1910
6181
7435
2066
6441
1895
919
6324
1976
6633
7569
2113
6923
2001
865
7089
2015
6665
7168
1968
959
6653
2049
6849
6925
2076
6985
1902
880
6345
1856
6623
7428
1946
6921
2102
1445
6761
2093
6776
7082
1899
6341
1924
6120
6636
1945
6328
1999
1061
6484
6782
6808
1934
6743
7202
2020
6964
1942
6547
7251
2001
6935
1962
952
7180
2029
6713
6972
2052
6975
1883
1476
6372
1965
6458
7422
1956
6062
1947
1069
6255
2023
888
6369
1922
970
6626
2042
6726
7541
2078
7226
2109
1454
6653
2030
7009
7476
2022
6975
1924
6777
7476
2036
6688
7362
1965
6919
1952
7002
7478
2002
6747
2006
919
6733
7052
2149
6815
1960
922
6058
1874
6043
6678
1862
6435
1885
959
6547
2166
6567
7199
1998
6976
1990
1516
7033
2136
6943
2150
951
6856
2041
1417
6886
2001
880
6963
2131
6306
7598
1940
6517
1947
927
6497
1958
6976
7505
1976
6871
2105
1550
6811
2041
7337
6845
1916
5971
1863
6710
6793
1871
6609
1976
962
7021
2032
6290
2113
6935
7399
2046
6805
2046
6597
7225
1977
6819
1975
1516
7086
2101
6927
7152
2046
6407
1950
1495
6476
1975
6487
6734
1988
6002
1940
1520
6208
1877
886
6333
1971
6470
7545
2100
6859
2025
929
6973
2201
6632
7716
1928
6170
1889
1491
6257
2000
6807
7362
2038
6696
2056
877
6534
1946
6908
7715
2105
6829
2122
7104
2096
1552
6752
2033
6239
6542
1864
6029
1870
843
6102
1973
6307
6776
1915
6374
1978
1415
6648
1986
6734
7682
2088
7036
2074
6702
2107
928
6582
2001
879
6701
7282
1942
6352
2117
921
6255
2059
6572
6865
1932
7689
1921
900
6842
2105
6885
2107
1489
7056
2153
822
6495
1968
6486
1983
1596
6821
1973
6203
6832
1925
886
852
6385
1907
853
6265
2039
6438
2142
1413
6714
1864
6805
7296
2055
6562
2131
944
6623
2069
6765
7542
2011
6812
2040
904
7105
2055
6155
7639
1947
6545
6659
2026
6094
1945
959
6177
1908
7025
7231
1854
6783
2004
1545
7220
2059
7284
7307
2031
6391
1885
1410
6273
1948
6343
7162
2009
6754
2110
914
6606
2037
6682
1989
6825
7561
2055
6971
7338
1949
6445
2047
6424
6797
2030
6049
1872
1484
6064
1926
6037
1935
1497
7169
1961
6445
7145
1988
6796
1986
1414
7035
1955
7136
7484
2077
932
7473
2074
6707
7478
2037
6446
2103
852
6227
2581
6729
7002
2045
12386
1941
832
6827
2006
6873
7669
1999
6448
1989
946
7037
2112
6743
6524
2091
6284
7034
6932
1906
6241
1878
897
7030
1860
7118
7342
2096
6652
2040
1372
6635
2104
7068
7481
1988
6824
2071
931
7216
2074
6328
6848
1936
6484
1952
889
6319
1907
981
6105
1986
1566
6269
1945
6260
7098
1953
6930
1995
6825
7530
2078
7326
6917
2013
6241
1933
6099
7249
1897
6859
1991
6980
8059
1970
6992
7738
2045
7069
2148
6833
2064
978
6616
1981
6576
6781
1897
6723
1877
6151
7441
1823
6516
6725
1977
6611
1967
7846
7634
1964
7158
2041
1466
6694
2115
6839
7282
2052
6888
2064
1559
6297
7153
1853
6453
1998
848
6432
2018
7028
7392
2104
6922
2146
1467
6971
1978
7420
6895
1911
6387
1924
1567
6057
1988
6702
7022
1909
6319
1916
1431
6908
1928
939
936
6751
1902
6773
7169
1997
6506
1941
856
6696
2066
6984
7752
2059
6830
2078
1372
6399
2045
6249
6892
1919
6784
1951
918
6080
1988
6185
6702
2033
6337
7224
2004
6717
7747
1958
7106
2064
946
7445
2153
6466
2016
931
6284
1982
6403
7125
1841
6971
2739
1648
6780
2120
6666
1965
830
6843
1985
7144
7390
4721
6732
8028
2076
6410
7461
1976
6013
6610
1959
6195
1933
6388
7175
1899
6721
7372
1958
7099
1918
7126
7532
2131
6796
9315
2102
7001
2065
7079
6931
1916
7085
7691
8186
7455
2042
1611
7148
7486
2062
6565
2076
6277
1955
901
6829
1914
811
6924
1922
6192
1924
945
6646
1989
918
7124
1991
6230
1929
7081
7402
2146
1483
6925
2063
868
1460
6580
1997
1476
6645
2152
6842
2057
1457
7095
1971
864
6934
2051
6445
2123
6288
7212
1950
1392
6404
1920
6226
2161
6043
6636
1935
903
6485
2036
6640
8242
2055
6874
7735
1972
6749
7597
6666
6652
1899
7125
7392
1989
6675
2156
6681
7429
2007
7506
7742
2091
6919
2075
6744
2024
861
6503
6552
2139
6009
2022
6368
1924
6224
1866
836
6658
1856
926
6295
2037
6649
2043
939
6679
2001
888
7015
1975
7139
1987
931
6930
2047
1341
6746
2037
6578
1978
959
6725
2041
1007
936
875
6446
7092
1972
861
6437
1938
7110
1924
6809
7402
2112
6925
7645
2080
6587
2140
6494
6672
1867
6066
6935
1942
6469
2178
7011
2023
1430
6212
7234
1821
6747
7308
7330
1955
6784
7409
2032
6980
2092
6772
7058
2134
6192
6882
1920
6450
1957
6884
1897
870
6119
6668
1875
7042
2049
6601
1947
1368
6846
7602
1950
7183
2057
1486
7404
2048
957
7087
2020
872
902
1421
6400
2002
954
6256
1983
6710
1978
852
6881
1975
1445
6636
2743
6826
2771
6751
7679
2008
7657
7442
1924
7303
1953
6445
1994
6923
6611
1931
1037
6894
2051
6175
1972
6645
7522
1941
1422
6532
1885
9207
2065
6946
7652
2082
6971
7249
1968
6725
1999
6911
7066
2099
6503
1979
1544
6436
1973
1497
6617
1956
835
6906
1897
6844
2098
874
7062
2188
965
6973
2050
6531
1918
6502
6635
1965
1553
7033
1945
6362
1873
6778
6915
1861
870
6903
1926
965
1004
6971
7493
2092
6684
2053
6717
1919
863
6782
2008
953
6695
2078
7087
2518
1430
6713
2138
1512
6583
2089
6281
1913
881
6514
1889
6637
6711
1929
6095
6719
2013
6276
7119
2203
6707
2035
7074
7460
2108
6625
6972
2022
6200
1930
6232
1856
1475
6734
7602
2097
6762
2026
6635
2140
1447
6754
7628
2023
6924
2120
6874
2019
6511
2242
923
6412
6864
1925
5989
1856
6231
1892
891
6382
7016
1932
6715
1933
6615
1946
1482
6771
2031
1493
6884
2020
7166
2110
942
6640
1966
6613
7239
1986
6815
6945
1987
6193
7632
2010
6623
2009
6818
1975
939
7036
7404
1996
7129
2067
6557
1996
1695
6603
6723
1982
6075
1898
6438
1923
1461
6563
6760
1972
6411
7212
7278
2187
1509
6885
2033
6520
1978
6858
7421
1989
7019
7581
2021
6375
1985
6281
6842
1990
6547
7418
1968
6160
1889
6237
6919
2015
6675
1979
1535
6710
2035
956
6942
1992
877
7215
2090
7347
2008
6265
7579
2065
905
6166
1946
6744
1952
7088
7232
2050
857
6589
1988
6792
2043
6931
7432
2093
1416
6735
1932
6632
1999
1477
6348
2049
933
6083
6699
1977
7036
1922
6223
1866
1437
6365
6852
1908
6726
2000
6970
2010
1433
6916
1942
1457
1529
955
6933
2108
942
6906
2060
857
893
959
6763
7384
2086
7118
7015
2107
6416
1962
6315
7842
1966
6979
7432
2048
6916
2198
6843
7142
2059
7014
7367
1965
6037
2042
6238
7014
1932
7169
7653
1881
6862
7332
7496
2115
6669
7298
2060
6807
2064
6960
7591
2153
6376
7700
1934
6537
1941
7364
6708
1944
6187
6617
1893
6501
2009
6502
7328
2051
6893
7727
1973
7235
2018
1557
6919
1975
1454
6266
1977
979
902
845
6896
1835
963
6829
1972
1521
984
6823
7346
2168
6609
7586
1918
7237
2096
6808
7681
2069
6597
6939
1950
6362
1914
6040
1858
6942
7515
1882
906
6544
1899
6367
2056
6567
7356
2048
7139
7739
7512
7222
2024
6765
7331
1949
7204
6937
6969
6947
1865
6953
7815
2024
6846
7645
7120
6905
2023
949
6193
1896
1420
6412
1873
6516
2027
930
6656
2006
913
6234
1948
6316
1927
856
6793
1902
889
6837
2090
6886
2090
881
6674
1930
1449
6819
2030
1538
1392
6818
1971
923
6880
2006
6894
2081
987
6444
2092
871
6886
1912
6488
1882
845
6494
2008
947
6248
2547
5957
1874
6226
6792
1993
6667
7412
2054
6947
7742
2095
6699
6912
1961
6542
7472
7291
7267
2040
6647
8142
2053
6849
7568
7651
2053
846
6929
2054
893
6420
2083
6266
2016
866
6153
1917
1442
6100
1917
6758
2055
6092
1858
855
6333
7108
1947
6595
1948
6745
2032
1503
7083
7912
2076
7000
2018
6716
2029
1381
6864
7489
2025
6320
2173
6206
1985
1516
6393
1889
1443
1575
941
1578
6691
1994
6790
7326
2164
6875
2078
834
6872
2063
6471
6911
2019
6059
1999
6114
6747
1925
6573
7688
2086
6904
1913
6758
1907
1525
6991
7332
2093
6940
7312
7612
1976
6793
7336
2077
6559
2033
6979
6867
1905
6434
6999
2037
6779
1976
6548
6701
1963
6555
1972
856
6982
1961
6762
7596
2085
6648
2050
988
7000
1937
6068
6592
1835
1500
6920
2046
945
974
6868
7259
2161
894
6540
1994
6796
1951
6886
7605
2239
1500
6877
2063
6514
2041
6315
7504
1939
883
6775
1921
6135
1984
6216
1899
6514
6935
1875
841
6585
1906
6821
2041
6962
7745
2102
1486
6819
2083
6574
1969
11399
7310
1959
859
6443
1981
6351
1939
6461
7023
2027
6854
7418
7242
7341
7286
1972
6328
1934
1487
6127
1972
6448
2081
982
6491
1994
857
6492
1888
7102
2107
1528
6420
1941
958
6689
1884
7136
2046
6944
7179
1932
1515
6753
2103
1513
863
7088
1941
853
7090
2014
6804
2095
928
6262
2232
915
6940
1908
6531
1881
859
6440
2021
7637
7371
1930
6692
1933
1392
6288
2020
6656
7231
2054
9446
2044
944
7377
7960
2050
6348
1910
7021
2114
861
6844
7274
1879
6932
2052
6644
2141
927
6621
7365
2174
6977
2066
6798
2063
1469
6949
1951
1339
6452
2012
6287
6668
1853
994
6127
1987
896
904
913
6046
6658
6831
1898
858
6588
7541
7186
7562
1955
1473
7104
2115
1394
1428
1512
7103
2132
6668
2069
896
6846
7729
6984
7129
1895
843
6294
7058
1899
7846
1908
916
6898
7445
7366
2035
6830
6842
2012
6716
2000
1475
5913
6709
1902
1532
1491
6523
7689
7741
7291
2098
6879
7579
2047
1446
6587
7249
7749
1959
7113
2095
913
6857
2090
6444
2198
7171
1320
895
6689
1853
6544
6775
1953
1025
6958
1955
1439
6246
1894
6389
2028
6527
1966
914
6819
7482
2056
1464
7004
1979
7294
1991
843
7073
1951
6257
1983
6184
7492
7285
7518
2096
968
1432
6547
1975
7039
2044
1520
7250
2057
7040
1981
6945
7476
2007
6239
1862
6310
6546
1974
6176
7366
6674
6995
2017
904
983
6593
7452
2056
927
850
877
7008
7698
2060
6820
7252
7296
7297
2064
6429
2131
6392
6949
1849
1680
920
922
6526
7216
1979
895
6942
2035
6810
7526
1953
906
933
6503
2042
922
6291
2010
6960
6601
2149
1428
6322
6878
6848
2019
1490
1500
6238
7215
1844
897
6817
7296
2004
963
941
6520
1976
6882
7434
2072
6789
2022
6901
2018
7055
6821
1826
6402
1991
857
6383
6709
2017
6122
1927
1423
6332
1966
6301
2016
6607
7377
2062
6971
7832
8344
2124
6445
1936
6331
6789
1856
6859
1938
6733
1988
880
959
948
6594
7375
6766
2044
7004
2048
6833
7595
1972
6425
2053
7433
2147
1443
7008
1922
6043
1845
964
6062
1969
933
891
943
6127
6753
6773
2015
875
6488
7296
1999
6975
1964
925
7027
2080
1407
1406
1576
7130
7239
7367
2038
933
6889
6964
7739
6924
1966
836
6640
8132
1876
819
811
902
6925
7554
7586
2229
7187
6792
2006
6092
2006
941
5946
1851
1706
1495
1491
6482
6932
7691
6821
1960
6727
7498
2036
876
957
6689
7367
2007
6726
2025
962
6724
2025
6871
1938
6690
7072
2233
6301
1854
6441
6970
7052
1985
6199
2002
1578
6256
1977
1646
1470
6366
2064
924
6571
1967
858
827
6696
1958
1578
944
960
6978
2186
7231
2034
7269
6891
6732
6672
1828
1546
6967
7440
2085
6648
2008
1365
6576
2036
6728
1929
6878
7646
2175
7002
2056
6438
7046
2060
6154
6592
6647
7839
2036
940
890
6422
6738
1918
885
959
953
6639
7340
2030
7013
7614
7395
7316
1960
1520
941
6673
2084
980
907
1427
1386
6810
6915
2028
914
6227
6926
6957
8106
2091
936
962
6864
2066
874
6717
2086
6788
7275
2088
6405
6626
6678
6906
1918
882
939
804
6364
1974
1465
6370
7101
7269
1896
943
6722
2066
6634
7238
1987
6763
2061
7066
2026
6868
7401
2049
6285
2132
1408
1404
6904
1990
6323
6952
1960
6179
6528
6875
1995
6244
7445
2007
6800
7598
7662
2087
7303
2007
6233
6818
1954
7133
1863
6740
1986
973
939
972
7024
7452
2104
863
6561
2139
6760
7605
2130
6861
2005
6769
1933
872
6836
1985
997
6489
6618
1935
6719
7308
6665
6718
1915
925
915
7060
7334
1905
836
917
1454
6741
7706
2040
7100
7679
7302
7632
2169
1424
1497
7035
6972
2094
922
907
934
6428
6974
1854
826
6541
1963
7500
7497
2070
6903
2110
7014
2032
898
6712
2062
6189
7348
1880
1504
6206
6842
7016
1992
1457
1355
6531
6814
1875
864
971
6823
7330
2102
897
6922
2216
6691
7157
2062
6986
1977
6982
2018
862
6895
2093
6484
2112
1481
6307
7202
1863
6365
1947
1516
6201
2038
6153
2045
6299
6842
1981
6557
7346
7768
1946
7181
1930
6555
6911
1936
6125
1949
6905
1946
937
1488
937
6897
7486
7405
2081
6530
2127
6869
7749
2122
7165
2035
6805
1956
873
819
1611
6591
2099
904
6141
1955
906
1502
921
6058
6645
6586
1918
883
6521
6745
7031
7118
1995
1418
6741
1986
1529
1530
1011
7223
7742
7455
2062
6589
7312
7532
6886
7240
1936
1519
6467
7082
1848
6746
1956
924
6844
2057
7060
2094
6967
7111
2045
6563
1957
1417
6120
1950
1532
1455
1407
6030
7126
6948
2035
848
7028
7508
9546
1911
970
6758
7208
2053
6778
2060
947
6670
1953
6850
1976
6841
1947
915
6768
2094
7106
6895
2493
1402
6507
1958
6427
6756
1970
6374
1945
6293
1977
851
6316
1946
1399
890
6748
1927
7019
2057
941
6952
2206
7302
2121
6736
7092
6965
6709
1863
1687
1508
7024
1915
6739
2011
881
6689
2007
6789
2078
6752
7609
7675
7362
2036
6455
7202
1993
6114
6679
7298
6655
1950
892
840
6364
6839
1962
884
900
6681
7478
7618
2029
7219
7535
7258
7466
2128
1352
1538
6776
2027
953
860
919
897
7306
7035
1857
889
6633
2024
6613
2047
1490
1634
917
6792
1894
1531
6890
2050
6985
7656
2036
6495
7022
6709
6752
1867
880
1411
1626
6377
1919
914
6454
9929
6321
2159
1708
6777
1888
6950
7381
1978
6836
1955
6663
2035
960
6763
2145
6831
7422
1966
7057
7015
1963
6391
7202
1998
6359
2012
6114
1949
6342
6809
1950
6660
7459
7389
1946
7228
8032
7407
6768
1908
6793
1909
7803
1966
950
890
940
6913
7362
7133
2033
6800
1990
6950
7605
2173
7007
2045
6440
1977
1302
6279
1953
6110
2010
961
6059
1956
926
933
1471
6346
7436
6907
1863
841
6264
7172
7352
2000
902
1506
7076
2551
1424
1557
1460
6994
7668
7105
2071
6806
7493
7644
6855
6743
1943
907
6648
7356
1939
6855
1981
6915
7241
7165
10767
1968
6332
6604
1928
6664
2015
940
6591
1990
886
885
1531
6621
7635
7255
7302
2139
6577
7189
1985
1413
884
6705
7459
1995
7115
2056
948
6810
2044
6337
2135
6198
6824
2035
6578
1881
6210
7435
1891
832
6294
1931
946
6295
2014
6753
1875
6695
2057
945
6907
2032
923
903
7137
2070
824
893
934
6725
2100
6406
2005
6216
6822
7503
7389
2074
894
6657
7542
2009
6838
2062
1549
7172
2061
6791
1980
6714
7022
2096
6408
6577
1868
1015
6107
6602
1956
925
931
6362
1921
6345
6749
1911
6674
7286
7708
1946
896
930
6974
2121
1405
1398
1516
6999
2134
6661
2060
966
6892
7622
6972
6968
1913
841
819
6238
2036
6415
1993
6975
7656
7477
7376
2062
6583
6878
1998
6019
1988
898
6227
6708
1859
6581
2028
6504
6937
7266
7622
2097
6782
7409
7209
2000
6843
7532
7523
2068
6496
2169
7202
7116
1839
6331
1990
6218
6758
6735
7096
2010
6534
7285
7529
2025
7179
2073
7196
6845
2002
938
1396
6098
2053
901
5616
1970
1468
6837
7452
2045
1622
1426
967
6721
2131
6518
2124
1396
6862
7751
7686
1981
6973
7272
6845
1875
6965
1929
911
6157
1925
6308
1944
925
6250
6748
7079
1949
6663
7430
2091
1497
7102
7739
7407
2055
6585
1999
875
6791
1969
1016
938
7040
6945
7166
1932
6512
7162
7238
7535
2115
6932
2025
6900
7258
1967
854
852
909
6407
7422
6651
1935
6476
1932
6398
1918
1531
904
948
7163
2008
1434
1509
832
6219
7125
1868
883
6781
2168
6676
2093
948
944
853
6540
2746
1542
1518
6672
1898
862
892
6954
2186
6979
2018
874
6956
7747
7124
1941
858
852
827
6430
1880
888
987
6433
2014
6263
1918
1602
6070
6752
7006
2001
6618
7459
2051
7012
7701
2131
1443
7359
6974
6705
6806
1865
7575
1873
6834
7302
2117
943
909
6638
2066
985
911
6789
1968
7190
7595
2890
6731
2796
6614
1998
1400
902
838
6262
2089
910
6226
7385
1895
958
936
6163
1865
6782
6845
1881
6174
7262
7282
2011
1447
902
7008
2609
1597
1503
1499
7124
2060
6942
7272
2010
6744
7422
6998
7287
1909
1481
851
6472
1970
6521
2010
7543
7422
7504
7512
2100
6470
6805
1992
6071
1977
961
869
6056
1928
1647
1485
6484
6932
6822
6697
1884
6775
7640
7345
2075
6656
7198
7436
1962
7131
2033
1465
6690
2064
950
1057
6449
7596
1843
6390
2035
6377
6822
6612
1891
6276
1901
6292
2007
1415
1460
1525
6657
7261
2035
7121
2074
929
6998
7239
2206
813
845
1434
7136
1988
6934
1990
916
6169
7328
7386
2098
945
6855
7262
1992
1547
1500
1486
6792
1972
7019
2008
7098
7713
7059
7742
6886
6516
6735
1877
929
6185
6952
6752
1982
6615
1952
930
6825
2083
884
824
6961
7602
7529
2001
6625
7419
7385
7055
2061
11455
1925
1511
6282
2010
1487
1467
1512
6401
7416
7492
2065
7536
2002
6964
2091
848
881
891
6702
2033
1519
6315
2089
6248
6689
1927
843
6376
6992
7685
2010
1647
1436
1395
6282
1916
840
955
6751
1965
918
972
7046
2077
6590
7238
1992
6711
7566
7742
1937
867
6936
2024
6294
2105
1512
1393
6964
1984
6579
1946
6447
6692
6524
6872
2046
949
6270
2087
6650
7425
1938
837
7078
7739
8115
6951
2023
6177
2010
6155
7246
1970
894
957
6953
2008
854
1541
6621
8098
7491
7696
2119
7039
1986
6721
1921
855
882
957
1539
6497
7025
1942
920
6091
1910
6877
1875
6930
1931
6196
6782
1890
869
933
6247
7119
7164
2037
7144
7570
7832
7645
2192
6926
2075
7009
7059
2149
921
898
890
6345
6816
1822
862
6476
1955
6705
1952
972
1510
967
7014
2062
795
1563
1486
6849
7458
1975
1430
6942
1989
6400
1950
906
874
1575
6760
1972
880
922
6834
1952
1418
878
6284
1986
6550
2012
1440
6416
2123
6217
1917
983
927
912
6772
1893
1397
973
7078
2090
6816
2165
6855
7209
7518
7809
2090
972
6920
2159
6488
7169
63571
1879
6470
6866
6618
6736
2083
6510
2019
6507
7461
2037
1345
857
6977
7584
1945
936
7488
7001
7294
7418
1953
7222
1941
7036
2126
960
851
1518
861
913
895
6706
7158
2773
6901
1903
7317
2148
6872
2096
1004
7021
7176
6952
1939
906
882
6103
1998
823
1463
996
6060
1921
6223
1939
956
6350
6915
7739
7132
1941
1543
6843
7671
2070
7037
2049
6898
7228
7586
7375
1973
6357
6907
7006
6882
1880
848
6713
7346
2074
6990
2059
6781
7202
7616
7006
1919
6086
7615
6887
2001
7147
7243
7086
1907
6729
2012
6702
7155
1975
6642
1947
6821
7658
7536
7202
2078
6885
9605
6549
2097
6192
2526
6031
1833
1530
907
927
6360
6796
2034
6633
1955
866
822
6918
1995
906
1489
959
6984
2010
7583
2119
1405
7448
7070
7323
2635
6944
7283
7552
2062
1463
1340
6830
7739
2096
6736
1929
6824
7242
7155
7129
7102
6942
7418
1915
6209
6521
6938
6979
2039
916
958
1504
6647
1875
874
872
6817
7345
7566
2058
6726
7505
7612
7549
2055
6549
2138
6265
6775
1927
1597
964
943
6312
7334
7556
2086
7104
2062
6845
1992
820
877
891
6426
7090
2019
6416
2009
6245
6776
1960
1548
6278
1937
6116
2681
1791
1489
853
6735
2014
787
930
6847
1923
1469
1002
7310
2105
6872
2023
825
6847
7382
7202
2032
965
931
1471
7015
1904
1546
1611
6994
2046
6392
2125
6209
6670
6872
6738
1949
887
6193
1893
6367
6895
1939
892
6773
7045
7259
7358
2106
7241
2066
6453
2029
994
856
1567
7009
6655
1931
1587
6752
7946
7418
9014
1954
6816
2211
6750
2004
982
931
1462
953
918
852
6741
2072
842
911
904
6725
7004
7046
6828
1976
6210
6692
7275
1835
1774
1433
7241
1987
934
904
825
6622
1847
6675
1917
911
6850
7349
7519
7305
2085
922
919
6728
2047
6910
2008
7250
7152
6665
6815
2049
1470
6310
7226
7620
2063
1383
7068
7159
1958
6567
1924
6552
6956
6695
6982
1968
6457
6876
6575
1937
6793
7412
7512
2006
6749
2041
6847
2074
1470
868
1383
6646
7629
7505
7032
2076
6841
6663
6732
2001
6863
1970
6911
2018
945
880
859
6447
6942
1981
6802
1952
983
6529
7382
2017
926
866
863
6951
2091
6581
2042
6570
7632
6601
7082
1925
872
7188
7449
2085
1471
1483
1468
6826
2031
6965
2056
6864
7242
7163
7155
2231
6488
1907
1421
6377
1892
934
877
953
7040
7501
6651
7638
6998
1968
6572
1948
831
6549
7349
7632
7465
7632
7599
2041
7293
2151
1555
6518
2027
6060
1866
6285
6736
1940
878
922
1520
1011
6776
7759
7632
7475
1984
6639
7247
1936
6171
1919
1457
6233
1966
6271
6902
6819
6658
2051
1392
1476
1448
1463
1497
6769
7662
2111
897
959
865
6999
7495
7396
1948
935
940
1000
7561
2044
1456
6973
7782
7079
7529
1878
6277
1929
1520
6221
6692
7466
6897
1945
6512
7151
7121
7288
1934
900
6857
1968
1491
7328
2132
1505
940
902
6450
6895
9414
1864
857
1562
6846
7594
7520
7435
7671
1996
1474
7138
7429
7309
7246
2013
1606
6356
1895
7059
1972
6173
1919
6185
6492
1960
6283
7061
7282
7288
2059
882
907
848
961
6927
2007
6827
2098
936
865
860
1492
1532
1434
6818
2028
6897
7656
1925
7130
2001
6533
2091
926
6135
7063
6720
7182
7504
2106
913
938
866
7023
2007
1552
6701
2087
6620
7205
2022
6274
1944
1443
1459
1566
6287
6837
6782
6836
6615
7084
1928
959
7041
7472
7488
7442
1974
854
856
6851
7618
7539
7048
2054
6773
6687
1986
918
963
908
6224
2044
7072
7455
1839
6347
1932
1545
6587
2031
1427
917
909
6811
7187
2055
6749
7578
2128
6783
7235
6844
6721
2030
928
847
6685
7419
7426
2128
863
808
905
911
6945
7354
1971
1394
1467
1453
7340
7268
2120
6717
2071
7047
2019
6576
1982
892
6448
1903
923
6419
1910
6241
6475
6877
6939
7189
1957
6802
2062
853
6868
7599
7385
7626
7422
7617
7126
2029
1634
1511
6100
1951
6363
1887
6336
7268
1903
880
902
945
1015
7245
7602
7332
7092
2055
6379
7557
1992
7004
1814
1403
6712
1921
6398
6639
6552
7224
1949
976
1341
1432
7368
2095
6838
7409
2041
6955
2055
953
6609
2067
7060
1966
845
856
968
7008
2099
1038
6677
6822
6649
6895
1984
6477
1994
859
6254
7620
6897
7210
7102
2802
11479
7318
2089
1499
1418
7216
1997
881
6652
1973
1600
931
948
6417
6399
7212
1898
909
856
7057
7465
7446
1977
6846
2029
998
6950
7322
7344
7145
2538
1445
6542
2000
6298
1984
6172
2005
6358
7322
1964
6455
6968
1981
6637
1956
890
816
959
1478
6643
2117
6856
7462
2122
1445
857
1479
1598
1585
1389
6906
7352
7622
1936
7008
2008
7336
2048
1653
6062
6858
6819
7315
7546
2091
971
868
839
6873
1980
830
6737
2066
6459
7232
1959
6459
1878
1463
1466
1611
7254
7681
7457
6588
2024
6046
1960
916
6840
1844
7191
7349
1977
6717
1938
6753
7232
7617
7519
2089
6441
7352
1958
928
966
882
6951
1831
6291
6598
1973
1661
1525
926
879
871
909
1005
6227
6862
6942
2050
6783
7177
2026
6736
7542
8026
7101
1941
7239
1964
5987
7106
10230
2011
833
923
6842
2106
6998
7342
1965
1418
1440
1525
6746
7388
2078
6725
2028
6443
7800
1949
6426
6642
1863
6399
6711
6762
7019
1938
813
908
897
960
6647
1970
6707
7428
1989
828
1517
1694
1483
1497
944
6913
7448
7526
2142
7022
2057
7127
2132
925
925
6436
6692
6615
6866
1955
910
862
866
6768
1992
919
7228
2047
6841
7232
1982
1480
1521
946
940
916
6468
7446
6722
6718
1955
6283
1903
6403
7609
1955
6104
7321
1989
7100
7602
7444
7556
7246
7492
2130
7536
7115
2117
6232
1984
1477
6500
1890
6946
7434
2008
6188
1946
1490
6332
1895
800
871
914
6550
7288
1995
6915
7271
2064
6866
7805
7154
6911
1935
921
1397
6069
7269
7627
2020
885
911
935
1424
6885
7376
1975
1454
1520
937
12845
7558
2147
6675
2131
7041
1991
6553
2010
1349
6359
1945
1478
1505
921
6265
6725
6853
6488
6892
1850
6677
1958
1469
6740
7102
7402
7452
7316
7584
7391
2077
1454
1431
6852
1928
7302
2034
6122
6928
6696
1928
919
967
1458
6814
7745
7465
7463
2034
6603
7047
1917
6293
1894
1513
6220
6856
6792
7502
7323
7125
1986
928
1444
1419
7124
2038
6899
2092
928
6707
2016
889
7064
1957
6852
2040
842
976
941
6834
2025
909
7088
2037
6426
6737
1821
6156
2013
1477
6251
2044
6934
7605
1866
6359
6930
7314
7141
1961
870
6863
1986
933
6987
2123
948
863
856
6646
8057
7738
1921
799
914
6690
7188
7599
7428
7476
2044
1406
6779
7420
7162
7332
1985
1498
6412
2068
6395
2010
7024
2183
6480
7388
1944
6134
6830
7222
7232
1900
894
900
989
1462
6674
2033
908
6812
2007
1470
6878
2679
1551
1527
1432
6797
7432
7434
1949
7039
2027
6566
2126
972
6295
6782
7078
7506
7664
2136
7188
2155
882
6945
1960
1505
6462
1903
6417
6942
2001
6278
1890
1464
1458
1443
6396
6801
6605
6682
1973
6737
1928
946
7343
2055
6801
7402
2126
6898
2010
6570
7426
1927
7071
2100
6429
6832
1929
1499
1607
846
6226
1883
6291
6822
2606
1555
1496
1556
6269
1892
1432
902
947
6438
6882
2002
6791
7282
2022
6621
7502
7922
7107
1952
1413
894
7080
1922
6014
1947
910
1390
1473
1465
6784
7825
2102
972
963
915
6771
7528
1979
7002
2114
6670
1959
6748
2127
1456
6680
2057
946
907
853
6432
7012
7622
6811
6818
1933
6165
6947
1924
6523
7272
2132
6692
7385
7612
7599
2035
816
902
6788
2206
6766
2067
966
7150
2064
903
830
1427
836
6641
2095
6205
6582
1957
6350
8119
1918
7038
2002
1468
6876
2023
6533
7049
7232
6827
2063
980
933
1459
7023
1877
6438
6895
1892
6199
2021
943
6100
2155
6678
1893
876
6907
1969
7012
2057
1537
6742
7368
7427
7495
2046
7219
1978
849
7047
7324
6798
6815
1904
6082
7586
6912
7072
2006
953
6928
1986
900
6730
1988
809
858
836
6823
7622
8093
2095
7119
2022
7127
7511
7203
1888
7180
1981
1538
7046
7522
7439
7395
2171
974
6833
2064
6635
2175
857
6591
2153
840
944
958
946
1505
1464
6428
7610
1870
6214
7538
1996
6197
6798
6946
7185
7212
7342
7489
7452
7492
7655
8022
2122
1487
6587
2023
6015
1852
6225
6779
1959
6705
1948
899
970
7059
2136
6917
7312
1975
6635
7016
1996
6200
1905
889
6113
1949
6237
6842
1994
6823
1415
874
929
943
963
908
1517
830
851
1400
955
958
6769
1957
973
1434
819
1607
1616
6765
1943
863
863
1430
7240
7632
2119
6844
2036
915
6783
2022
6790
7709
7999
2073
6573
6842
6914
1881
843
6344
1911
996
6819
2005
1374
1411
1486
1479
948
6130
6842
7095
2026
6765
7328
7410
1993
6798
7853
1997
7302
6757
7459
7257
1908
1434
7098
2114
6924
2119
6778
2016
6915
7617
7322
7266
7194
6999
6822
1960
1440
6280
1849
1449
6383
1915
1484
1344
869
888
907
946
1531
893
1575
866
6765
7041
1829
6578
1944
6855
7922
2069
6873
2063
7000
7465
7465
2640
6827
1962
1477
6955
2066
915
7145
2124
6952
6777
1925
6189
1891
887
6763
1902
7029
7609
7662
7041
6982
7608
1984
6355
6835
7576
7506
6571
1999
6690
7455
7501
7520
7348
7222
2088
6871
7640
7282
7292
2000
871
6332
1819
6443
6692
1952
6226
1977
1552
1427
6527
1876
1515
916
6556
7406
1986
6797
7382
2018
7003
8008
7101
7045
7446
7181
1958
898
6954
7432
2030
858
895
6812
2071
1509
6887
2528
1371
1487
1486
6868
7926
2082
6553
2057
6395
2047
6585
1949
861
797
1682
1512
889
1547
6321
7492
1882
6934
6453
1856
6411
6895
7129
7287
2005
6773
7558
7516
7572
7497
7676
2069
1545
6462
2066
6425
1898
1392
6628
1909
6349
1998
7662
1994
7113
2095
6984
7542
2056
6685
7025
1954
6233
1949
839
6241
2040
6313
6765
6582
6552
1957
1513
1539
1441
1503
861
6752
2097
900
897
7113
2103
7133
1993
960
942
939
960
876
6866
1957
1464
6746
7186
7448
7412
2090
7139
1527
1390
6180
1831
6232
6765
6805
1923
6403
1911
6627
1932
1461
6614
1986
881
6669
1961
1507
840
985
6723
2048
6653
7322
7849
2042
7191
7600
6687
1860
6748
1942
7042
7532
7512
7382
7342
2253
1512
6918
2152
6677
2009
6497
1962
6517
6982
7456
7514
7291
6917
7021
1901
890
6625
1998
932
6647
2129
951
918
817
6856
2637
1504
1461
1461
839
1430
6908
7338
2017
6701
2043
6921
7735
2098
7222
2100
6768
6655
6738
1973
7530
1892
838
7163
2002
946
6836
2039
6739
7134
2530
6614
1904
1653
971
927
6259
7651
6897
6830
6778
6587
2025
6743
7386
7444
2056
6814
1999
7168
1992
6681
7689
7609
7092
2016
5997
6862
1980
6497
1943
1018
6890
2013
6870
6837
1928
6389
1957
1475
1552
6831
1954
6600
1964
6786
7569
2037
6713
8052
1920
6558
6865
7132
7742
2056
6773
2126
950
930
7064
2003
1375
1452
6854
1938
7008
2120
905
1433
1419
1446
6666
7206
2076
6493
2066
6489
6823
1984
6496
6732
7312
7661
6951
7172
7162
2019
877
875
878
916
6765
1980
1472
887
1422
850
1462
1534
1597
1501
861
849
6804
10919
1905
6939
2086
6986
7851
2301
6602
7554
6671
1915
6369
8252
7744
2037
829
6917
2043
841
6685
2034
6454
7105
2029
6224
1899
1466
6123
1898
6286
6848
7609
6713
7250
7511
7609
7722
7365
7339
7532
7768
2193
6533
6757
6936
6782
6662
6674
1887
6394
6992
7355
7316
2058
897
6706
1979
6927
7072
2005
6428
1903
944
945
6620
2076
6253
1926
6684
7485
2069
6936
7402
1964
6884
7675
7592
7443
2215
1519
1661
1351
855
6632
2002
923
978
6337
2015
6236
1978
883
870
885
835
7115
7433
1913
6152
1941
6302
1841
6626
1980
1456
1594
884
1516
959
884
6737
7170
7479
7638
7412
2013
6974
7418
7496
7086
6735
6826
6732
8022
7491
7532
7287
2061
935
6457
2035
7289
1983
1484
6327
1920
834
1452
1654
1513
886
861
6954
6838
1935
6443
6718
1987
6796
1964
963
6591
2079
7052
7423
2017
6785
1935
863
871
1530
1462
1470
1395
1468
1547
950
1598
899
6714
1949
880
761
982
938
935
6663
2086
889
795
1432
6882
7567
2116
7304
2101
1393
6055
1904
6153
7011
6654
6766
6796
2006
6580
2004
1005
6758
1997
985
6632
2006
839
849
870
6951
2022
7036
8043
7181
1929
6732
7288
7161
2010
6957
1988
6785
7391
2093
7005
7402
2105
931
7015
2137
6496
2091
6386
1990
6473
7698
2082
6334
6555
7265
6725
1866
966
6452
2030
910
6633
1952
890
6869
1961
1470
1482
1519
1423
1413
852
889
6829
7502
2094
6786
2079
6801
7558
2062
7278
2066
6525
2067
6098
1885
6255
1889
973
6343
2029
1410
6751
1881
7147
7742
2091
6687
2150
940
6455
2182
905
7186
6818
6692
7035
6891
1955
6086
6579
7308
7887
7505
1997
7100
7260
7188
7482
7448
7178
2028
6323
6688
6698
7593
2082
957
7194
1523
6556
6932
1991
6585
1984
856
1560
6576
2039
6640
1998
6912
8086
2024
6780
6897
1880
5989
7140
7732
7434
1949
6691
2109
6850
2064
6887
2056
929
907
6830
2096
6859
1983
829
1492
886
1358
6500
7108
1970
6492
1952
6961
1982
6531
1957
1537
6739
1939
890
1448
866
6476
7208
1978
6790
7179
2064
6843
7382
7316
7314
7500
7542
6974
6669
6594
6823
7485
1987
889
7509
2041
6882
2001
1475
6710
2050
6489
1991
6470
1915
6372
1907
6232
6958
1921
6348
6959
1989
6132
1956
939
6745
1920
7003
7369
1972
6848
7269
1982
856
1458
6689
2079
7123
2057
1513
1398
1476
1533
7109
2081
906
900
6343
2013
881
6037
1859
941
979
931
6428
6773
2046
6844
1922
874
6841
1991
6580
6969
7388
1984
6584
1979
6883
1908
871
7066
2061
935
7511
1469
979
943
929
7186
1982
6279
1957
6180
1864
6663
7698
7466
2089
7010
2062
6795
7292
8152
7461
6984
2719
1382
6611
1996
6265
1896
944
6272
6642
1970
902
856
837
6009
6895
6865
7256
7017
1951
888
1494
6863
7396
7405
7755
2083
7057
7866
6998
6701
1976
1589
1407
1470
6527
6725
8148
1986
1565
7351
7597
7282
1960
6450
2001
6466
7448
6881
6852
6916
6762
6692
1862
6774
2082
7059
7635
2309
7037
7662
7305
2020
911
897
855
1438
6845
2079
908
979
1479
1394
1533
1482
7082
2202
6557
2144
890
7083
1877
7083
1844
898
985
956
6395
6836
6758
7589
1949
952
1455
6502
7072
7241
7289
7491
2004
7278
6411
7932
2587
1487
1526
817
1410
841
6151
7242
1951
6976
2089
6938
2102
939
904
843
6655
7537
7636
7497
7361
7086
7027
6786
1870
887
6274
6659
6469
6641
7172
2022
6761
2007
1540
6557
7522
7408
7409
2080
1519
1618
6765
2087
6872
7642
7249
2134
890
861
827
6941
1916
896
934
951
6218
6715
7199
7722
2116
952
960
7045
7352
2147
1638
1448
6486
1915
6533
1956
868
928
964
882
933
1592
6329
1996
6258
1823
837
6516
1979
1472
2173
6319
8231
6717
7211
7452
1979
6785
7338
7530
7208
7432
7562
7096
2118
5950
1943
6996
6708
2039
7015
2028
6964
6974
7102
7285
1939
816
828
873
6656
7389
7622
2075
892
904
916
955
7307
2025
1478
1486
6464
6792
6578
7276
7411
7435
2055
1365
6862
2001
6872
1926
6863
7466
7152
6942
2029
909
892
937
927
858
1458
1441
6631
6851
1948
958
1491
1354
1521
6226
1938
6781
1981
5955
1892
894
888
6516
6918
7285
1840
6587
1964
873
932
6919
7801
7548
7752
2040
7035
7706
6993
6758
1984
1479
871
1507
6297
1967
6489
1981
1426
6673
7709
7479
2064
7046
1960
6583
7742
2042
7061
7385
6957
11124
2030
7123
6611
1938
6738
2098
7465
7660
7523
1979
880
830
932
895
6657
2079
1477
1446
6603
2075
1457
955
6719
2026
6864
2018
842
7460
1982
6195
1920
1553
1483
936
6330
6756
6884
6720
2051
948
895
6624
6879
7132
7272
7182
2022
6982
8075
2135
1446
1323
1486
863
6470
2016
6187
7215
1867
6706
1949
7031
2106
934
871
6858
7669
7525
7399
7438
7396
7082
1919
6405
1964
885
6370
6970
6652
7566
6867
1952
6447
1950
6705
1941
6859
7348
2033
1467
926
1439
6820
2085
6772
7332
7632
1938
832
1549
866
7120
2069
935
949
1483
6530
7586
6717
6748
1948
6752
2702
7069
7648
2052
1429
1435
6650
1976
6629
1912
1536
6650
2000
912
935
1444
6470
1916
843
6191
1893
6708
1944
924
1392
6328
6680
7275
10194
7106
2044
6741
7318
7348
2084
6890
7419
7521
2073
6509
2146
5988
6864
1934
6293
2132
6086
6732
6992
6928
1923
803
6672
1915
6531
7309
7718
2104
974
945
1674
877
6560
2051
1513
6657
7598
7501
7161
7615
2088
6986
2057
1371
6907
1989
6893
1961
6769
7426
7115
2044
1494
1422
1728
905
888
855
6429
1998
7240
7471
2031
918
1500
1406
1506
6232
6620
1952
911
6746
6713
7050
7522
1978
1440
861
1422
860
6904
7418
7342
2042
943
958
946
6821
2135
1444
1593
1536
6834
7666
7872
7112
2059
6105
6602
6822
8072
1977
868
835
7175
2101
6964
2085
983
6661
2032
996
872
844
855
1501
998
6486
2028
6420
1887
1564
1384
6521
6658
6955
6759
6808
2062
6128
7269
7637
7739
7442
7259
7202
2038
7008
2164
7087
7338
1991
6091
6952
6659
6729
6784
6883
1849
856
897
898
6704
7182
7098
2115
957
904
850
1579
6716
2041
1447
1416
6816
7966
7951
6707
1925
6716
1842
6708
7668
2126
6827
2136
6784
7516
7615
7605
2083
957
956
1494
837
870
904
952
6921
7202
6975
2488
1523
1527
1457
6370
1992
6582
7355
1958
874
847
830
6751
6666
7082
7408
7059
1996
882
975
6894
7529
7452
7432
2070
6979
7556
7262
6765
1984
974
868
6330
6930
2002
6670
1997
1517
7240
7468
7266
2072
6503
1975
6539
6950
1851
6242
7212
6814
6686
6582
7249
7382
7579
7265
2055
6694
7298
7416
1984
1477
966
900
874
6976
2067
883
955
6547
2144
1414
1356
6444
1959
6177
1940
935
6463
2034
889
801
864
873
889
6227
6700
6922
6862
2025
927
963
6705
7293
7345
7509
7412
2075
7506
7463
6599
1886
1503
1461
1572
6834
1867
6930
1984
1438
6939
2116
6779
2045
925
969
906
6917
7502
7315
7381
6931
7175
6962
6832
1836
850
1395
6249
7122
6916
6962
1988
6706
2039
1466
6620
7530
2035
6934
2089
1465
996
945
860
6970
7538
7525
1932
839
1431
920
7054
2096
910
1507
907
6525
7042
6772
6975
1943
6750
2643
7028
7515
2798
1499
863
6941
1999
6544
1946
950
6501
2006
983
6503
1994
6190
1875
903
6576
1818
6410
1948
904
937
7009
6674
7189
7612
7552
2087
6817
7407
7416
1985
6798
7665
7080
2137
6076
1936
6397
6754
2177
6185
2008
6207
6969
6995
7175
1945
821
841
1401
6541
1978
6688
2188
896
927
886
1413
6926
2107
1478
1458
7222
2190
6640
7642
1912
5963
1814
1565
6781
1909
7008
2067
6788
7546
7542
2086
947
1594
1402
913
1500
943
2074
1365
1488
6701
2146
1059
1530
888
899
6982
2122
6655
7072
1958
907
952
935
6552
7032
6728
2033
6334
1950
1396
1603
6126
6785
7119
7211
1987
6682
7452
7616
8064
2007
1410
847
872
6698
2033
7020
2025
954
7062
6961
6746
1932
6101
1900
6523
7272
1921
7067
7363
2023
6617
2131
6576
7081
1921
6452
1940
6287
6951
6722
1945
1389
1558
1438
941
6375
1999
879
830
6048
2016
883
1001
6721
1920
6944
2063
1480
6932
1981
6781
2022
1494
1494
1442
6852
7455
7626
7572
1982
6504
2054
7446
6618
6692
6646
7502
1878
6495
7042
7398
1987
6781
2019
936
6745
2040
6917
7992
2104
6752
1945
7115
1976
851
1452
924
6212
7100
7662
7472
7847
7719
7394
7386
7406
2009
6532
7212
1896
6214
6672
1964
1514
1509
938
6141
1955
810
860
6829
6783
7736
1934
6715
7049
2008
984
6769
7412
7462
7518
2029
7137
7966
7099
6682
1963
1517
863
1780
6168
1964
1459
872
823
6255
7285
7735
2027
6813
2096
6861
7092
7045
6879
7485
7561
6824
6726
7084
7273
7631
7735
2131
6852
7238
7216
7536
2059
1574
922
877
7312
2037
868
935
7432
2283
1425
1440
6119
2004
6383
1935
953
6273
2053
6314
1966
927
1396
920
6268
1900
927
6555
7076
7288
1962
6606
7376
7426
7268
7196
7488
6477
7376
7439
2124
915
861
1478
1445
1530
1368
847
838
6959
2152
6638
2097
915
937
917
6954
7712
7408
2044
6750
7126
7112
6942
7512
7321
6494
1859
6325
6976
7285
1940
6550
7476
7442
2073
6712
7391
7549
2039
1578
1345
7023
2100
1438
6401
6736
1995
915
875
936
6263
1879
862
1448
965
6183
7208
7501
7629
2080
6610
7261
7255
7742
1988
929
1460
6985
2582
6591
1961
1441
1341
892
845
1019
947
900
1514
1459
922
869
6286
1902
1452
963
1370
6197
6641
7046
7436
2013
6923
7304
7234
2174
7549
7490
7636
2110
6849
2146
6082
6765
2075
6349
1944
6067
6702
6985
6985
1940
6915
10681
1914
886
896
6901
2075
886
945
978
872
1490
1486
1430
1361
7005
8110
7141
6858
6572
7269
7524
7494
7601
2000
6945
1927
6792
7434
7356
6908
2047
959
899
6801
2050
905
939
871
870
884
926
2052
1385
1577
1693
6343
2066
6343
1924
6284
1901
6026
1951
6447
1856
6389
1944
6750
1950
6548
2057
6791
7505
7389
7392
2064
6967
7632
7092
6862
1975
1452
6409
1959
6318
2702
6813
2092
1473
7094
7663
7292
1964
6405
1958
6429
6962
6694
7170
1842
6281
7388
6525
7232
7728
7632
7422
2033
6644
7412
7382
2068
901
1507
1525
1423
6915
2003
1437
916
6508
2111
1570
1393
6175
1965
6306
1998
1537
6275
2023
6904
1953
892
886
870
6910
7055
1890
6487
7112
7164
2221
6707
7494
7820
9811
6208
1950
6046
7334
7525
2171
992
1447
1510
1466
1458
6990
2134
845
6856
1999
6814
2022
906
891
941
6751
7518
7392
2065
6483
7052
6842
6973
6719
6882
6762
1933
6406
7172
7222
1992
6789
1953
6810
2074
6837
2080
6743
2011
7033
1959
7218
2064
6493
2100
6077
1901
925
895
858
6297
1842
1389
1472
1719
6444
7322
2058
8031
2067
6789
2063
6557
7066
1945
1532
1525
6515
1928
6565
1901
877
886
6332
6920
1998
1452
901
925
900
1407
1395
6244
1896
883
897
7812
6812
7262
7366
7422
2009
6910
7336
7382
1955
6895
7521
7231
2123
5996
1953
6195
7052
1974
6123
2010
6199
6976
6978
7262
1992
835
6734
2085
877
972
6774
2027
958
931
874
878
7078
2251
1516
1428
6562
7199
7315
6601
7279
7599
2026
7025
7605
1978
6915
1920
6807
7295
7106
7135
2077
947
900
6474
1990
921
868
855
868
924
1037
6931
1955
1405
1745
7050
7346
1998
6128
1956
6349
1939
6514
1974
6723
1905
6529
1930
6774
2090
6787
2087
925
952
963
7061
2120
869
1749
1498
6830
7689
7892
6979
2026
6203
6618
7670
7341
1905
889
836
7132
2129
6920
2246
971
931
956
872
911
865
881
1556
1397
1373
1535
6631
2213
908
874
840
6448
7042
7434
7344
1849
6573
6796
6942
1936
6087
7252
7737
2016
6952
2091
6909
7246
2043
6661
2117
6855
7622
7322
6772
1993
884
836
1457
1464
1440
1304
1411
1438
965
1476
888
949
914
1484
865
6350
6702
6937
6728
7120
7022
7097
7266
7318
1955
6859
2033
7245
7012
6670
6738
1981
1560
1407
1524
888
1489
921
888
1372
1390
812
899
979
1440
976
1524
1395
6712
1972
7147
2090
7035
2078
6679
1954
7164
1969
7122
2047
974
897
1471
7133
7475
7215
2062
7241
7401
7461
6799
1874
854
841
852
6097
1913
926
1396
1431
6223
6981
7312
2041
6602
2070
7027
7449
7307
7362
7466
7508
7288
6789
6785
7519
8061
7672
2118
6822
7227
7317
7146
2023
888
871
827
6625
1911
959
946
7056
1936
907
1614
6557
1903
6253
2618
1511
6906
1991
6092
1889
881
840
1639
6595
7442
7608
7436
7236
7189
7593
7576
7216
6702
6728
6686
2041
6891
7537
6985
1921
951
1491
873
812
862
1436
959
1392
6546
1968
6686
2059
1505
917
897
6784
7522
7619
8135
7828
6897
6686
7252
7492
7172
7622
7382
7562
7365
7426
7095
6979
1967
6172
1874
6129
1823
6133
1853
6101
1901
6383
2080
6294
2020
6504
1981
936
873
1518
6784
2168
1434
1407
833
6984
7716
7376
7336
1973
6816
7406
7015
7139
2164
1484
1000
6436
1967
6512
1981
882
6990
1885
958
914
912
1465
1493
1550
1413
964
6900
2107
915
847
890
6924
7505
7146
6832
2086
6095
7776
6851
1909
6495
6751
6888
1975
6849
1941
6939
8155
2062
6865
2176
6693
7376
7498
7336
6968
2023
6445
2605
6402
1962
6478
1955
855
861
860
966
6891
1996
1450
1532
960
6057
6802
6793
7240
7262
7462
7664
8096
2016
6950
1922
6220
6658
7242
7446
2007
940
1672
6599
2127
1397
1501
1482
886
6632
2020
6804
2002
7171
1989
7063
2049
6907
1973
7290
2035
6368
2031
6239
2047
6063
1991
6147
1943
6237
1842
6526
6758
7222
8172
2879
6997
7612
7412
7195
2005
1477
1332
915
6640
2162
957
935
870
7207
8437
6865
1920
6553
1953
6440
7365
7382
7612
7406
7102
7152
6652
6605
6872
7629
7634
2155
6180
7321
7268
7223
1957
873
927
963
6683
2023
1504
1505
6715
2086
941
902
7020
2025
7101
2097
797
6799
2001
6366
2069
962
912
903
1515
7000
1888
6410
1865
6408
1904
6156
6685
6839
6932
7272
1959
6745
7538
7752
8102
2131
924
1556
1440
1434
6257
2019
874
6584
2116
6191
1927
946
877
908
6660
7407
7302
2013
6639
7341
7759
7390
7410
2001
6672
6955
7295
1962
6010
1938
1453
6162
6722
1867
6507
1877
6336
7252
1936
1042
6799
7612
7745
2169
938
7016
2095
804
850
1442
6722
7469
7658
2125
889
7030
7541
1910
6408
1859
1460
6475
2206
947
7790
2006
7106
7498
2018
6829
7182
6802
1934
846
835
6151
6508
6696
1985
6623
6862
2069
6318
2004
951
6830
1935
1479
1459
1500
6879
7362
7322
7225
2014
1380
868
853
6875
7758
7585
7258
7126
7087
1925
7097
1974
6168
6602
6596
1960
6325
2026
6533
7242
2007
6971
1944
7034
1973
861
7465
6321
6665
7621
1980
1489
6785
1886
6788
7518
2059
1452
1493
939
6646
2054
950
6894
1923
7200
2084
6904
7505
7269
6972
1833
965
940
6798
1991
6050
1914
7002
1861
954
6180
1890
6544
1915
1529
6702
2008
6605
2008
1482
6961
7738
2013
976
977
7133
7404
2080
6603
2185
6580
9713
1953
881
1373
6353
7652
2152
1001
6420
1878
6557
7216
1989
6862
7496
7382
7302
2007
1613
6419
1994
947
1475
6135
6585
6809
1879
942
1419
6476
1997
905
6983
2043
6937
7264
1939
6767
7242
7220
1957
814
1442
1628
1507
6667
7528
7614
7370
2025
850
915
901
1542
951
6332
2141
6160
2049
1509
845
6378
1860
6370
2046
950
6860
1871
6107
1861
6292
6796
1982
1520
969
978
6816
1966
870
6926
1999
822
7046
7959
8495
7721
1954
6463
7658
1979
6957
1978
6750
2086
922
837
1437
6632
7363
7592
2047
7045
2040
6729
2026
6701
7085
1937
6263
1981
6377
6646
1898
6751
1950
7555
10611
1792
943
6253
7171
7377
1986
920
7004
1978
855
912
1464
7212
7452
7306
2176
6777
7472
6942
2088
6431
2031
1555
6414
1971
930
928
877
6538
8220
1890
6838
7712
7666
1967
927
957
6561
6851
6657
2017
6267
6932
1952
7267
1998
860
6204
1923
1557
1550
857
6217
7359
7555
7379
1963
6661
2134
877
6656
2180
6764
7502
7239
7022
2128
6316
1914
861
6552
7339
1890
6279
1933
1403
6832
1976
6223
1950
6266
2574
1395
1454
6859
7291
7358
7490
7982
7587
2218
6947
1984
6860
1991
960
889
6817
1917
1391
6890
2069
6565
2024
6858
7539
2067
6906
2067
932
6965
7462
1951
6577
2012
6426
2040
1530
6120
1899
6032
1866
931
6231
1929
6169
1962
1479
7195
6932
1931
888
837
6670
7676
2018
6929
7569
7332
7192
2071
1527
876
6711
1980
1463
1522
6802
2093
6398
6922
1904
7100
6851
7417
7427
2090
1478
6712
2040
882
829
6753
7060
6920
2001
881
937
6197
1997
873
6178
1900
6363
6965
1920
6248
6797
7372
7172
2052
1473
1366
890
6911
1988
6526
7295
2023
7039
2042
984
956
876
7155
1948
6883
6855
2045
813
6213
1996
883
6270
1962
6602
1885
6856
2075
5968
6726
2026
941
968
919
827
851
1383
6408
2003
6654
7532
7744
7820
7317
2095
6213
6967
2255
6402
1936
6768
1867
838
6946
2073
6684
7257
2055
1509
6806
1981
6957
2042
6746
7313
1948
6509
6952
1926
955
6229
1960
6077
1933
870
6161
6686
1912
911
818
6362
6981
2015
6942
7178
7530
7653
2118
1345
1404
6825
2148
943
963
6790
2069
6856
7623
2119
6462
6822
2028
6371
1889
1410
6453
2034
941
925
920
7056
7616
2065
6880
2009
6789
2011
1674
1469
1412
6525
7099
1917
6753
6455
6918
1913
1504
1499
962
6623
6892
2072
6333
7635
1906
7030
2117
1439
873
1483
7004
2121
6667
7174
1999
6839
7592
2145
6878
2112
1670
6364
2117
7071
2002
6491
6931
1979
885
866
1410
6245
2007
878
6126
1904
6332
6849
7102
7329
7662
2043
6936
7988
2047
6335
1934
7177
1950
1539
1500
1405
6312
7264
7390
2001
6706
2184
6547
2051
6842
7845
2162
6780
2122
6937
7219
2043
6140
1928
6803
12347
1832
857
6172
7552
7044
1862
908
6312
2011
2006
1395
1449
6617
7388
7756
2131
6999
7349
7319
2045
6649
2042
908
6774
1965
1437
6328
2033
6239
7002
1984
7156
7301
7665
7672
2055
965
6812
2068
6480
1973
6319
7356
6617
7009
1861
1466
6584
2050
1489
1411
6449
6903
7169
7249
2179
846
6639
2164
964
6509
2217
6720
7518
7740
7375
2099
6333
2088
6222
6858
1885
843
6870
1937
6209
6519
1936
6277
1962
6301
1960
1387
6695
7362
7676
7913
2082
6652
7665
2035
6472
1975
1523
927
882
886
6346
1885
912
7636
1959
6777
2173
6566
7214
7348
7622
2186
944
850
6774
2129
6744
2056
6516
2077
1620
6467
1957
6152
1917
890
6081
1942
6054
1951
932
6108
6778
1950
846
854
6363
7302
2060
6751
7662
7742
7741
2080
936
1358
6733
1971
1498
1462
6681
2024
6853
7192
2136
6489
6974
7162
7411
1929
828
6952
2029
7062
2044
6929
7089
2044
912
962
1495
7041
1956
855
6118
1943
6160
6782
2032
6572
6789
6835
7423
1921
1415
879
868
6934
2086
6653
7229
2011
6913
2079
959
894
861
6756
1986
6815
7372
1970
957
6513
2082
6245
1890
1391
6514
1919
6714
2010
6254
6612
1985
1555
920
878
6204
1931
6179
7096
1906
6941
1997
6820
7459
7989
2055
6330
6945
1990
908
910
6326
1849
1468
1527
1517
6860
7416
7261
2039
6756
1982
6882
1963
7179
7659
2110
6783
2050
6711
7019
2061
6096
1975
6728
6871
1897
853
6348
7660
6708
1913
1511
6636
1986
961
1398
1400
6980
7586
7594
2082
6698
7388
7396
2036
7011
2047
936
6350
2104
862
838
853
6227
6906
1989
6399
2062
6834
2019
1454
6887
7335
7399
7057
1947
6457
6645
1857
6132
1953
1518
6409
1979
870
822
886
6686
6862
7683
7281
1893
6862
2085
1090
6820
2142
6532
7222
7402
7882
2017
6867
1980
1427
6347
6792
1863
6410
1937
6402
6595
2013
6084
2522
6214
1991
1540
6297
7261
7238
7630
2065
7164
2152
952
7576
2106
6431
1929
861
835
7088
2068
1637
6865
7145
7552
2083
6742
7486
2026
6756
1969
862
1460
7141
2151
6843
2076
6717
2032
1389
6490
2013
917
6262
7352
1972
961
902
6095
6576
1930
6194
6822
1919
6297
1927
827
6572
1975
6935
2036
1455
6955
7559
7528
2277
7100
7398
7816
2091
6313
2178
1694
6163
1990
888
930
874
6318
6879
1945
7724
2006
7004
2115
926
964
6933
1999
6998
1935
6539
6991
1949
6834
2649
1500
6861
1871
845
830
1461
6249
7261
2041
970
1504
860
1413
1407
6396
1927
6479
1967
6884
7388
2082
6762
2085
1447
1470
1470
983
6585
7220
2045
6822
2023
7155
2013
6896
2075
1441
950
6408
7102
7046
1968
6499
6729
2036
6043
6601
6862
1995
902
838
1477
1645
1513
6462
7456
7643
1991
7022
1960
929
10398
7078
1974
941
6418
1976
6890
1931
6868
7652
2027
6653
2048
6573
1962
886
6915
7999
7549
2082
899
6965
2576
2053
6548
2055
6465
6572
1999
6725
1929
6486
6669
2098
893
939
6358
1922
853
929
6564
2060
6633
7359
2083
6992
7652
8318
7485
2025
851
6617
1914
6730
2016
6515
7746
6913
1990
6570
8119
7407
4940
1402
6937
2004
6812
7315
1971
6411
6883
6667
6790
1900
915
957
6446
6776
6839
7182
7219
2078
6595
2070
6536
1929
879
6833
1920
6823
7715
7555
7815
7554
1934
1462
6440
1876
6631
1960
6120
1972
6015
6822
7072
2056
877
1002
6932
1959
897
6960
2001
1394
939
7193
7856
7402
7829
6827
7529
1924
6925
1997
6846
2075
6649
7566
1985
1471
6791
7891
2667
6760
2112
6659
2037
6559
6959
1963
6217
1876
6226
6572
1928
934
944
7131
6791
6772
7108
8461
2048
7022
1988
879
7370
2019
7759
2008
819
6702
7419
7442
2076
7142
6924
1970
1357
6430
2064
1519
6489
2031
1442
929
965
6890
7629
2018
7229
2066
6994
2103
6661
2117
6232
2003
6077
2079
6704
6829
1937
7511
2059
866
6246
2578
1515
1483
871
6205
7325
7489
2189
1450
938
925
991
6599
2101
6684
7212
7355
7664
1961
6756
1971
922
6387
6950
1818
6391
7391
2080
6209
2019
6041
1974
6275
1845
1553
1566
9240
1942
6895
2025
6689
7835
2014
7309
7885
7055
1938
849
1449
6820
1980
896
6245
7295
7955
2107
6681
7178
2040
6883
1982
821
1452
6898
2088
6962
2151
6843
1960
922
7421
1937
6426
2069
953
6866
7358
6831
1947
1485
871
871
863
6359
1870
6527
6711
1972
6634
1973
6785
7669
1960
1388
1588
7207
2179
1481
6773
7229
2062
6624
7722
2059
6378
6899
6775
7162
1978
1437
7112
1901
6852
2094
6940
2190
6940
2033
6557
1996
6642
1978
957
6487
1947
6139
7589
1481
6401
6775
7414
7355
2531
892
848
6724
7192
7155
7375
7729
1965
7106
2022
921
919
944
6842
2036
6392
6946
1875
6358
6958
1874
860
6175
2161
6063
2115
6209
1947
6377
7209
7257
1951
6916
1983
7231
2143
1612
7480
1495
935
1429
6441
7096
7738
1877
6840
7528
1953
947
971
6849
2115
6615
7423
2004
7083
7412
7332
1990
6849
1981
6310
1927
6038
6509
1972
6103
6680
1913
1452
6440
6752
7258
7262
2074
900
888
970
951
942
6966
7602
2052
7195
2035
6680
7546
2047
1503
926
7089
2118
1473
1380
6457
2074
6282
6826
1971
6483
7305
7544
7718
2069
879
6780
7101
6912
1944
6754
6827
6685
1898
6608
6875
6872
1891
888
6880
1954
6852
7579
2142
6583
7215
7432
7632
2110
938
7035
7068
7840
7081
6832
6826
1981
6669
1906
6317
1925
1534
6346
1992
6507
7429
7639
7592
8112
2019
7178
6717
1860
6187
1992
6840
1945
7036
7340
2177
961
6908
1985
6954
1956
825
7292
2081
821
929
6951
7438
7536
2111
6142
6594
1910
1445
1477
6727
1962
923
7026
1924
6298
6785
7061
2080
6780
1934
6722
2181
7030
7669
2031
6706
2102
6727
7282
2055
1475
902
1432
6754
6912
7570
7194
6952
7259
1863
1442
6784
2099
6847
2080
1402
6749
7103
6881
1944
6117
6808
6902
1883
6423
1958
1577
6282
2043
938
887
1461
7034
7268
1922
839
933
6742
2097
1442
1493
6919
2050
1580
898
7038
7308
1991
6839
2026
903
7203
1969
820
933
930
6780
7009
2134
943
886
810
1462
1681
6155
2106
6318
1907
6433
7422
1289
7132
1865
900
947
951
943
6176
2071
835
6269
1949
6821
1886
6882
2060
944
7003
7845
2097
7394
2169
6316
6943
1940
6320
7405
7299
2078
1007
944
6888
2120
864
6658
7342
7518
2003
6944
1995
932
7001
2000
924
935
894
1409
6648
1984
6264
2039
1579
6143
1898
6248
1857
857
6141
1927
6194
1957
1504
935
6533
1990
6268
1912
6518
7356
1957
7076
7625
7455
7296
1993
933
925
6841
1963
1424
1473
6793
2099
6444
6955
2004
6538
7108
7410
7739
2072
903
6853
2048
6799
1987
6584
7062
6635
1977
6013
1943
6400
1938
957
6749
2020
6288
6782
1912
6855
7516
8099
7327
1913
1441
1513
6848
10675
7526
7293
6962
2058
6959
1891
6641
1880
851
6444
1986
6395
6615
6804
6766
1986
938
1482
6687
1954
6893
1954
6796
2024
6944
7126
6974
1935
6316
2013
6926
1912
1370
6832
1890
929
950
6899
7254
7200
2039
6954
7462
2085
934
873
7019
2089
841
6830
2064
6454
6838
6710
1965
6112
1966
6364
1923
6424
1946
899
6462
1884
6240
7285
2033
6853
2270
7197
7779
7512
2004
6551
1946
6888
2036
927
6966
2082
6311
2116
1501
6572
6731
7151
1948
6730
7463
7250
1992
7064
1962
833
6726
2017
898
1477
1419
6451
6616
1976
6277
1983
6430
1990
912
1465
7231
1898
6422
1960
6426
7220
1816
7054
2082
968
6604
2077
947
868
840
6637
7259
10864
2595
1505
1454
1440
956
7006
1977
6936
2103
6244
7602
1968
6520
1946
904
879
856
6442
7711
5994
1885
6562
1896
6387
2055
6679
1982
1559
1374
6746
2048
6963
2046
7243
7961
2110
6597
6719
6697
1931
905
861
6866
1819
878
6915
7372
7322
1979
6830
7752
2126
6940
2182
967
949
6775
1926
6728
2723
6305
1973
6137
7406
1929
1348
6151
6752
1931
846
922
6336
6862
1982
958
6697
7195
2020
1588
851
6919
1935
6992
2051
913
956
6882
7336
7535
2753
7017
2011
1534
6513
7074
1933
6434
1950
968
6482
1964
7045
7495
1985
6750
7466
7434
1942
887
6395
6602
1944
941
919
5999
6776
1968
6565
2007
928
1513
6413
2078
1469
9050
7258
1943
853
886
964
896
7135
2086
6802
2146
961
6625
1955
6693
1928
6772
2105
6969
2044
1513
10260
6999
2078
1442
6279
1985
915
1493
6733
6898
1980
6486
1965
6162
1832
830
6471
6915
1959
1520
6578
7338
7650
7538
2046
7534
2088
6472
6712
1998
6155
2052
6948
1890
6856
7367
7279
2632
6921
7750
2128
1512
6888
7497
2028
1478
6676
1981
6282
1946
946
6036
6522
6612
2031
956
6971
6927
6800
2017
6659
7299
7702
1980
7009
1978
6812
7320
7284
1959
863
943
6997
2066
6523
6962
1884
1488
6503
2110
6788
7245
2015
6959
2193
898
6896
1991
811
855
6792
7275
2008
950
7016
7421
6590
1920
941
6419
1971
6542
7718
7210
1913
6609
7212
2739
1619
6606
7374
7290
7368
7608
1973
6753
1969
7317
6916
1885
7298
1835
6440
2022
6270
2008
6695
6758
1956
899
6307
7189
1949
6981
7654
7769
2037
881
7437
2017
6309
1932
6229
6808
1942
1459
6893
7222
1954
1486
1490
946
6765
2072
6770
1998
860
6268
1908
6982
1972
7069
2037
955
1475
7050
2063
1482
6670
1992
1540
1465
6313
7642
1920
6121
1943
6106
6666
6102
1892
860
6513
1990
928
1474
938
6543
1952
867
883
6774
1971
7032
2011
982
1402
7255
7541
7318
1965
6743
2042
912
7081
2100
945
7140
2099
1439
7126
1851
6431
7038
2039
6712
7269
2038
908
920
6840
7637
2064
947
6550
6816
7472
1906
5977
6942
1949
1503
6418
1973
852
6413
1912
906
1609
897
6292
1919
6751
1932
7145
2318
882
6628
7336
7192
1982
6691
2025
6782
1995
906
6670
7082
2082
1459
6242
1986
954
956
6556
6976
1976
6911
1971
6178
6772
1816
6248
7082
1926
864
6879
7352
7468
7876
2070
6372
2032
933
6950
1988
6074
1886
6958
1912
7092
7215
7514
2069
6731
7473
2071
1618
7291
7624
1973
926
6477
1966
6335
2206
907
895
6236
6589
1969
6205
6892
6875
6945
1943
6615
7335
7746
1964
7033
1998
6791
7179
7309
1989
914
1478
6825
2054
6365
6986
1837
6402
7252
2046
6762
7682
2074
6847
2086
967
6694
1993
816
6731
6926
7382
1866
855
6262
6801
1936
958
954
6462
1985
871
6425
6736
1900
6713
7233
2151
6704
7172
7445
7519
2058
6991
1985
6743
1971
6453
7742
1896
870
974
6404
1936
6412
1928
6296
6509
1967
905
6613
6749
1940
6636
7624
7482
1915
825
7214
2090
6548
2227
1612
7020
1894
1489
6240
6736
1953
916
898
910
6793
1840
1666
7141
1971
6646
2156
6647
2041
6795
2055
934
918
7046
2050
1495
6943
7369
2031
1474
6439
7057
1872
6066
7462
1890
847
6925
7451
6871
2014
909
6206
7338
1960
974
6698
7575
7583
2104
6955
2067
1425
6730
7520
2091
941
1513
7012
2679
6341
6998
1864
6273
7122
2015
6743
7549
2125
6709
2100
930
6785
1983
883
6739
6828
7336
1889
885
5956
6688
1987
1472
853
6495
1993
889
6555
6992
1895
6828
7377
2752
6932
7352
7195
7657
2204
7271
2065
6996
2065
7195
2037
1466
967
1505
6435
7132
6869
2022
6284
6609
1919
962
6512
6906
1974
6735
7322
7464
1937
902
7098
1993
7290
2062
6965
6884
1958
1398
6287
1967
1461
992
963
6795
7286
2051
6812
2085
849
6603
1950
7154
1967
7283
2176
946
926
6910
2099
857
6971
7109
6875
2725
6101
6552
1930
6144
1868
6241
6816
1900
914
859
6345
7185
2012
963
6787
7620
2071
957
975
7080
2021
6828
7212
1984
879
6750
7423
6970
2258
6240
2016
6498
6936
1913
1407
6674
2003
919
6893
2093
6737
7376
2086
6902
7045
1964
1466
1426
7072
6604
1875
939
6389
6909
6845
2006
6870
7162
1905
961
6807
2097
938
6657
2109
1621
1472
845
6685
1947
6688
1878
6996
2080
7033
7321
7175
7719
2055
932
901
6378
1928
869
6395
7721
1896
892
5979
1879
932
1399
6318
6796
1948
6692
1964
6839
2000
952
7121
7939
2290
6894
7794
6680
6802
1920
1431
6823
2065
6763
7305
2067
6564
2017
6763
2035
7125
7549
7755
2190
6510
6888
2039
1482
1395
6303
2002
1476
6810
1893
6079
1823
845
6161
6718
1897
950
1045
7187
7435
2140
965
6773
7652
7899
2151
6909
1958
6709
8961
1966
868
914
1546
6801
2064
6473
7015
2007
6431
7144
2034
6717
7317
2091
6882
2187
958
7093
1995
826
6719
6802
6742
1897
862
6803
6768
1897
928
947
6558
2024
1045
7206
6678
1888
6800
7476
2151
6662
2137
6793
7151
2019
6980
2018
6765
1946
6756
7182
2008
945
6220
6948
1970
6529
1972
6292
6558
1976
908
6259
6852
1920
853
6572
7219
2001
1461
7004
2033
6919
2060
6535
6868
1924
1489
6363
9506
1901
930
910
1498
6824
1871
6889
2019
852
6797
2051
6784
2076
6754
2048
952
1554
6931
2040
1513
7042
7705
2019
1458
6485
6893
2006
6246
1928
6855
6801
1873
977
883
6266
6909
1918
1026
1459
6311
1919
856
1413
6643
1946
6818
2149
1605
7015
7595
7645
7179
1975
6782
2070
1426
6932
2079
926
6400
7872
1880
6262
1871
6483
7488
1870
6914
7306
1990
916
901
6798
7185
2078
1531
6579
6731
6549
1930
6407
7742
1896
1539
6475
1998
1473
6306
1899
6728
1855
875
6807
2099
6561
2028
6506
2145
945
6633
7742
2051
871
6986
1981
6730
2015
849
6381
7536
1961
1574
6501
6972
1892
1518
7011
6505
1945
6435
1954
6403
1992
886
6647
7265
1924
817
6906
7646
8182
7681
1956
6307
2017
6170
7469
1978
7014
4912
6619
2134
6745
7711
7671
2111
6885
7361
1954
1617
6564
6922
1961
1449
6030
1877
882
867
6022
6648
1968
6279
12155
6298
1964
1437
1021
6530
7259
2047
1450
6882
1959
6980
2016
886
956
7115
7476
7742
2101
7009
2021
1564
6364
2101
954
933
888
6411
6963
1875
863
6604
1928
6766
7506
7632
2191
1513
6905
7116
2030
908
6284
7545
6490
1881
6183
6959
2151
6572
6944
1993
1501
6949
7378
7486
2081
847
6681
1939
6611
1957
6878
2062
7069
7488
7076
6918
2142
6627
1935
6477
1956
925
6443
1977
1429
1434
6998
6676
1923
974
6307
1985
1382
6488
7278
7512
2044
1433
6967
7986
2087
1508
7015
6707
1937
913
867
6215
7395
1904
6902
2105
6812
2177
6516
2168
6889
2024
7284
2137
6873
7599
1994
6558
6862
6729
1973
1525
6763
1908
6134
6768
1866
871
6439
6771
1953
967
6699
7228
7736
2012
1419
7072
7499
2118
6928
2060
6688
7412
6942
2029
862
878
6403
1955
6415
7229
1982
7462
7384
7459
7376
2063
1384
6811
6837
2143
6111
1970
940
1602
6097
6772
1905
870
6396
7562
1902
881
1619
6352
1984
927
6649
1948
912
6821
7242
2013
1580
943
6549
7342
1967
6856
1963
6980
2096
6914
1990
919
910
912
6360
2119
6125
1875
6432
7012
1948
6332
6506
6858
2018
856
6371
7175
1935
6848
7499
2030
1443
1500
7409
7336
2101
1440
6312
6838
2016
936
875
6935
7372
2046
842
6757
1994
6707
2094
6585
2241
6785
2024
6957
2086
6948
2213
875
10604
2031
1496
1467
6452
8035
1948
6118
1913
6115
6548
6658
1895
6392
6866
7222
1992
922
1452
6944
2073
929
882
7166
1940
7104
2016
6933
2075
6621
7461
7502
2113
6486
2137
1385
6267
1969
976
6639
7065
7516
7362
2122
7021
2076
882
7059
7156
6741
2067
858
6171
6509
1895
956
6262
6929
6912
1974
6303
7309
2096
977
7021
2101
869
6619
7452
7236
2172
1496
6769
2023
865
881
6755
1915
6702
7809
7001
6899
1965
7173
2017
6988
1462
915
6132
6770
1910
1418
6256
7072
1921
843
6770
7382
2039
6991
2133
6565
2094
1388
6355
7529
1973
1552
6780
7317
7422
2072
1526
6687
7156
2001
6973
1971
7028
1975
6963
2083
7003
2031
6430
2068
6458
6732
1937
6690
6715
7502
1944
1658
6349
1873
6227
1934
1483
1441
6655
1882
852
1399
6955
7915
7748
2111
6726
7192
7322
2086
7052
2036
6341
2108
7082
2126
902
867
6272
1875
6559
7482
1965
6931
7449
2061
1428
1415
1700
6893
2016
942
6618
2026
868
843
6352
7518
1923
881
6235
6826
1943
945
1537
6403
1981
878
6616
6729
1904
6886
7182
2082
1536
1600
6807
7209
1930
6724
7752
7892
2018
6826
6920
2018
966
1496
6215
1929
6360
1976
6595
7419
1943
874
6026
7662
1878
891
6376
7290
1975
922
6958
2032
6891
1925
7078
7347
2190
1457
6341
6702
2038
1466
888
6149
7376
1873
818
7024
2000
6623
2213
6611
2068
7628
1398
6868
2141
6817
2050
1426
6775
2045
1607
1448
6480
7202
1911
6133
7336
1891
834
947
6814
1940
912
946
7088
6764
6822
1996
6530
7242
7525
1938
7015
2029
7102
7402
7538
2057
984
7036
7402
2101
6156
6808
2493
6550
7277
8706
2005
1584
1510
6839
2130
908
6730
1989
924
809
6649
6966
1892
915
6114
6489
1952
943
882
6229
1907
859
6483
2043
1509
7058
6825
1895
1351
882
6925
7390
1996
6758
2165
6815
2039
6579
2018
1488
943
1569
6819
1995
6922
2020
7004
7152
2056
940
7145
7175
1917
1464
1518
7233
1949
914
6555
2007
1573
1391
6140
6692
1901
831
6567
7159
1926
943
6819
7459
7679
2042
7402
6901
2025
6801
7441
7360
1961
6798
2049
1531
1676
6825
2085
1331
6526
1941
862
1038
6981
7766
2112
907
1009
6929
7510
7124
2057
6190
6569
6549
1853
877
883
6092
1908
929
1543
1486
1508
6295
2020
958
985
6326
6796
1992
870
6578
1914
868
6785
2035
915
1632
6973
7578
7496
2065
6623
7348
1995
6729
7058
7271
1922
1613
6433
7152
1931
1562
6868
7616
7552
1994
6823
7174
1954
6359
6629
1856
948
6069
7596
6408
1959
962
6550
2015
6226
1941
6647
1992
6832
7241
7162
7205
2030
6806
1982
6846
2031
951
6843
6992
2142
1396
6146
7722
7001
1999
6257
1936
864
5935
1941
6439
1927
788
6312
7206
1922
862
6931
7819
1972
949
1498
7257
7299
2103
7039
1972
848
1537
6382
2122
6072
7232
7492
2025
6994
7430
1987
6892
7472
7156
2055
845
6527
6922
7785
2021
960
904
6337
1992
952
894
6934
7364
6438
1834
9428
7102
7172
1918
6631
2016
6942
7622
7397
2091
1566
1408
6988
2061
7055
7587
2041
6508
6736
6862
1969
6315
2036
6747
1905
7107
7652
2018
856
6701
6980
6992
1969
895
7156
6771
2073
927
917
6321
1887
877
6320
2133
6740
6594
7379
1996
1434
1342
7172
7577
2031
6895
1940
6695
2141
6564
2059
910
933
892
6870
1967
7045
1994
6484
6775
1878
904
6298
7019
2003
1521
6232
6844
1876
1548
6365
1896
6464
1952
6759
7212
2009
1424
6677
7516
2033
837
6604
7932
6787
1890
903
6025
1905
6888
1979
7047
2120
6808
2070
7017
1966
6878
2065
1547
6852
7372
2103
913
6660
7019
1961
6418
1945
6348
7572
6761
2157
6807
7145
7108
2112
895
971
6681
1937
836
825
6656
2059
6961
4409
960
1516
6961
7337
7235
1980
6843
2057
1516
7019
2096
945
1432
6522
2081
6072
1818
6147
1857
1432
6315
7492
7592
2095
948
6851
7182
2135
906
6593
7305
6831
1953
6272
6934
2016
6470
1935
1545
1348
6069
2024
5999
1871
1527
6730
1948
6910
2046
6824
2061
6866
7388
7286
7692
1999
7100
2015
7043
2010
877
5995
6847
1912
963
6323
6762
1987
1627
7090
6851
1949
6625
1967
6732
1936
833
6576
7469
1969
1486
7015
8015
7841
2020
1482
6392
6729
1858
6832
1863
7238
2015
6806
1999
6815
2055
6839
2061
6821
7232
2158
1405
6584
7429
2059
1474
6620
1983
935
863
864
6927
7395
6855
7257
1912
6228
1896
938
951
6512
7219
7182
2056
6837
7456
7509
7693
2079
902
1392
1466
1527
1506
6975
7849
7162
2018
1408
1381
6278
6652
7025
7471
1984
1548
959
7134
2113
911
920
7088
2018
839
6630
2055
6521
2090
1557
1421
1472
7227
7410
7581
6771
7048
6762
6699
1972
6720
1963
7027
7734
7485
7516
7212
2094
962
885
6968
7787
2080
920
1495
6477
7722
6825
1939
944
894
6222
1952
6210
6742
6941
7050
1961
1540
6608
7156
2081
1697
1427
6961
7352
1979
6549
7719
1914
6285
6528
7279
7659
7598
7431
2023
960
971
914
934
865
1486
897
1020
6867
7613
2125
1521
6670
7376
1973
1691
1508
6476
6936
6986
6882
7412
7251
1918
905
903
874
6434
1827
6587
7216
7144
1995
1541
997
6903
2119
920
847
853
6832
7301
7497
7397
8402
7057
2136
1507
1492
6302
6848
6825
1982
869
853
1458
6777
7612
7605
2100
6632
7273
7284
2020
7123
7738
1911
6455
1911
6482
6555
6622
7115
1825
856
863
1517
1755
1437
1368
7143
2031
6873
2112
983
956
933
842
7454
7371
7249
2018
831
6894
7484
7776
2137
945
940
5998
6935
6763
2006
6103
1957
853
1524
1468
6340
6822
1950
1431
6410
7369
7194
1958
859
6695
1991
948
7001
2114
913
870
1431
834
963
7298
7405
6814
6590
2127
6603
7452
7410
7399
2165
1404
6759
7595
1993
6624
7202
6975
7089
2006
944
921
1487
923
6343
1931
6217
6672
6775
1832
6376
1839
966
923
6449
7391
7056
7522
7635
7709
7612
7482
2040
1524
1486
861
1444
1510
7033
7154
6806
6769
1987
1389
7077
7361
7470
7642
2021
878
6902
2042
980
963
909
6467
2025
881
6499
2145
787
7069
1983
902
7013
1854
6348
6774
6799
6524
7250
7642
2045
6809
2051
6831
7278
7192
7728
7452
2091
1514
940
6519
2118
849
1443
1426
6176
6809
6805
1985
907
1527
6916
2088
6294
6891
6936
7102
1971
857
6779
7132
1994
1531
1649
6740
8008
2040
7132
6941
1876
6698
7155
7617
7366
7498
7531
7343
1994
912
972
970
911
897
1457
936
6875
8249
1955
941
6448
7017
2266
1364
1409
7065
6823
6788
6533
6925
1934
6559
1989
999
929
6770
1959
6954
7372
7522
2042
887
867
6737
2052
1011
972
931
6799
7428
7692
7891
6911
6621
1871
862
6244
1991
6925
7605
2093
1429
1414
1438
6802
7376
1938
928
6645
7259
6860
2060
6274
6912
2018
6383
6596
2025
6191
7196
1874
7046
2024
1438
850
930
942
1347
6873
2612
6752
2011
912
1494
973
906
6934
7260
7702
1974
7010
7688
6681
6706
1873
883
916
6587
7279
6761
1967
6382
2013
918
878
865
6524
7309
1963
1476
6634
7399
7828
2121
880
7388
2027
904
6482
1940
921
953
959
887
841
866
6402
7253
7104
7656
7433
7585
7522
7416
2051
939
6595
7113
2024
1362
6388
7329
7624
1867
1527
1506
7093
6954
7385
1942
944
922
889
6237
1869
6669
7160
7015
1979
971
914
6797
2038
901
7023
2059
6950
7651
7746
7928
7176
6668
1890
1495
1540
1536
6203
6751
1917
868
817
873
7586
7614
7725
2264
6623
7332
7102
1993
6190
6662
1930
6268
7099
1945
6365
6843
7300
7605
2006
858
854
880
892
1482
7044
2086
6834
2021
980
935
943
1005
6873
7255
7742
2016
7107
7185
6899
1915
900
1495
909
6324
6722
7525
2042
6462
1963
883
1402
1511
6453
6987
2005
1457
6737
7142
7285
1990
877
6800
2156
7327
7948
2167
1501
971
1007
892
831
6464
6582
7192
7515
2037
6886
7399
7524
7706
2032
945
6684
7290
2066
1329
1432
6529
7002
1901
6941
1982
875
958
964
6155
7572
6517
6746
1847
6586
1998
828
993
7463
7205
7472
2077
6982
7332
2109
6966
2071
850
853
1627
1537
1501
7022
7433
1979
6881
2039
929
6090
6846
6818
7336
1944
1480
905
7059
2074
864
883
6888
2056
880
6663
2097
946
1468
1391
1477
6557
2053
7942
6870
6847
6826
6855
7309
2001
6064
1979
6591
7337
7546
7424
7310
2047
891
891
6678
2132
952
899
6854
7629
7005
6719
1940
964
886
6178
1888
6222
6817
6652
6850
2555
1493
6445
7398
1943
859
834
6880
7378
1994
7013
2128
953
7325
7117
6899
6662
7182
7447
2110
1021
885
852
6963
2058
834
930
941
6783
7355
1952
1426
6832
7558
7149
2002
1497
6358
2052
6439
7025
6761
6616
2022
899
880
871
5955
1833
6289
7022
7538
1965
1023
945
6631
2203
874
796
1433
6774
7445
7379
7527
7462
7666
2097
1567
6507
2065
6303
6808
1853
878
922
944
6448
7278
7462
2105
7059
7402
7064
1997
6528
6836
2018
6154
6788
1999
6294
7292
1902
6045
1954
968
947
1340
4708
1491
6759
7758
7513
2105
1495
974
871
929
6967
7243
7361
2051
6811
7482
7026
6695
1845
913
949
6255
6805
2009
938
6834
2013
7126
1869
1460
6394
6876
1963
1561
6661
7325
7275
1952
850
6896
2001
905
6478
2172
915
956
861
868
894
6407
6892
6456
7238
7896
7412
7438
7596
7402
1954
949
7045
7309
7092
2006
6799
6890
7482
2455
1550
1504
1599
949
948
6358
6552
6935
6992
1959
7487
1932
1401
858
6677
7428
7412
2144
6680
7302
7509
7695
2026
922
956
859
1389
2156
6644
6762
1923
11289
2133
1406
6288
7245
7826
7506
2086
1441
6597
7205
2023
1007
947
6582
1948
1513
7231
1851
895
6518
1898
1003
6384
1976
6238
7505
6688
7172
7422
7578
2012
1420
1474
6824
7324
7300
7642
7774
2185
891
917
7002
2123
862
899
840
6169
6671
6732
1977
936
946
6226
1965
6233
1927
6584
6934
1944
1454
6704
7218
2035
1496
1431
6800
7589
2040
7236
7261
1945
6511
6679
7069
7572
7469
7645
1975
901
961
977
6929
1999
843
876
882
6735
7172
2101
955
1347
6582
1962
1574
6507
7158
6696
6754
1929
6194
6795
1921
6432
6968
7122
1942
6549
1995
864
892
851
6975
7669
2112
6798
7546
7618
7838
2273
930
922
1433
816
2164
6489
6628
6646
6718
7342
7702
7551
2121
6942
7776
7043
1958
1389
6386
1855
859
929
6176
1948
897
6277
2043
838
818
875
897
900
921
6371
1936
6154
6675
7302
7593
2024
917
956
6910
7608
7389
7192
7598
2113
941
1439
7295
2052
873
1375
907
6474
6772
6872
1950
930
1523
6379
1945
827
1469
6191
6760
1953
6479
6965
7185
1966
1354
1467
6586
7315
1986
949
6822
2069
7275
7118
6941
6602
7242
7499
7769
2149
947
934
6937
1926
1440
1382
945
7071
7705
2104
1348
1445
1477
1488
6789
2093
6703
2068
6576
7257
1937
889
7143
1913
812
934
6157
1938
7209
7198
6731
7034
2044
1003
6917
1996
861
1487
1510
6620
7576
7418
7342
7406
8122
2036
895
811
858
886
968
1490
6934
2105
1451
845
7272
6777
1924
6263
6812
8012
1870
7807
7600
2083
6600
7126
7027
7729
6804
7022
6762
1974
6047
1943
1384
1624
930
6087
7014
7455
2252
925
921
867
852
6787
7659
7288
2043
6744
7704
2009
7082
2061
952
896
7039
7337
6821
1899
6304
7372
6796
1883
1553
6421
1981
1528
1420
7252
7236
7334
2018
861
6942
7702
2109
6659
2102
968
923
1444
823
859
851
6473
6922
6625
1967
6684
7512
7402
7405
2092
1987
6819
7368
7493
7285
7012
7258
6966
1916
6311
1880
7058
1949
5937
1878
6512
6950
7152
1969
6634
2034
1466
1426
6765
1958
6872
2104
6856
7635
7399
7512
2266
913
1486
875
854
1497
6582
2178
7000
6785
1916
1407
6383
2000
6791
7782
2024
887
963
6997
2144
915
913
6752
1965
819
6565
1948
909
949
1413
6715
1963
1447
6404
6882
6782
7001
6628
6712
1977
916
897
6810
7665
7662
7459
7278
2055
877
850
6601
2001
918
6874
1979
6985
7716
6691
1942
922
872
6259
1925
1502
1540
6973
6721
6979
1930
6427
7019
1913
860
879
6694
7112
1994
939
6723
2047
6784
7802
7726
6925
6565
7185
7569
2100
888
793
6721
2146
860
1531
908
6772
7368
1993
1453
1439
1429
932
7045
2075
6711
2129
6692
1983
6527
1973
6465
1935
1590
946
6397
2037
6989
6398
6568
1939
6401
1897
6715
1895
1582
1521
1495
6632
7410
7442
7605
7425
7356
1989
798
867
931
7006
7761
2089
6479
2199
942
6846
6574
6796
1968
6818
7570
2003
1402
6934
7136
1931
6522
7318
6796
6802
6838
6732
7366
2049
902
1365
1420
1461
1597
6020
7202
7435
2081
953
924
833
883
7031
7248
7376
1992
6660
7862
2018
7000
2068
946
916
6277
7366
6707
1908
6260
6652
6832
1965
1538
1520
6385
1976
1352
6467
7512
7077
1960
875
6772
7828
2103
7364
2091
942
926
1426
853
831
1420
6606
7678
6640
1950
6634
7696
7388
7576
2010
1487
6891
7436
7255
7142
7032
2035
6556
1938
6364
1969
6369
7422
1971
6038
1964
935
880
7109
1926
6501
7466
7135
1920
6761
2023
6779
2079
957
962
906
6885
7588
7682
2023
7323
8005
2055
1624
1516
883
845
826
884
6078
1974
968
6283
6765
7272
1963
7140
7692
7241
1985
6723
7035
1897
7234
7431
6997
6810
6663
6806
7258
1897
6964
2031
922
917
1432
7030
7704
7247
1970
1510
959
897
1000
6610
7752
7895
2156
6628
6949
6848
7482
1919
1410
833
6294
6822
6812
1966
6842
7418
7093
7419
2045
930
6831
2037
1501
6647
8013
7434
1894
1532
6041
2146
965
6706
1900
848
888
1059
903
931
909
6965
7752
2081
802
6713
7443
7735
7422
2058
829
6757
7129
7027
6743
6769
11753
6483
1940
6330
7124
7239
2032
6810
2009
6805
7582
7456
2027
6989
2071
1546
899
6787
2017
6989
2154
6574
6688
6831
6659
1901
835
823
7573
2044
914
7064
7532
7572
7042
7078
7016
7575
1953
6402
6939
1964
1507
823
6133
2005
1602
1469
6993
1885
826
6582
2077
921
993
922
924
870
807
7116
2025
6822
7272
7422
7236
1961
926
1478
6854
7524
7052
7706
6597
1884
1398
1518
6332
2078
972
948
917
6807
7451
7061
1943
858
852
6523
2009
921
897
1489
6696
7256
7422
7578
7422
5144
838
1445
6632
6821
2841
6016
7491
1944
6853
7521
7429
7421
7711
7468
7225
1982
819
6354
7122
1956
910
935
955
7053
6841
1956
1447
862
884
918
974
1005
6086
1862
1565
1480
6664
1916
6405
1930
930
1043
6624
1936
6594
7075
7379
1990
6908
2011
6858
2202
917
987
935
6827
7599
7679
7077
6786
6937
1900
859
1505
1505
1491
1374
894
907
879
1524
6402
7412
7472
2166
6935
7396
7135
1970
6445
1981
821
6520
6646
6944
6848
6617
6601
7255
1889
7247
2038
1442
895
1524
6827
7410
7636
2089
1510
1491
1527
964
6800
2032
6770
1999
6927
7094
2049
6088
1817
959
957
6308
6809
7499
2031
7047
1949
6464
1873
916
2284
6488
2001
1494
6696
7092
7215
2540
7050
8102
7287
1912
6212
2117
1435
942
1538
937
879
838
6036
7162
7572
2065
6951
7405
12668
7252
1953
953
6854
7372
7232
2033
6540
1988
6582
1903
6244
1909
6261
2132
6066
1895
6679
7052
7285
1989
6611
2044
877
895
6816
1938
6832
2116
6621
7348
7496
7958
2074
969
1515
929
823
1530
6411
7505
7350
7033
7221
7599
7569
7188
7125
7266
1982
1527
1400
6476
1870
874
895
6434
1987
6493
6769
2013
892
892
874
843
846
936
6453
1977
6043
7344
7353
7409
1996
1422
1456
6866
7390
7302
7496
7508
2109
906
978
6442
2238
880
6110
1888
6164
6889
6659
1945
997
914
6133
1974
6555
1953
6521
7482
7162
2009
6760
8025
2042
1546
1462
6636
2207
1355
878
7213
1930
6279
6725
7288
7566
7457
7646
7472
1999
971
911
6759
2149
907
903
1464
6729
7232
1955
968
938
6444
2050
1401
1495
6585
1977
6267
7371
6691
2013
1480
6039
6728
1926
880
6459
7352
1872
823
6767
7367
1982
944
6818
7566
2107
6902
2057
911
7109
2009
7350
2131
6356
6742
1948
1469
6167
6875
7264
1884
1428
7358
7512
1990
6560
2088
877
849
6674
7049
2054
894
6281
1908
848
848
7054
6776
1950
893
1409
6416
6752
6718
7476
7742
2010
6934
2135
6898
7268
7222
7496
7738
7207
2106
932
1493
6992
1916
6293
6688
6712
1998
6206
1823
863
908
6709
1989
934
949
6552
2042
1402
1490
6538
2162
1431
1430
876
6606
7308
2027
6849
8110
2134
6664
7512
6461
1973
918
6764
1991
7022
7728
7375
11681
1369
875
901
856
7038
7452
2056
948
6637
7272
2101
1373
6337
6752
1986
1577
1537
965
6213
7465
1877
1430
6336
6772
1835
882
6520
7301
1945
945
6629
7503
2070
6842
7680
2068
6806
7642
1987
6907
1996
7379
2111
1513
6802
6891
1919
1358
873
6252
1859
902
949
6874
1935
7110
7742
7295
2076
941
6506
7118
1947
6486
6754
6906
1869
841
6213
7581
6665
1940
970
1392
1411
6743
7438
2101
6835
2086
916
860
895
844
845
6718
7438
7510
2001
6769
1976
1005
874
7157
2112
7337
7537
6705
2002
6297
7579
6648
1871
1531
6446
6952
1989
6771
7299
7532
7923
2263
7343
7178
1897
893
6574
1906
970
936
6001
7312
1943
7053
2157
935
887
817
6813
7588
7680
7662
1973
909
6702
7502
2043
1476
6338
7279
1957
1516
7007
6838
6562
6549
1913
973
6349
6958
2025
891
6722
7242
2057
854
6865
7632
7346
1992
6912
7618
1990
7045
2088
1029
7179
2121
897
6905
7074
6843
1948
1581
7522
7624
7672
2126
6901
7048
6905
1971
6272
2076
824
880
6318
6952
1964
914
6415
1967
931
874
6060
6572
1881
915
844
6780
7729
7452
7549
7207
2148
6590
2100
6749
7449
7304
6713
6738
6809
7402
1391
1389
6221
1970
6520
7019
2021
6648
7099
2017
912
857
6686
7282
1994
847
6594
2162
892
1517
906
6417
2044
936
875
11316
2735
1486
6095
7239
1887
1464
7923
7487
1982
888
6785
2079
6951
7325
7409
7356
2033
1498
928
899
6446
7065
1967
6283
7577
6676
1901
845
6110
6905
1881
928
1534
1444
6562
7468
1995
1590
6624
7408
2049
979
6860
7355
2038
835
1474
6710
1950
851
6947
2065
7888
6981
2066
6069
6610
1930
862
862
6367
7237
2002
1478
1456
7061
2013
867
821
6903
2062
6572
7062
7182
1935
906
7087
7621
1972
6494
6896
7462
2012
1404
6017
7278
7616
2173
884
1472
970
1463
6968
1988
6775
2032
1434
921
918
909
6765
2007
6637
7655
1950
7045
2073
913
6610
2102
922
6781
6652
6792
1982
920
6126
7381
1870
6642
7092
7509
7179
7328
7659
7219
8262
2025
6509
7264
1949
1452
6653
1862
860
833
7273
7470
2136
6964
2031
880
917
1506
7041
7302
7342
7145
1955
824
6712
1986
866
987
6485
7542
1962
1365
6277
7648
1999
945
6031
6736
2116
965
6433
7366
1951
888
6800
7396
1956
874
6785
7636
2093
1005
7167
2073
7110
7986
7002
6772
6642
1985
946
862
6481
7272
1985
1460
1436
7101
7649
1973
866
6785
1960
6475
7143
6742
6772
1965
7053
6774
2024
6967
6747
7296
1908
7516
7744
7495
7335
2062
937
822
839
6698
7509
2000
7184
2102
962
1556
1391
1493
1577
955
6714
6714
2009
6585
1910
849
6229
2059
1455
920
6253
6739
2108
6449
6998
7135
2177
947
6637
7295
2049
6864
7799
7764
6704
1911
6006
7173
2002
1550
7205
2070
1327
855
6967
7375
1956
7000
2023
916
925
894
7057
7389
7459
7078
2059
865
6397
6833
1902
861
6234
6688
1895
1540
6063
6912
7122
9888
1484
1434
5990
7505
2050
1483
7000
7332
2134
893
6954
7691
1971
840
6882
7041
2026
6209
1915
904
931
948
963
6319
6812
7416
2047
855
7127
7486
7262
2079
1471
6488
7114
1936
7051
1877
889
859
908
6314
1922
922
6517
1978
915
836
6272
1988
858
882
946
6113
6656
7118
7466
2081
1396
6912
2183
6773
7422
7222
7425
7742
7779
7441
1930
923
6191
1897
6229
7501
1929
1402
6253
6974
1998
866
6505
1999
935
954
6996
7182
2061
893
6785
1948
1529
1513
1430
7022
2047
858
7439
7481
1861
6302
7392
7186
1996
951
6946
2056
6807
7389
7779
7442
2054
882
885
862
6664
7138
1945
904
6550
7015
2205
1401
6393
6988
1861
1555
1541
946
6141
6675
1929
835
6369
6942
1923
813
6728
7091
1992
1435
6835
7484
7583
2119
7028
2022
6969
7529
2075
7183
7605
1952
864
1489
6204
7595
1977
1472
1339
6760
1879
860
958
7226
2094
7080
7452
7109
1978
954
6434
6778
1977
7074
6808
6791
1925
899
6881
6624
7262
1884
880
7221
2129
1552
6952
1985
6872
2037
1493
1495
910
905
6893
1993
6632
7475
1912
9258
2005
1023
6650
2130
868
7120
6760
6876
2033
6269
7522
6997
1925
6452
7224
7181
1957
6670
7338
7970
7211
2752
6154
6609
1932
1458
6703
7632
2026
1406
6771
7612
2137
6877
2048
6728
2260
919
6982
7741
6989
7165
2026
886
6292
7568
1909
829
7123
6521
2085
916
6322
7009
7282
7279
2080
1484
6790
7372
2010
1661
6693
7342
2052
982
6986
7742
2040
876
915
6409
2009
6049
2032
921
6207
1964
963
6326
8061
7505
2107
950
6709
7126
7104
2120
6577
6822
6846
1937
6425
1975
1595
849
6460
6688
2180
842
6028
1972
923
1468
6827
7408
2108
1495
873
6771
7314
1927
6895
7328
2022
6897
2001
7015
7716
7361
6684
6759
2021
6102
1980
1423
6227
1968
6478
7032
2017
6721
7176
2028
956
876
6723
2054
830
851
7264
2112
1003
955
7339
2125
878
813
1532
6505
2148
1457
6451
6748
1869
880
6669
7626
1987
926
6785
2095
6811
2016
7009
7370
2134
888
852
873
6766
7135
1972
1455
6507
7139
1997
1396
6325
7472
1873
1626
6191
7271
1971
1498
6256
6936
1994
899
6772
1897
825
872
6527
7311
1992
904
935
964
929
6800
2040
1574
1465
1481
1354
897
6856
7520
1951
963
7026
7816
7035
2073
6198
1940
6146
2028
6455
2008
811
841
6741
7635
2028
893
6811
2131
1425
1407
6842
7084
2038
1453
6427
7517
6821
7524
1980
6369
1995
6249
6903
7317
12424
7752
7808
7192
7206
7545
2043
7216
7155
2027
6139
6841
6739
7425
6705
7052
1844
1498
6626
7309
1945
1032
6719
7300
2052
1478
1468
6815
1954
1526
1511
6631
2068
1391
7139
7437
1977
903
6029
7222
1986
7061
7706
2138
878
952
6711
7539
1965
7059
2080
827
866
6723
2033
953
7025
7137
2107
1416
1560
7202
1955
939
1488
901
6967
7448
1842
836
6936
6718
1855
6284
7246
7288
1967
898
6539
7545
7456
7528
7376
2021
6913
7488
7888
6899
6792
6782
1930
890
6944
7632
2052
1582
1486
6946
2218
6691
1996
6525
2037
6589
7746
6774
2048
917
6442
6748
1961
938
7002
6607
2003
915
6555
7572
2047
827
859
1448
6870
2221
6663
2020
6760
1957
1509
1471
920
892
871
1410
6654
1977
834
6783
2053
963
913
900
1487
932
6910
7078
2110
1762
6860
6707
1890
1330
6255
6698
6736
1857
6733
6956
7262
2057
6773
7358
2039
941
7022
7212
2164
956
6615
2005
876
7125
7171
1875
930
913
6750
2003
6900
7436
7532
2352
7002
7431
1953
1534
6693
7386
2031
1611
6403
7198
6896
6875
1930
848
6309
6426
1815
843
6332
1942
932
939
6519
7316
1938
922
925
1421
1513
6549
2036
1451
1372
1410
827
949
6850
7506
2089
912
6756
7528
7579
2139
7234
2086
6565
2095
6513
1847
869
943
6280
7142
2039
1438
6956
1918
1496
1442
888
6992
2079
894
791
6956
7332
12366
1930
6565
1945
6377
1945
6130
6880
6787
7356
1992
6091
7235
1928
1490
7201
2119
6929
7532
7262
7165
7490
1948
1750
1648
6863
7100
2076
848
6226
6826
1902
1373
926
6380
2039
905
910
6305
2010
878
6211
6936
1820
899
6486
7169
1982
959
6594
2004
1378
1535
6602
7315
8009
2111
1575
927
7211
1968
831
851
7064
6541
2051
900
6720
7716
2075
897
972
971
7904
7514
1966
1485
6910
7439
2216
6978
7452
7115
1978
1421
6443
6872
6652
6767
6616
1881
7093
7731
7434
7219
7408
7426
2033
931
6709
7347
2061
1452
949
6877
2005
7081
2006
6358
2016
7044
6591
9246
1959
879
6946
7570
2069
7117
7231
7105
7278
2006
7082
7481
6947
1883
1499
1458
6300
1976
6223
2006
6041
1997
808
868
871
6673
1888
957
7251
7589
2187
6737
2072
917
842
1548
1627
1434
6776
7439
1955
914
6996
7528
1979
971
6535
7462
6964
1936
6338
6762
6795
1991
6597
7052
2016
914
6704
7248
1980
858
869
6754
1963
6972
8109
7141
1996
1428
1416
1528
7194
6582
1938
6818
7558
7466
2137
964
7053
7482
1992
823
6722
7485
1962
947
6728
7025
2044
933
905
6543
1994
6243
6731
6594
1922
879
6055
6885
7069
7166
7182
2042
6896
7352
7468
7536
7828
7831
2112
1434
6395
6641
1863
873
1033
6142
1944
870
1446
6498
2040
903
7510
7747
2024
842
11870
10105
1800
858
6711
7123
2011
1647
6984
6579
1894
1549
1500
974
1464
1442
6538
1838
843
857
965
1492
1515
948
1025
888
6282
2023
1562
7156
2043
1467
907
894
962
933
6238
7212
1926
941
7308
7662
2123
855
6884
7228
7376
7642
7848
7119
6745
1904
6322
7432
1920
1538
6196
6752
1957
1382
6449
7035
1959
6700
7218
7362
2049
982
1048
6773
7818
8175
1995
6313
6518
7246
1898
838
7013
7555
2018
1518
6706
7658
7642
7556
2064
940
6713
7249
7296
1942
6248
1977
1441
854
6186
6745
1938
1489
1491
1411
878
6151
1841
892
915
892
1568
1011
6191
6987
1966
863
6801
7276
7465
1979
6833
7329
7448
2040
6835
7582
2102
1474
6341
6768
1875
1546
6477
6728
1949
1558
6703
8629
2088
881
6857
7315
7078
6973
6829
6882
1868
6415
6768
7399
6563
7306
7387
7476
7445
7354
1910
6648
7558
1936
7132
7132
6667
7006
6732
6648
1938
937
6114
7058
1956
945
6700
7219
1932
877
1522
1494
1559
794
879
6831
1941
934
6970
7579
2136
903
6885
8212
1983
1038
6377
1321
825
879
6299
7222
7415
7218
2086
923
6565
2043
1353
1515
6779
7681
2099
982
7090
7339
2041
887
863
1378
6567
7084
2011
911
6171
6592
1947
904
6044
6612
1906
944
6454
6948
7277
1915
6845
2057
6971
2000
7234
7487
7426
8145
1989
1397
6815
6992
2081
822
950
6472
1923
6490
1943
6670
2033
6917
7498
7519
2147
854
6963
7062
1908
6981
7365
6484
1852
971
6345
6971
2025
1425
1455
1567
6953
1966
7057
1969
6793
1950
1523
852
828
919
940
1486
7075
2173
960
6942
2082
888
1510
1624
1442
1365
6658
7332
2028
1423
6866
7528
2049
977
6686
7766
7041
2102
6612
7042
7412
2026
6077
6732
1925
870
6310
7366
1898
882
925
6672
2017
7018
2573
6909
2014
1507
1521
7319
7892
6800
1956
6178
7219
7512
2308
860
7509
7281
1957
850
6863
7482
7716
7642
1991
863
6550
6852
2028
904
6872
6704
2054
985
6196
6743
1880
1490
1479
1419
1448
6522
1893
6459
1960
905
945
1003
6706
7480
2111
967
6906
7644
7316
1994
6537
1945
6655
1981
6998
2033
974
1433
6364
6925
1828
1553
6405
1898
939
923
6466
7335
1935
871
6907
7332
7346
7105
1892
6555
1909
6235
1918
6111
6838
7175
6859
6732
7278
7278
2097
6647
2033
1508
6511
7464
7452
7640
7345
6879
2259
887
7128
6827
1838
1399
6401
6675
1946
1467
924
6085
1987
950
867
6382
2090
822
6339
7269
2034
931
6759
7545
7666
2154
7504
2116
7191
1932
6307
6686
7436
1861
1454
1624
7177
2051
870
848
6662
7376
1968
918
6848
7501
2125
927
981
6930
7327
7336
6879
7321
1917
6055
1850
877
6373
6825
7036
7455
7434
7176
1924
954
11886
1985
7074
2045
7042
7608
2063
6828
2032
991
6981
2107
934
933
6320
2013
6384
1892
6349
1888
903
6533
2006
929
6873
1977
865
800
6952
7539
2068
1513
1544
934
809
852
920
7585
2061
6625
2080
933
897
6278
1885
6088
6526
6858
1919
843
6551
6864
7532
1955
6801
2041
1448
1524
6822
7474
7470
2005
1470
926
1514
6597
2180
876
6824
1965
820
1564
955
7028
2095
980
6952
2135
803
6372
2080
1488
6342
1984
880
835
880
6597
1946
6441
1998
972
936
920
830
6181
6807
6712
2067
881
6553
7023
7309
7665
2026
6981
2069
1383
7372
6881
6755
2521
1480
974
964
931
6407
1916
6797
7468
2041
880
849
929
955
910
6718
2112
928
6568
1935
6866
1988
1546
7381
2246
6976
7512
1997
6707
6905
6689
1878
6728
1862
6191
1934
6237
7132
1920
6515
7225
2029
7039
7742
7765
2107
1437
6727
7198
7246
7328
6939
6922
7692
1863
6609
1899
6777
7342
7589
1986
7064
2082
1482
1345
6654
6865
1995
1509
1441
6098
1960
6139
6822
6946
2000
908
1434
6973
7546
7255
7255
2031
6639
7196
1926
6715
7418
7536
7402
2115
6529
7128
1992
6386
1960
942
6425
7621
1946
6054
6814
6949
7305
1899
7037
2014
6913
7682
8016
7353
6846
1992
1473
855
6245
7248
1901
866
921
975
6747
2109
6637
7249
2178
871
870
6738
7699
2047
6756
7328
1957
6555
2057
900
6295
11593
6726
6575
6582
6949
1918
1383
6224
1993
6725
2021
6722
7528
7656
2099
936
936
6771
1972
884
837
6717
2033
6672
2022
6828
2100
6590
2165
905
942
6276
2578
1537
1479
6539
7028
1940
890
864
876
6814
1979
963
6768
2085
7081
2124
1450
6845
7058
1979
6210
6646
6751
1820
970
6437
1958
6567
1992
6251
1892
1538
933
6347
1907
6744
2069
1540
887
881
7126
2022
966
6686
2093
941
938
1508
10806
1918
1560
1665
6636
7371
7516
1967
860
6784
7049
1997
866
860
6529
1901
6545
1984
1005
914
855
867
6449
1931
6912
1392
949
6147
6816
6735
7055
2643
6738
1968
1484
6944
7456
7422
2117
947
6989
2034
926
6330
1906
6321
7202
1881
862
919
1447
938
938
6934
7261
2007
6806
1952
6830
2892
1547
1550
6942
7576
7527
1985
6786
6834
6778
1869
6773
1887
6169
1942
6978
1960
962
6673
7069
2040
6634
7278
7488
1988
1391
7052
7645
7143
7208
1977
6902
6925
2106
7118
1908
6314
7652
1987
1369
7110
1942
1490
1560
7058
7320
2023
6795
2018
6526
2016
6477
6722
6632
1905
873
853
6533
7012
6836
2167
929
7027
7297
1950
6845
7301
7149
7265
2115
6825
7690
7460
4651
836
1475
6444
6812
1986
6350
7024
6835
7265
2119
6339
1960
7079
7554
7199
7596
7658
2047
6679
2037
6410
7482
2004
933
962
909
6293
1884
6747
7375
1955
1428
6663
2024
1508
958
1358
1421
6863
1989
6767
7506
2131
932
988
1473
848
875
6717
7305
1940
6610
2099
7160
1967
1009
1034
6833
6645
6562
1915
6209
6765
7032
1906
6531
1952
6688
2041
6912
7549
2108
6830
7406
2057
6846
7628
7046
6852
1878
6366
7738
8225
7476
7542
7446
7241
2008
6291
1952
6049
7385
1952
944
6306
6992
2006
883
6415
6822
1889
6870
1906
6851
2006
6724
7389
2010
966
6716
1983
7630
7744
7739
7308
2051
6520
7042
1914
6432
6705
6579
6692
2147
6317
7288
1991
6736
2083
1526
6905
7498
2145
6662
7786
6720
6749
1883
6960
1852
6951
7418
7172
7452
7796
2167
1005
911
6969
7482
2099
869
835
1588
1518
1584
6637
6832
1862
865
1424
6074
6542
6632
6888
6802
1888
6411
2029
945
6691
7572
7745
7736
7742
7292
2083
875
6587
1934
6754
1992
6421
6896
7152
1856
977
1585
6416
1871
1468
912
7024
1975
6785
2090
6840
2082
965
6854
2014
895
6725
1919
952
923
961
6389
2003
880
860
1489
6143
1950
1508
6060
1868
6545
1874
858
6453
6802
1979
1518
6412
7176
1915
892
6962
2108
6743
2097
6877
1961
861
6579
7529
7436
7398
2092
921
1374
1392
6492
2109
955
6339
1962
934
907
889
6418
1887
871
6501
2034
6154
6785
1919
965
6187
1951
900
834
1452
6324
2013
6727
1960
1639
841
1450
920
6910
7576
7768
2119
960
6630
7635
6861
7115
7462
7372
2064
872
6657
7566
7299
1924
879
857
954
952
7171
1988
6941
7712
1966
1481
1538
952
977
881
956
6617
1971
6499
1973
6135
1988
924
1039
6123
6672
6598
1873
6686
7139
7262
2005
7146
1942
7171
2047
7135
7468
2080
6632
7344
2031
6837
2122
7262
2050
851
6271
7186
7055
7572
1955
6997
7746
2195
7003
2142
6462
6812
2003
1456
6205
1875
834
900
7159
6827
1928
6762
1971
7099
1937
1475
6185
7382
1927
7006
2288
6964
7229
2019
6664
2197
6743
7466
1993
6761
7062
6932
6985
1871
6749
6812
1952
6777
1899
933
6201
6680
1955
952
6709
7240
7629
2026
7039
2021
7355
1986
7019
6760
6642
1877
1529
1504
7037
7452
2003
876
864
906
6627
2050
6741
7358
2046
1526
944
7090
7590
7780
7260
6924
1968
6424
1893
846
6039
6719
7548
7287
6939
7140
7372
2246
7170
2047
7173
2070
6698
7397
7433
1980
1453
1496
6807
2054
972
1707
879
902
6365
1991
6279
1940
6426
7045
2079
959
6992
1982
7047
2011
6744
8283
1967
1459
1518
1499
6902
1932
1481
6411
1944
6103
1918
1538
6889
6871
1996
6527
6822
6752
1933
910
6777
1845
6745
2013
6605
7292
1947
912
6826
2066
6804
1970
1430
1491
1512
7016
2044
934
7060
2053
1458
858
892
7003
2102
929
6903
2009
6353
6942
2160
878
6140
6629
1876
1465
1528
6220
2041
10900
1978
6618
1930
865
921
6755
7495
7989
2143
997
7590
6895
6967
7496
1909
6779
1874
848
6959
7515
2039
6625
7435
1935
7088
7400
2079
6744
2080
6513
6919
1923
6053
6745
7322
6665
7719
6846
7186
1883
1493
1528
6730
7606
7643
7576
2106
972
6691
2064
886
830
7015
2069
7009
2146
6332
2093
1001
7076
1949
884
6398
1853
1480
1533
1523
6815
1940
1525
874
907
965
919
957
890
817
6869
1924
882
939
7309
2077
1414
6964
7505
1963
1498
6577
2080
7027
1940
6053
1969
911
887
6291
1895
830
955
936
977
6937
7221
2016
893
6443
1948
1409
1487
1515
7090
1874
1557
6876
1904
6940
7464
2092
954
6876
7184
2056
929
854
870
1397
6787
7765
7716
2057
932
945
1431
1399
6367
7018
1958
6479
6846
6908
6613
1925
6254
6826
2115
6607
7659
7538
2072
1510
6992
1960
877
7410
1996
7082
1981
1634
6183
1970
891
940
879
1531
1523
1495
6911
1883
6842
1876
871
1530
966
6852
7542
2114
6922
7402
7972
2107
6831
2021
6876
2011
6845
6945
1901
6102
6556
1825
6815
6675
6798
6975
2047
6835
7351
7659
7959
7522
7346
7214
7305
6952
2079
6271
7111
6939
2570
6886
7496
2008
1572
7125
7592
2095
6457
2003
6449
2070
6094
1934
6162
1868
6594
6929
7618
6775
7268
1864
815
6948
7218
2106
6904
7260
7374
7812
2027
11583
7072
2152
6150
1907
870
6367
7212
1944
1466
6137
6491
6659
6817
7219
1980
1507
6882
7646
7895
7745
7642
12560
2488
867
6249
1901
896
955
1501
6672
1954
6784
7227
2033
824
878
6605
7472
1959
7021
7386
2076
6734
2074
1347
6619
1985
6416
6934
6565
6556
6772
6854
6889
1981
6632
1985
6768
7702
7715
7619
2082
960
6745
2034
1404
918
842
930
6687
2037
6940
7196
2131
6311
1949
908
6618
7209
1952
1454
1506
7048
1909
868
842
6775
2021
907
933
7076
2164
6868
2054
890
852
6430
1958
872
6354
6652
6629
1941
6503
1927
6715
2537
6912
1891
6391
1954
6885
1947
6966
2156
938
885
6714
7332
2005
870
6675
2096
6814
2080
952
7083
2039
927
7108
2013
6521
6948
1867
1553
6380
7144
2030
1654
1364
6392
1921
6122
6842
6772
1981
920
931
6762
2022
6643
2203
6969
7528
7233
7595
6751
1934
6749
1804
937
6801
10303
7042
1983
947
6694
2071
1351
6850
1977
6993
2025
1513
6927
2127
954
948
851
840
985
1005
6928
2032
6591
2018
1436
874
1414
6337
6949
1951
6195
6698
7531
7038
6861
1999
6615
1990
6754
7589
1965
7129
7438
1969
1472
6568
7334
7419
2042
6325
7016
7662
7051
7624
7410
7447
2084
7070
2033
6544
6892
6915
2002
6159
6952
1947
852
895
6466
1868
6253
2005
6227
1953
6731
2405
6799
2016
9185
2001
6532
7305
7594
2057
1528
7101
7432
2063
6381
2097
6237
6822
1871
6493
6652
1931
6002
1924
966
6196
7032
2016
1535
6694
7262
7474
2084
7106
2095
834
1435
6749
6962
6837
7532
7185
1959
7113
2003
1387
872
848
903
6655
2122
6631
7512
2066
955
7285
2108
869
6746
1986
828
6734
2027
6727
2064
1375
1448
1647
1535
1450
945
936
831
1445
6298
1864
6157
1968
1015
993
1485
6064
6555
1917
6269
6828
6900
7052
7305
2036
6955
2626
7343
7456
2169
6715
7468
2111
7163
7302
6868
6845
1873
7143
7484
7574
7508
7516
7173
6831
7316
6641
1885
6479
6958
6882
2135
6937
7435
1941
950
6864
7592
2122
6623
2069
6596
2005
6815
7908
7740
2057
6528
7136
7022
7088
6686
6727
1844
6156
6789
7118
7229
1965
7096
7575
2036
6775
6928
2004
6130
2522
829
6906
7221
1932
1501
6901
7478
7456
2014
6859
2039
1497
899
7188
7508
7566
7238
6798
1885
6208
1859
945
936
958
917
6182
1896
6125
6616
1882
6565
1895
6332
7182
1983
6710
7586
2161
7288
2021
6968
7233
7315
7396
7172
7761
7066
7009
7469
7408
2011
6986
2009
6865
7472
7025
6685
1931
938
6271
1973
966
884
990
876
6596
1904
6644
1996
1476
6212
1984
1404
11156
1945
971
950
962
6769
1894
845
835
873
953
928
915
922
888
6814
1970
1465
1614
6591
2101
898
6573
7195
1900
854
6794
2012
7041
2022
6807
2082
937
834
7047
2032
867
811
976
934
6281
6882
1899
1437
1496
1507
6495
2024
974
6944
1996
1412
6683
1862
6247
6773
1939
954
6684
7452
2066
1493
951
6934
2098
7135
8374
6989
1923
1522
1489
1498
1480
6315
1888
6205
7362
7227
7436
7385
1993
6748
2086
947
7072
2138
6805
2157
1432
6753
2095
867
6372
1946
6287
6838
2006
6278
1896
1529
1487
1494
1528
6187
1916
6243
1948
6549
1960
836
887
840
6223
7302
1962
6804
7758
7918
7490
7344
2061
7012
2045
962
7122
2018
6393
7722
1880
6397
7062
2082
6781
1974
6903
7428
7475
7255
7019
7402
6547
6809
6955
2041
6340
6922
7269
1868
7245
7388
2003
850
6753
7242
2038
6751
2077
7071
2015
6651
2048
6742
2048
6446
6855
6931
1906
6295
1976
1435
6136
6739
1979
6254
2066
6538
7344
2518
7004
7492
2021
7310
2054
977
6366
6707
2042
970
6143
7372
7392
2047
6796
2040
6570
1984
6848
7686
7741
2082
6794
2059
6767
2050
940
884
879
820
6386
2011
6266
6525
1941
1535
1353
6967
6858
1854
6433
6759
1890
6819
1994
934
6858
2119
6917
7572
7455
7272
7309
2067
6779
2074
7217
2007
6282
6959
7109
8228
1928
820
7147
2069
955
1387
1573
1492
6721
2099
6751
7102
2036
6320
2001
890
6258
1891
1011
6229
1873
6494
1997
940
969
920
890
835
1492
1539
1486
6376
1886
1452
6382
6836
1890
880
6665
7192
2070
1015
6764
2125
6522
1971
6691
2174
7153
1980
7117
1962
926
865
6819
2134
6249
6842
1864
1523
6353
1942
6597
1981
943
6444
1930
839
5988
1883
6393
6912
1967
878
6698
7406
2032
917
966
7000
2053
7143
2059
7361
2158
1577
1487
6692
1887
7183
1977
6176
7236
7444
7243
7279
1947
6985
2054
926
6916
7546
2039
6718
7129
2078
6323
6576
1906
6031
6568
2075
6118
6722
1864
861
1446
6365
7106
7198
7639
2030
1455
1419
7029
8349
2180
1571
1011
985
6702
7489
2041
1412
835
843
1458
969
7051
7161
6884
2013
905
885
6495
1877
6452
2023
1573
7581
2035
6944
7557
7610
1937
891
936
6837
7042
6676
1982
1480
6182
1939
989
906
6167
7186
2016
816
6492
2005
893
946
1452
6343
7279
7357
7377
7328
1933
1544
6597
2044
937
6887
2096
917
6897
2017
823
6929
2072
906
918
1678
6695
2096
7102
1968
932
1559
1478
6505
7078
6911
1973
6733
1811
6263
1866
840
959
1459
939
949
6378
7294
7383
7495
8387
7176
2029
833
878
7159
1945
6265
6688
1942
6952
1984
1504
6906
2014
933
6678
2132
960
6881
2045
871
7009
7936
7732
2180
858
865
870
6848
7272
6778
1994
946
6044
6875
6646
6672
1952
1482
6602
6812
7209
7378
1983
7060
2059
1464
1489
7213
7502
7386
1997
6709
1972
6729
7037
2181
7207
2002
943
933
6415
6928
7268
2004
852
872
7040
7369
1962
6999
7187
6962
1938
835
6122
6592
1941
6346
6929
6855
1981
1400
1527
1552
906
916
6379
7095
1877
6794
7243
1980
6507
7402
1930
6876
7488
1998
6827
7289
7117
6911
1912
6614
2011
6232
6539
6865
6926
1995
1475
904
6633
2095
6941
2075
6969
7828
7257
7625
6844
7576
1947
1525
1379
870
1424
932
6824
7322
7256
2129
6554
2043
939
6122
2116
7186
7602
2035
6714
7082
1939
1507
6414
2015
920
6178
2533
1362
6030
7565
6575
6812
6732
2005
1525
972
6532
7472
1997
1432
847
865
6989
1978
939
959
944
948
7262
2063
7110
9975
7807
1965
1534
1528
6826
2178
6738
2056
864
6253
6912
1886
6629
7378
1933
7140
2069
6937
7702
7055
1988
973
6230
1988
886
811
7076
7255
2041
926
6279
1945
1384
1442
6474
7142
6789
7212
1979
7088
2096
948
6632
2109
929
6718
1924
859
6718
2058
910
6796
2056
6859
2008
1511
6792
2066
6366
2030
1520
1529
6306
6904
6960
6948
1952
6021
6806
6732
1897
855
873
965
898
975
6645
7285
7393
7694
2124
7499
2121
911
828
6977
1954
6165
6669
1863
6880
1974
1403
6890
2018
1550
6731
7185
2028
6899
7729
2083
6994
7696
2013
907
858
836
900
7313
6925
7365
1929
1535
6114
6659
6925
7742
1920
6206
7255
7398
7563
7779
2102
6844
2079
1446
1514
6512
7644
7476
2060
6353
2103
6204
6732
1851
901
6538
1926
938
6745
1984
6893
2096
977
1509
6826
7355
1948
6868
7093
6632
1861
858
6156
6892
1946
6440
7596
6856
1974
1428
1407
1540
6722
1892
6822
7157
2069
6677
7262
2075
7074
7699
1981
6760
6931
2014
6215
6996
6882
6732
1895
6022
1915
7052
6865
7272
1948
933
962
933
6768
2007
1472
1526
7047
7869
7992
7121
7388
7665
2023
1456
1397
867
6820
1893
6944
7492
7269
2047
6797
2042
899
7168
7481
2062
906
6781
2130
845
6675
2148
925
6372
1945
1498
6750
7347
7538
1868
901
916
952
6270
6725
6868
1975
1411
6611
7248
7506
7562
2043
7097
7408
7562
7672
7022
6949
7058
1831
1574
860
6419
7618
7462
2113
6791
2056
6763
7182
2086
943
6217
1932
6086
6492
1960
6223
1980
1481
813
6457
7075
1981
6325
7239
7318
2017
894
6936
7302
2033
6621
2001
6848
2068
1470
865
882
7388
2019
7006
2106
997
6636
7808
1983
6546
7289
1898
6235
6682
1922
6217
6789
7071
7549
2068
7026
2066
7138
7112
7109
1996
1510
846
6095
6788
1825
6966
1888
6878
7482
7246
7492
7732
7665
2087
967
921
1709
852
884
7012
7327
6832
1966
6107
1985
1445
6055
2063
6122
9638
1861
6422
6833
2018
6613
7232
2107
7050
8049
2083
898
934
6957
7256
7267
7366
2025
851
827
6419
6922
1906
962
935
6557
6908
2481
1631
1555
1547
959
906
1575
6698
7548
7406
1967
861
1421
6843
2032
6581
2026
1480
6292
7645
6583
6948
2003
935
6691
1912
6375
6745
7115
1952
1522
6739
2052
1301
893
6617
7379
2017
905
6657
2095
922
935
7227
7528
7396
6988
2183
6249
1885
6517
6846
1908
852
6210
1952
970
6162
1984
1354
6390
1997
1448
954
976
6243
1977
6626
1900
1392
891
7011
7542
7875
2103
980
6645
2089
6448
1982
933
889
1509
1554
1434
6539
6902
7734
7221
7269
7299
1985
885
832
6781
2055
7244
7423
2099
6758
2012
950
6362
2077
826
6367
1945
840
6189
2014
884
6123
6589
6962
2655
1359
1541
1487
6275
1960
6260
2013
897
6777
7305
7601
7631
1997
7011
7277
7531
7436
7008
2041
6593
1901
910
967
6473
7309
7316
1945
6889
2113
6790
7624
2107
878
6693
2689
1535
6257
1965
6245
1928
881
6051
6796
6932
1955
1570
6279
6861
1946
933
6787
7712
2123
6898
8072
7411
2083
870
1400
941
6761
2016
6880
7305
2097
6594
6909
1920
6375
1865
1540
6497
6832
2022
6057
6776
6712
7105
2207
6653
2028
1469
7077
7828
2001
1389
1430
1487
7404
2094
7081
2182
6105
6772
7312
7652
7215
7235
2034
943
884
1564
1475
1451
1396
10198
7466
2002
7157
2044
977
6952
2070
6540
6916
2016
6115
7284
1954
6160
7476
1930
1599
6470
1852
889
925
6370
7082
7305
7882
2018
7080
2054
6811
7158
1959
1476
1469
943
6869
2050
863
881
838
851
6887
2044
6363
6946
6842
1958
946
974
6560
1954
6727
1935
1505
6945
7263
2067
6764
7354
2165
6532
1895
6182
6594
1886
1462
923
6461
6977
1947
901
6382
6805
1970
957
6741
1841
824
880
6895
7272
7232
7302
2062
7103
2161
1513
6932
1928
1685
6811
2042
6272
6842
1978
969
6435
1898
840
808
837
6419
1931
6391
6541
1939
1453
6399
7006
7202
7342
2051
7108
1971
7197
2073
1498
1546
1450
1348
1418
7452
6967
7576
7751
7384
7522
7309
2057
973
6709
2015
6877
7936
2091
910
909
7034
1995
6721
7296
2020
6554
6542
1897
893
6204
7304
1982
1468
6201
6762
6698
7226
2009
1471
1443
6696
7742
2070
1566
898
825
7071
2069
827
1466
925
7014
7358
2051
1239
7117
7845
2127
801
1531
6517
2054
7068
1899
1486
7137
7075
8225
7748
7555
2017
6799
1946
6734
7004
7383
1953
930
6012
7622
6451
1986
6455
7762
1966
1491
7210
1893
6903
2013
6688
7502
7297
7456
7502
7652
2056
6347
7192
1959
1020
6618
6875
6770
7232
1908
1418
1500
1482
6312
2055
1595
6399
2002
6505
1894
808
819
907
6740
2110
951
928
7082
7875
7959
2041
887
1525
1558
1493
1366
6205
1935
6096
7404
7400
7486
7385
7169
1942
6972
2034
7290
7604
2143
6899
7214
2098
6218
1976
938
6138
1985
1406
6095
6576
1854
956
6157
6930
1931
1420
1478
1577
6492
7176
7418
2074
899
7157
7849
7395
7392
2047
6692
7408
7101
7856
1920
1458
6485
7039
1846
865
6766
7342
7558
2086
6821
2069
6605
6932
2090
1525
1443
864
1535
6206
2100
6736
1873
1456
874
6351
6955
1887
956
6486
7742
1939
871
9158
6817
2098
6599
2062
6591
1961
823
846
936
981
1435
6699
1901
1527
7057
7626
2021
947
973
882
6944
7229
6908
7016
1886
7200
7458
1352
6040
1857
6270
6819
7302
7405
2025
6986
7744
8110
2101
936
939
6653
6711
7452
7361
7399
7302
2052
6621
1991
1551
972
880
837
869
6711
1990
6953
2090
948
6872
2122
6853
6939
2070
6327
6720
1966
6115
1850
889
1418
6320
1906
6915
1929
6513
6768
7216
7262
7688
1994
1393
7241
8468
2084
1525
6704
2034
6743
2009
922
863
858
6817
7030
2230
6264
6965
7132
1990
971
946
6881
1990
6907
2092
870
6948
7742
7582
2012
7108
2042
6800
1964
6008
6819
7095
1953
898
6361
6802
1849
953
6855
7422
2066
920
6717
2116
6656
2164
6636
7475
7419
7342
7005
7029
1862
6451
7141
1930
822
6352
6588
6766
6983
1959
961
6700
2006
6789
1949
1501
6811
2003
6964
2116
1507
884
864
7340
7008
1928
854
6135
6629
7409
1929
919
904
952
7075
2079
6702
2029
6633
7367
7566
7585
7575
7426
2098
6358
2016
6227
6546
1913
6354
1897
851
6237
1885
949
6429
1940
6285
7190
7422
2062
7000
2019
6970
2092
899
836
843
927
6858
7266
2051
1520
6894
7516
1992
6530
2085
6279
6751
6977
7411
2044
997
6888
2067
1614
859
6692
7686
7582
6938
7369
1867
6228
6860
1899
886
1526
6516
1999
6330
2079
6409
1952
888
1533
6697
7275
2050
1502
6573
7292
1957
861
6689
7608
2003
6921
7359
7728
2103
943
894
937
871
1498
6234
1888
851
6545
7147
1936
969
1433
1373
6265
6552
2027
6344
2002
6342
7439
2015
7067
1993
6872
7833
7979
6971
1955
834
6245
7657
1819
880
888
7104
7522
7417
7279
2055
6795
2036
7127
2139
901
883
1583
1468
1441
6905
1997
6689
1969
838
6554
6980
1975
1505
6147
1919
918
6327
1926
6093
6669
6772
1881
6405
1927
6655
1891
1452
942
1431
6741
7579
7535
2024
1528
6996
7479
7729
8255
2124
6272
6792
6796
7178
2030
945
6714
1927
1454
790
810
7029
7596
2095
6802
2069
6540
6862
2053
1033
874
868
1482
6705
1979
5966
2089
846
819
6498
6912
1945
971
924
6434
2066
1702
6416
7343
2004
6947
2031
6858
2053
1452
916
947
1402
1506
6670
2071
1470
6633
7592
2062
963
885
835
6986
7602
2038
6443
7672
9282
6960
2048
6239
1986
6945
6941
6882
7102
2138
6806
7502
7732
2060
7236
2073
6980
6835
7352
7338
1944
6859
2062
1542
1573
1498
830
892
802
947
6800
2121
6556
2156
932
6894
1976
7389
7760
2022
6832
7132
1989
6344
1914
927
1559
6032
2143
6019
1826
1485
6257
7468
6858
1942
1023
1510
6502
7169
2092
861
1394
856
6797
2024
991
923
1516
7078
7652
2105
6831
7212
7736
7657
2090
1486
6445
2126
6255
1930
1452
6484
6989
7208
7836
7751
2003
6916
1965
6587
6806
6798
1965
950
6116
6789
6948
1945
6398
6861
1982
943
6687
1866
6771
2031
6759
7269
7235
7389
7598
7526
2009
6578
6785
1886
952
6420
6908
6820
6581
1904
1409
1572
879
956
887
851
6312
1893
6303
1955
1403
920
959
6658
1937
924
1441
6904
7688
8037
2258
1521
1508
1495
6685
1986
7139
6697
6558
7190
7525
7455
7389
7431
1944
6954
2004
6630
7368
2059
6347
2043
904
6668
2004
900
6284
1932
6222
6682
6495
1834
6647
1897
6522
2007
915
1384
1444
1515
6741
1946
907
908
6613
7456
7460
7448
2021
7147
7489
7549
7158
6846
1860
6253
1876
891
858
6450
8132
7534
2123
6966
2155
6792
7002
2031
932
841
1465
1484
6570
2034
6250
1901
6228
1852
6366
6781
1940
962
899
6911
1934
946
6116
7212
1949
7157
2215
7086
2028
882
863
1002
1411
1370
9229
2049
1533
6762
7207
2076
6968
2026
876
6976
7047
2020
6062
1822
6448
6831
1946
6812
2005
7007
7675
7107
7146
2021
6498
7406
7331
2091
1669
1502
7242
7061
6948
7182
1957
6716
1970
7087
2082
1457
1350
844
1400
6942
7462
2043
6855
7476
2061
6934
2106
6642
7114
2019
6396
7679
2016
6890
1901
885
848
6318
1929
6238
2042
6368
7147
7121
7233
2084
1459
6823
7404
7350
2078
1509
948
1028
6696
2006
859
858
866
924
6833
2134
7045
7243
6685
2132
959
1482
6169
1863
6328
2056
1431
6734
7712
7469
7192
7015
1983
6539
1902
7131
1908
7006
1899
955
6444
6872
1967
888
6142
6689
2058
935
6681
1847
6941
1971
6778
7247
7591
7266
7568
7569
2015
6325
7542
1940
924
6216
2125
6355
6900
2657
1543
7192
1892
6380
1880
863
9270
2002
6865
1995
933
1491
877
6670
7272
1935
859
6957
7252
7292
1920
936
908
1348
7130
1972
5995
2139
6627
7700
7390
7625
7385
2063
945
6807
2172
875
6632
1987
882
853
983
6522
2124
6529
6515
1980
953
874
859
1443
6209
1937
6276
1932
1365
6324
1901
6733
2078
6379
1929
958
945
6519
7279
7089
7377
1997
952
6896
2048
6840
2059
6873
1976
6996
7852
2234
6450
2103
1369
6239
1901
1482
6195
6832
7365
7639
2120
6999
2091
6679
7061
2083
6359
2022
6944
1914
6217
6699
10677
6746
6707
1887
834
6971
1984
1045
938
7023
7615
7729
7352
1992
856
6639
7639
7738
2015
1422
6597
6716
6868
7006
2149
6155
2016
926
7072
1814
6379
7275
7145
7082
7306
7512
478698
6651
7688
6534
7286
7687
7630
7400
7558
1950
7119
2286
6624
7342
7132
2119
920
910
6345
1906
1476
857
846
6960
7617
1952
929
1371
6258
6472
6779
7042
7235
1942
6681
2160
1546
6957
7672
7322
7412
7382
1995
7015
2055
6532
6805
1989
6348
1891
6237
1910
6724
7652
7498
1982
960
964
957
7442
7225
2041
6502
1961
7202
1877
7136
1907
1511
6563
1930
6284
6592
1939
6214
1870
910
884
909
962
6721
1935
6966
2023
843
7033
2026
6738
1985
6757
2021
1476
1361
1447
1490
6632
7502
2029
7027
7092
6775
1954
6212
2072
1030
6243
6772
1946
887
824
6312
6845
2001
931
910
975
6503
1945
6817
7222
1957
6807
1968
1649
1521
888
875
828
895
976
916
897
889
850
889
861
929
6966
2060
7360
2007
1428
1460
6567
7737
6631
1983
6855
7478
7492
7519
2040
960
6860
7608
7278
2068
1468
1414
939
6558
7060
2128
6573
6835
1983
941
980
890
1365
6270
1896
1492
6894
1923
5927
1866
6328
1879
6663
1959
863
913
6535
7092
7346
7615
7419
2086
6920
2052
7021
2002
7033
1975
6574
6806
1873
6247
6813
1950
6700
1993
1489
6953
7742
2082
6666
1968
6499
1992
923
6429
1986
6250
1979
6182
2037
6350
6788
7278
7275
1918
928
826
6875
1966
941
966
7343
2094
6803
7428
1986
7015
7221
7362
7428
2011
1460
7347
2122
6891
6715
1964
6298
1924
875
6154
1942
6268
6894
7581
7225
7095
7265
7359
7899
2070
6665
6799
7152
7197
7779
7392
2078
6955
2049
6871
2000
7003
2046
873
869
6732
2059
6684
2080
1464
6624
7042
2009
1436
1488
6314
6658
7036
7482
1965
902
6519
1963
934
6646
7162
7269
7387
7566
2047
6626
7602
2028
6946
1993
7024
2084
6576
2060
6093
6577
6873
2047
912
892
6961
1937
7012
2027
6912
2046
6560
1970
7193
1930
939
6552
1914
927
7028
1979
7114
7064
2004
921
11410
1424
6875
1980
6052
7172
1851
7045
1968
6862
2072
6802
2048
1412
1413
1420
6873
7333
7858
2045
6892
7172
6682
1919
6195
1960
1550
6449
1897
887
896
954
6107
7482
1956
6366
2005
919
6559
1966
6720
7079
1945
6838
2603
1513
1530
1471
861
1449
895
1552
6889
2122
931
868
829
875
853
7437
2098
6533
2008
6398
1974
6162
7074
7604
1984
6824
2098
6964
7394
2050
934
6841
7204
7319
2041
1494
6452
8006
7481
1894
6968
1883
1460
6266
6516
6849
7158
7151
1998
6718
2049
6709
7388
2097
7040
2108
6942
2014
6976
7872
7125
1978
1532
1495
1443
1413
1408
1461
6031
1949
6169
1936
6295
2041
978
6894
1945
849
945
837
7212
7572
2194
1562
6561
2541
6612
1985
6488
6866
2097
6119
1943
6235
1947
904
947
1413
884
777
6407
7372
6648
1978
6893
7675
7745
2116
6797
2047
955
6752
1983
833
1463
1562
6659
7597
2101
1567
856
873
7106
2136
7316
7000
2013
6272
2040
962
1430
819
856
1476
946
904
6202
2044
1462
1479
1560
935
982
6189
2007
6272
1834
839
926
6472
7042
7222
1998
6516
7552
7344
7850
2043
1006
6425
7662
6527
7226
1963
859
844
1466
7045
2312
6978
7369
2014
1579
834
940
1459
6938
2037
7102
2146
961
6695
2031
6952
1985
6627
2002
1415
1490
6334
7425
7441
6739
6534
2015
7009
1874
6557
1960
6709
1962
6584
7549
2069
6834
7318
7706
7362
2010
917
6917
7138
2107
6209
1918
6408
1886
858
6370
1950
6893
1996
7219
7595
7321
7209
7245
6836
2095
1487
932
6221
1861
1529
1504
6416
1963
6298
6922
1950
6750
7147
7436
7512
2035
1449
6781
7442
7215
7589
2028
6995
2277
935
7211
2117
5956
6694
6953
7505
7357
7644
7004
7392
1984
6810
7777
7619
7305
7246
6902
2011
6208
1991
6671
7576
7432
2003
964
894
6825
2027
1413
1491
1511
6833
7397
2114
963
917
879
6551
7426
7125
7089
1955
6419
7745
1829
6829
6801
6872
7712
7187
1967
6646
2046
6762
7582
2083
6786
2118
6856
2003
7034
7722
7133
2086
1471
1504
6937
1940
6396
1894
6439
1962
6728
1935
6968
2072
962
6884
2151
933
6861
2017
6447
7162
1932
869
6239
1933
6187
1952
6480
7012
2017
6727
2031
1409
1548
6725
1974
6716
1952
951
7151
7687
7538
1968
6794
7203
7460
1941
6881
2009
843
7214
2095
920
963
961
6204
6722
1952
829
1504
6242
6752
2026
6198
6917
1910
6442
1926
870
864
1502
966
6719
2035
998
6822
1977
822
849
853
951
938
6675
1947
6892
1992
6801
2047
7276
7528
6508
1938
6765
7712
7442
7462
2053
1036
6845
2053
6739
2016
896
921
945
901
6762
2113
6670
7079
2018
918
1394
1506
1498
6722
1997
7139
1906
904
6160
2038
7115
1944
6068
1943
1525
914
6558
6942
7212
1940
6963
2033
6886
1965
6828
1997
10619
1898
6809
10568
2058
7004
7132
2030
6087
1864
1519
6192
6947
2029
7621
2002
7025
2185
916
6899
2006
6646
7256
7148
1902
6256
1909
6314
6915
2003
939
953
6379
1987
876
835
6143
1961
6082
7205
1939
6961
7568
7476
7562
2063
1448
6720
7545
7901
2020
863
6537
2087
975
5947
1978
6165
6852
6588
6706
6858
1996
6562
7511
1934
6544
7404
7533
8055
7974
6938
1954
6675
1870
6667
7662
7488
2027
918
965
7139
1950
1434
1450
1530
6817
7392
2109
6740
2086
6540
6986
2109
6625
6888
7566
1904
901
6173
1891
932
896
951
931
871
894
6727
1903
1479
6252
1903
7450
1944
6546
1875
875
894
6778
7349
7532
7527
7716
7687
8102
2120
931
926
6446
7634
7035
6812
1981
6707
1921
1406
7195
2013
982
7089
7422
2047
7137
2021
6409
1925
1453
6892
1952
6381
1950
6268
1964
6316
2057
6157
6786
1864
1413
863
6905
1973
920
981
969
876
7085
7556
2082
1476
6914
7398
7222
2069
6887
7806
2110
6437
2045
855
6945
1916
6566
6675
1975
950
6187
6795
6741
7080
7258
1982
6761
7305
7351
8033
7091
6972
6569
7255
1978
7362
2050
6859
7415
7622
1949
887
883
7110
2139
889
1442
1477
1472
6679
2157
961
1536
940
6773
7188
2044
944
1421
6451
1960
1510
6224
6674
7436
6485
6775
7069
7399
2020
10834
7454
2171
6963
2061
6665
1980
6884
7419
7683
2053
1527
1532
851
832
889
911
6772
6925
6812
1958
950
936
865
6390
1854
7529
7712
2063
6925
7390
1998
6474
7128
2084
6364
2062
6262
6789
2449
6285
1900
6049
1980
6037
1998
6905
1943
969
6953
7523
7342
1977
6767
7190
7668
7746
7332
2069
868
6022
6654
1862
955
929
6349
2049
982
6079
2009
6215
6822
1873
6573
2673
1511
6746
7192
2057
1352
798
865
895
6796
2046
991
951
932
839
873
855
932
7148
2093
7419
2013
1410
1510
7265
7714
7218
2631
6881
7495
7425
7406
7385
2003
7064
7177
7120
7100
2072
982
843
6558
7642
2100
848
6251
1925
6288
2066
1509
947
6722
1870
6309
1954
1491
6651
2009
6627
1969
6665
2103
805
873
6758
1998
924
7065
7449
2059
7090
2052
837
1440
6897
1942
6971
7140
2079
6223
1995
950
6246
1901
1432
6391
7324
1921
6990
7688
7399
2083
965
6379
2029
6412
2005
6409
1931
6970
1857
6551
6728
2095
1040
915
5997
1965
970
864
7114
1238
6805
7808
2099
1559
6967
7638
7723
2032
917
6693
1960
6826
2011
918
7023
2095
1503
6473
2103
6120
7472
6814
6735
7645
6900
1929
6424
7241
7095
7159
7307
7169
7959
7521
2058
6021
1856
6744
7590
1991
900
921
1367
6808
1980
1448
1444
934
1004
6886
7372
2006
947
887
6731
1977
7040
2176
918
6719
6972
2044
6454
2033
11357
6741
6785
1898
5993
1847
6527
6992
1981
6939
2002
6715
2178
6828
7649
7492
1991
6804
7399
1988
896
7188
2027
6660
6652
6848
1920
6295
2055
1476
7610
1935
7265
7488
1949
6805
7245
1941
852
6632
1980
956
1566
6293
6954
1918
6406
1940
6319
1966
6054
2016
6134
1943
1484
6719
7422
7476
1996
6750
7649
7292
1999
6925
1980
954
7161
7065
2249
910
920
6166
6615
2110
6305
1892
6148
7449
1947
6532
7059
2050
6801
2179
1380
857
873
902
946
6550
2058
875
907
821
863
868
941
943
6837
1999
6939
2076
1459
7309
7107
7043
7742
2046
6761
7888
7392
7688
7510
2037
1496
6760
7280
7146
2018
6468
7195
7496
1879
6183
7345
6578
6972
1882
6462
7182
7055
2076
6810
2005
7012
7458
2085
6951
2095
6949
2057
7209
7214
7548
1916
862
1433
1532
1445
1564
913
6336
6796
7382
1909
7115
2079
924
6890
2107
6611
7082
2069
6449
7407
2004
6883
6699
1848
6319
1948
6105
6661
1875
6929
2019
7042
2104
7022
2070
6846
1951
1464
6766
7256
7632
2079
7056
7075
6996
6828
7616
1970
954
6165
7506
1918
1394
828
6398
7143
1945
6640
1997
6701
7434
2053
6875
7829
2082
6483
6881
2021
1445
880
1487
1533
1523
1421
864
855
874
964
998
894
873
5954
1877
6929
1932
854
7198
7569
7552
7414
2023
7071
11381
7325
7095
6938
1942
7111
7608
7598
6531
1898
6265
1854
6725
7246
1961
986
954
944
6602
2224
844
840
7024
1957
7119
2077
952
6719
2106
6777
2050
6787
2011
870
1507
7007
7005
6769
6792
6792
7132
7598
2104
1484
851
7142
1992
6792
7870
1968
6575
1989
1482
6323
2013
957
7148
1882
1451
6420
1892
6294
1907
946
6080
1985
6065
2445
6847
1864
6989
2075
6865
7442
2034
947
953
6992
1998
864
922
855
946
6690
7475
2029
939
6997
7045
6646
2121
944
6180
1863
6344
2079
1553
6308
1969
6383
6862
1903
6434
7401
7189
7358
7576
7348
7886
6834
6785
7146
7382
7708
7466
7582
7377
1977
6695
2021
6507
6960
2011
946
971
977
6564
1969
849
1484
869
930
6346
1953
1369
1432
1618
6284
1927
6163
1982
942
6083
7079
1960
6388
1951
6586
7062
7528
1995
7083
1970
6732
7428
2226
7192
1997
7100
7195
7622
6847
6915
2051
903
887
905
1550
1497
1510
7045
1897
7129
2000
6917
2075
911
6881
2053
969
6409
2064
6626
7622
1964
879
6941
1854
6421
1841
6233
7404
1961
6231
1978
9829
1424
7251
2058
6794
2053
1609
6881
7231
7228
2062
6745
7752
7325
6731
6797
1979
939
6490
6728
2131
1466
838
6266
7029
1951
6668
2000
6587
7194
2037
6595
7327
2129
7428
1445
832
1490
1681
7183
1529
6155
1883
837
889
938
974
967
942
911
5930
1840
6925
1910
910
7359
7700
7376
7592
2052
6732
7448
7576
7142
2045
1373
1411
6513
1989
6394
2008
6262
2087
6195
7512
1941
916
6308
1864
6501
1904
882
984
6861
1964
6686
2102
925
6721
1993
6837
2037
1470
1522
1521
850
6835
7428
7516
7912
7742
7471
6544
1850
6458
1962
6791
1975
7126
7525
2089
6540
2062
953
6499
1956
843
6607
7732
1987
6366
1865
6459
2009
922
6442
1913
6139
1947
6095
1918
6658
1928
6893
7538
2032
1513
927
6787
1973
844
861
928
925
6766
7380
2060
957
7165
7562
7782
2128
851
6687
2696
6347
1908
1501
6271
1915
885
6102
1881
6203
6975
6938
7319
2001
6559
2019
6834
7682
7952
7171
6982
6952
7152
7528
2017
7026
2147
6974
7470
2017
894
826
912
6826
2093
930
1464
1433
6676
7312
2040
1472
6414
2065
6490
6719
7509
1958
6125
1925
889
6069
1858
876
6159
2129
962
6541
2039
6720
1996
950
6670
1968
6990
2035
1616
6864
7578
7515
7697
2043
7279
2001
871
6396
6865
1866
964
925
6279
7575
8228
7820
2063
941
6831
2050
6595
1959
6517
7056
1928
899
6925
1926
6100
6871
1997
1425
1367
6469
7465
6825
7212
7642
7544
7573
7492
2075
6862
7662
7795
7408
2093
1004
6311
6872
6682
7422
2007
6220
1850
6525
7046
1941
6578
7311
1963
6658
1968
909
957
6838
2022
7212
2148
6740
1960
866
6829
6495
7215
7559
2077
7003
7326
7608
7612
2133
1490
6739
7315
7106
7352
7415
7494
1881
901
941
969
6171
1920
6168
1906
963
6185
7002
2079
6764
1940
904
6584
1976
903
6861
2032
6987
7536
2065
6709
7468
1973
7025
7268
2135
6076
2027
6324
6982
7211
7732
2115
6966
7279
2064
907
828
1378
6489
2073
6577
6967
1942
984
6247
7048
6785
2094
948
912
840
6908
6601
1992
6721
2071
6929
2041
1479
6897
7601
2093
6725
1940
963
6633
7391
7576
2241
926
912
917
889
865
904
898
7297
2144
1402
1407
1561
5981
6828
1938
958
911
915
6327
1935
6245
1900
840
6317
1902
949
6518
2049
6454
7209
1992
913
6705
2005
7112
2089
7232
8092
2054
6614
1911
1344
6255
1905
858
972
1465
6143
7226
1961
942
957
854
863
858
6890
7563
7439
7498
1976
6877
2077
6606
7192
2001
1492
6549
2048
6565
6979
2000
7003
7356
2094
6708
1900
916
6192
1885
835
6481
2037
915
6627
2167
6606
2039
939
6766
2041
6860
2020
1518
6783
7656
2084
6933
1965
7149
1966
854
7109
6841
1848
983
869
6253
6962
8118
1934
7032
2072
6967
2108
6910
2011
6482
7171
1916
878
6301
1940
6214
1947
1394
1566
1586
6449
6715
6624
7516
2005
6729
7742
7588
2078
991
6792
7529
7137
7342
2028
6897
7153
6746
7459
1868
6232
6732
6778
9342
1823
6460
7218
1946
6570
1985
938
954
6683
2036
1449
878
7092
2091
7173
7007
2001
6402
6599
1857
6770
1881
7030
7452
1994
844
6792
2025
6911
7273
7962
7459
1997
917
965
926
6392
1982
6454
6902
1895
6316
6994
1892
6079
1937
1570
6359
1990
1378
6355
1978
7001
7166
2077
6936
7518
2114
6663
7298
2015
6882
1995
7021
7739
1999
6118
1849
6111
6775
1961
913
6704
2010
7180
2105
6867
7226
2055
863
6539
7100
7572
1892
1554
1490
6265
6925
1925
1391
6336
1911
6989
1942
1556
6784
7237
1929
7109
2039
6734
7562
7492
7712
2042
1458
888
1470
6791
2011
920
961
6993
7096
2161
1381
1496
1583
6734
1375
899
1535
779
6348
1906
6454
1895
885
6807
2009
937
6479
1951
6513
7255
7256
1930
6584
7322
7608
2092
6561
2177
1500
6602
1965
1398
6222
2041
1442
928
916
6086
7135
1898
7101
2072
894
876
1443
6807
7672
7645
7352
2055
6595
2125
976
6535
2096
1394
6433
2154
6563
7497
1953
979
920
6250
1880
6206
6873
1856
6253
6855
1906
6753
7222
1938
6835
2034
6830
7492
2134
1486
1492
7050
7702
7799
2126
6471
2011
6162
1977
6146
6738
1990
1456
6862
7751
7678
2014
906
868
982
6769
7092
2068
6510
1947
6305
1981
866
6188
6739
1982
6305
1913
863
6205
6918
7296
1942
1537
1409
1405
7135
2111
931
957
6906
7722
2050
868
864
871
6679
1976
935
965
948
8989
2129
901
889
1619
7067
2064
1493
7133
2065
6641
6841
1927
801
6509
1977
6435
1951
6256
7442
1889
6739
1969
920
866
859
881
940
977
6564
7062
1981
1386
1503
1495
935
919
6606
7342
7374
7812
2037
6594
1937
6331
6502
1843
865
6782
1941
7179
7575
2149
6921
7738
2011
7130
2159
979
6776
2032
1575
6776
2077
1454
6531
2270
6574
1907
904
6262
7592
6665
1953
927
905
6008
1944
6289
1915
6838
1955
875
6858
7102
2005
861
1495
6907
7506
7465
7375
2015
1392
7180
2085
7025
2126
6344
7559
2027
961
6260
1888
6302
1867
881
878
848
7511
7737
7536
7372
2106
6506
7025
6875
1934
928
6519
7029
6755
6689
1947
6060
7225
7616
7412
2032
6888
2020
6677
7408
2162
6756
7492
2108
7522
2013
829
6001
6676
1860
6617
2027
6771
1975
910
6894
1972
6519
6948
7288
10192
7383
7572
8011
2048
856
6575
6768
6562
7140
7489
7662
2013
881
1491
906
6871
2628
7059
1927
1504
6828
7348
2078
6721
2040
928
6328
1993
947
6548
1942
6448
6785
1856
6787
6475
1890
6973
6931
2007
6963
1965
6647
7453
2137
6921
2147
6749
7455
1971
1586
6993
2075
6979
1998
6608
6760
1861
1425
6335
6862
7289
1885
918
973
899
7175
2096
913
6891
2082
6861
1974
877
6491
6966
2046
6373
2048
6187
6874
6796
6781
1952
1368
1554
1467
6250
1983
937
920
6758
7719
2006
1486
6850
1998
6815
1995
944
6643
2094
6655
2094
1502
854
1581
6705
7461
2113
6475
2054
6139
6709
6920
1943
6910
1948
6195
1870
6517
7159
1975
6623
2026
917
6585
2152
6622
2018
858
6782
7806
1992
947
908
6600
2153
1409
6162
6645
7266
7587
1994
6874
2096
6779
7432
2039
893
6786
2036
6904
7352
1998
6451
7332
1932
6300
1871
874
6983
1924
1007
6243
1928
989
6050
1940
6337
1904
1488
6419
1992
6911
1917
1372
6647
7406
1956
6847
2025
6669
2092
968
6730
7536
7715
2055
962
6339
6696
6604
2093
897
7157
8225
1903
7050
2005
6844
7123
1983
951
6524
2021
6544
2066
1528
935
934
7084
6804
7226
6797
1990
6957
6657
7239
1868
803
6892
7722
2037
6724
1965
6702
7309
2012
7022
2063
6951
7037
6641
6761
1949
6259
7521
1971
7052
1923
839
6532
6939
2040
6764
1998
6701
2122
1381
6896
1969
7341
8021
2032
6544
2011
7078
6605
1891
899
6720
7606
7498
2136
6780
7469
1998
887
871
1010
6933
2085
6759
2063
1425
6790
6999
2016
6507
1985
1438
6272
6859
6625
1980
6087
6683
1960
6413
1947
852
835
872
901
6899
1983
6533
2053
959
906
885
6923
7460
2119
1474
6849
2072
6896
1964
7043
2009
844
7185
2133
958
920
951
956
6367
7484
6856
1877
6349
7271
1881
7076
2035
6816
7189
2010
904
6670
2005
6422
7479
1894
6139
1939
6395
7152
2031
10746
6766
7462
7552
7572
2171
6805
7189
7302
7632
7698
2159
6505
6772
6888
6750
1966
6231
7652
7071
7009
2119
6634
7225
1950
6710
2186
923
6889
7915
2213
966
1453
7096
1996
882
6137
1970
6054
7245
1963
7389
2070
7102
7524
1985
7015
7608
2245
6976
2018
6693
7355
2089
6491
1940
910
1523
912
6360
1945
856
6257
6675
1837
947
956
1433
6069
1839
1745
6240
1882
941
6733
2037
6702
7079
7539
7485
7279
2037
6808
1980
6954
7741
6963
6981
1870
6300
6692
8022
1902
7101
2065
6922
2086
6893
7092
2095
6549
6902
7557
6938
6749
1998
929
873
7135
2012
1521
6120
1898
6616
1835
864
6986
7493
2016
6862
2042
927
6720
1975
6729
2051
904
6745
1958
859
882
903
899
7070
2637
1371
1535
1460
950
7032
2161
842
882
6030
6692
1828
865
1473
873
6247
1987
946
6881
1965
6351
6955
1904
1482
6504
7460
7288
2037
6946
7516
2086
7441
1983
855
7169
1895
7162
1980
880
6740
1935
959
6673
1961
886
838
876
6859
2010
6877
7422
7742
7405
2093
6685
7259
2042
1428
6582
2047
6595
6988
1972
7030
6531
1947
5931
6935
1929
6500
2168
928
6629
1979
873
6821
2089
6771
2073
939
1041
892
6886
2011
1518
1505
6970
2189
7121
1953
7096
1962
843
7273
7055
6859
1989
1516
919
6334
1996
7103
1987
6916
7512
2003
6891
2049
6710
7086
1937
1030
8136
2159
1426
6247
1908
1549
920
6142
7143
1966
6340
6650
6628
7258
7709
2107
6814
2200
852
6803
7382
1980
6833
7372
7468
1995
913
6601
6706
6781
6831
2004
6857
6891
1972
6408
2047
882
6550
2155
1511
1487
1529
6634
7084
1929
6758
1977
6781
7168
2025
6644
1993
7096
6536
1901
884
6795
1979
7089
2120
6875
7396
2082
1420
1434
947
6918
2060
6780
2210
1372
6796
7512
2109
6446
2048
1552
6566
2029
939
6286
2080
824
6906
1899
7006
6557
6964
6873
7349
2026
6615
2109
6824
7588
7316
7328
2023
6984
7702
7002
2155
6915
1328
6973
1841
6319
8128
2708
1506
1473
7167
7424
7489
1952
832
1523
6545
2034
952
6502
1965
7225
1957
942
6313
6915
1938
6259
1881
875
6185
7412
7278
1878
917
6950
2053
1427
1545
1517
999
6747
2052
6791
7315
2002
877
6652
1972
842
1615
6999
7745
2093
963
965
857
6383
2011
1750
6194
1960
6182
6757
1917
6126
6666
7092
6975
1941
880
6701
1977
6635
2046
925
6732
2029
6991
2112
969
7282
7168
1951
6300
1945
6028
1871
1451
6583
1949
7134
7374
2084
6857
1934
6999
7323
2115
1588
6804
2054
8975
7032
2073
955
869
6703
1881
855
6259
1962
6995
7358
6605
6704
7051
2141
6576
1961
6495
7649
7612
7482
2131
6851
7762
7862
7075
7615
1956
9162
1866
6411
7258
2102
7156
2141
6936
7218
1979
1338
827
851
6527
2104
876
6455
1957
6228
1981
887
6179
7646
1905
6384
1942
930
7181
2018
6050
1994
1477
1471
1563
967
900
925
889
6822
1885
840
854
959
940
7242
2098
1033
896
871
6936
2160
1668
1458
826
6860
1974
868
6638
2050
6762
7465
2109
7099
7917
6798
6815
1929
967
6193
1981
6992
1929
874
6199
1847
6499
1942
983
6506
7183
2518
6705
2131
6638
7696
2021
7274
2043
6676
6756
2017
6619
1934
6766
7626
2065
866
6890
2022
6897
7640
1970
7133
7552
2129
6784
7318
2095
6435
2042
4127
894
863
1615
6233
1987
6200
1919
1346
857
835
6212
1914
966
929
1583
941
6949
1889
7064
1812
883
6454
2008
6685
2034
1514
6825
7502
7492
7332
2010
6735
7479
2023
7010
2091
7158
6845
1997
935
6355
1914
6320
8034
1862
7195
1993
7063
7355
7359
7062
6871
6770
6952
6732
1924
6249
6695
7082
7549
7468
2050
6714
7256
7202
7422
2021
6993
7226
6819
6735
2027
6197
6666
1997
6187
1947
865
6685
1977
1488
1448
1521
6534
7219
1930
6686
1923
6805
7580
2121
6567
2095
7252
7751
1962
1012
7193
1951
7015
1899
869
6879
2003
6634
2275
967
6560
2647
6745
1927
1520
7117
7402
2181
6683
2052
1004
6553
1991
851
6357
1914
6306
6596
1870
6065
6709
1898
6481
6835
2045
6642
1968
6963
7562
2052
7231
2064
6819
7247
7322
1940
6827
2086
7130
2174
7129
6915
1905
6608
1938
6911
7336
7558
2198
6913
2012
6432
2029
926
6224
1998
6124
6658
1941
6307
7207
1986
6237
1872
875
6478
1915
6902
1908
917
7030
2150
1405
1569
1497
1000
6805
2090
1470
903
1357
1443
6710
2004
926
1476
6625
7365
2075
965
877
1613
6955
1996
1478
6677
2117
6373
6886
1848
6458
7089
6728
6591
1972
940
6473
1950
6399
1984
1707
6552
2024
6696
1994
865
878
6980
1985
7079
2112
7324
2095
1425
6964
6764
6972
7296
1942
6922
2051
6614
7160
2029
915
6786
1972
6905
7615
2070
7066
7286
1949
6310
1954
885
6192
1999
961
6791
1971
951
6994
1915
6930
1977
905
6405
1896
6412
1888
868
853
6653
1996
6881
2088
6935
1986
1586
7180
2069
6674
2008
936
862
6550
2000
6661
2075
6790
7165
2712
6175
1820
1578
6299
1932
991
6495
2015
6796
7398
2003
6844
1948
6752
7322
1897
6391
1916
6115
6610
6832
1938
6545
6778
6829
7549
7222
2080
6643
2066
6536
2034
1460
6691
7455
7693
7423
1983
6395
7738
1910
7066
1859
1515
6653
1972
980
949
892
6143
6749
1884
6281
1963
6319
7289
1918
6755
2118
6942
7827
8259
2111
6263
2031
7119
2032
6913
7431
1884
1367
1477
1537
6987
2040
6648
2071
850
6714
7396
2050
7004
2115
933
6710
2051
971
898
6740
1944
6473
7012
1929
6901
9304
1859
992
6186
6732
6809
1965
6386
7119
7429
7498
7603
7611
2643
1455
1465
1555
6677
7446
7612
2120
6364
2105
6211
7605
1954
900
1493
1423
6579
2034
6904
2000
1004
880
6955
2026
836
1622
6852
2840
1497
6764
1961
6574
6770
1911
856
908
6813
6614
1956
975
6196
7008
6890
2017
6382
7342
1925
825
6885
7475
2063
862
6716
2047
956
1430
6621
7404
7620
2177
1474
1546
6999
7032
2089
6214
1985
6535
1980
851
6568
6715
2076
848
907
948
6123
6656
1932
964
6382
7062
7578
7539
7612
2015
864
1515
1506
6649
7561
6725
1992
1398
6274
8273
1860
878
6999
7382
7329
1990
6806
7819
7595
7514
7373
6771
7496
1967
6140
1932
911
6142
1865
1413
6900
7084
1836
857
961
6297
2022
1432
1456
1483
1528
959
6598
7365
7739
7812
2107
906
867
6947
2063
6737
1989
986
6625
7356
6958
7058
1967
6495
1951
6482
7272
7342
2115
870
6989
7442
1962
7261
7081
1983
6125
1955
1483
6799
7011
6964
2040
875
6280
6804
1896
881
915
6737
1941
967
6806
7332
2028
898
6630
7257
1948
6893
7537
7362
1994
932
921
6340
6841
6930
1896
1463
6512
6721
6569
1909
6221
6738
2056
926
6708
7359
7602
7758
2136
914
7459
7606
2041
841
1694
932
923
6321
7593
7195
7346
2085
917
903
6599
7286
1959
1462
6770
7762
2079
1673
1410
6778
2025
863
895
1554
910
940
863
6777
1946
6510
7089
6706
6754
7386
1887
833
6102
6978
1977
6200
7288
7235
7882
7852
7477
7749
2024
1379
1394
1512
6732
7558
7023
7010
6939
1973
6552
7396
1970
920
927
887
6855
2181
7002
7492
1996
952
7268
1482
973
906
892
6386
1946
6847
2130
6763
6821
1908
1485
1427
7464
7427
1861
892
6171
7442
1903
975
6989
7395
2110
940
6698
7246
2005
858
6712
1978
6879
1956
7499
7275
6925
1937
1478
1387
6446
7006
1966
7140
1985
6095
6682
1949
6254
7315
2031
940
947
871
6838
7371
2101
813
6919
8058
7263
6887
1976
6860
1869
943
957
6775
7543
7235
2094
889
6537
7388
2105
1506
6967
7508
7556
2036
6623
7572
6788
6552
6663
6791
6912
1819
6302
1895
1403
904
941
934
6611
7429
2043
1573
6927
7712
2051
893
826
1492
928
1984
6774
7425
7222
7659
2005
1441
6403
2097
899
7635
1940
1469
6401
7668
7505
7492
1994
6866
1995
863
6835
7132
2031
6396
6642
6755
6932
2013
6520
1980
6251
2025
864
6327
7279
7241
2038
1433
6556
7139
2041
1465
6700
7471
1993
945
7225
7588
2084
1440
6564
7743
1976
6364
1972
6544
1992
873
829
6132
6516
7478
1901
820
6284
2042
6654
2015
1620
7671
2022
1427
7026
7880
7448
6960
2024
908
6206
6848
1943
978
861
897
6805
1867
7236
7256
7285
2034
940
1472
6830
7575
2092
872
6757
7333
1902
1434
1528
6645
2079
1411
853
864
6271
6616
6877
1935
6081
2003
927
6114
1960
882
6625
6919
1924
872
836
6644
1962
946
6682
2724
1414
1471
7051
7766
7502
7499
2058
937
934
898
1454
6845
2003
802
7180
6942
6835
7769
1951
6631
2049
937
6978
12677
1998
6992
7735
7090
6850
1948
6202
1905
6213
2692
1500
6337
7007
6832
2039
1440
6289
7382
1868
876
6810
7605
2126
986
6662
7362
7539
2065
7104
7592
2145
6413
2045
6394
1949
870
836
6495
7082
6772
2047
950
6163
6616
6782
1998
6543
7306
2059
1491
7034
7702
7325
7945
1999
6177
6702
7276
1968
955
973
854
869
6816
7353
7299
7466
1934
948
1522
7290
7509
2106
908
6865
7197
2017
864
1487
6186
2110
1438
6756
1906
1390
912
923
5990
1965
6136
7379
1963
6452
6905
2026
907
6626
7452
7825
1931
7260
7432
2017
6617
7468
7286
1976
939
936
1363
6504
7609
7121
6902
7232
1910
7157
7655
2052
1535
932
1479
6862
2043
7250
6949
1942
861
6154
1896
1505
1563
975
1487
1404
6904
1215
6404
6875
1965
1639
1557
6996
7531
1917
860
6692
7246
2016
902
6691
7152
2037
963
6682
7429
2074
1407
7120
1913
6882
2007
6487
6839
6905
1868
1017
969
6380
6934
1921
1401
1482
6757
1947
918
6451
6759
2079
918
870
857
6682
1867
995
979
6820
7597
7756
7652
9861
1967
923
901
880
7095
6852
7192
1947
1526
6782
7402
2093
1405
6558
7522
7559
1987
6783
7315
1973
6626
6826
6828
6626
2011
6034
6619
1947
6427
1982
938
6233
7342
1918
875
875
6982
2036
937
907
1546
7031
1960
7119
7391
7421
7342
2009
1526
6886
2110
914
6362
2080
861
7046
7053
7009
7362
1964
6860
1995
955
6944
7489
2095
6418
6892
6802
7176
1954
6527
1934
6425
1976
860
6234
6708
1929
1580
1537
7073
7482
2245
892
6653
7402
1963
950
6665
7635
2078
980
7184
7314
2079
6573
2032
6485
1852
862
882
6373
6916
7502
2026
6477
6722
1905
6380
1930
6573
7359
1930
1470
6855
7492
7982
6897
2033
1493
6197
7429
1967
951
876
854
854
7162
7500
7346
7231
2018
900
910
6834
7802
2132
846
6957
7578
7149
1947
1491
6377
2046
1469
1437
955
863
919
1504
6120
2000
6264
7762
1951
7112
7031
1877
826
6521
7254
7759
2042
6992
7662
7402
7115
1984
6726
2092
1460
1375
1438
6911
7172
2052
6922
6911
1916
6552
8286
2020
908
915
1587
6871
1986
6697
7476
1957
928
6546
2016
962
968
914
6430
1914
6126
1960
6191
6986
1996
1590
6395
6745
7522
1901
862
6783
7164
1993
922
6645
7119
2055
960
6685
7452
2030
871
7163
1966
6924
2013
6409
7696
6781
1930
951
1492
6543
1958
1386
1422
1531
6258
2009
942
6029
9690
1954
921
885
854
6419
7495
1991
893
6763
7740
7742
7538
7632
2007
930
893
866
6235
6959
7122
1963
1561
6931
7322
2106
845
858
6665
7552
1979
7025
7452
7432
7282
2032
6388
1993
6149
1976
941
6068
1895
6068
7340
1869
841
841
7183
6742
1984
6742
7379
7539
7675
7696
7405
2035
1476
1510
1487
7009
7672
7148
7170
6754
7106
7374
7475
2091
6982
2163
968
6803
2021
6562
1958
927
869
6265
2008
862
970
927
860
796
6004
1949
6079
1944
1451
1450
834
6212
7142
1951
859
6274
6792
1941
1022
7187
7386
2108
884
971
6937
2089
829
6623
2145
946
1404
6620
7488
7662
7512
2058
1453
949
956
968
954
877
6395
7002
2096
851
6496
1995
926
919
950
951
6540
1997
1448
6287
7266
6864
6859
2043
6574
2011
1412
878
6791
7496
7569
1976
920
6700
7545
2016
964
923
857
6275
1874
6134
7298
1882
6831
7441
2093
6541
2012
6887
1971
1411
7392
2150
1454
6790
7419
7238
2108
963
6337
1961
868
954
882
860
990
6911
6551
7402
7401
1928
973
1474
922
896
1470
1507
1488
6660
1840
6356
7179
1913
6810
2037
6976
7792
7388
2113
6634
7269
7332
6908
7593
7258
1943
6520
1972
6792
7378
7546
7455
2062
859
6531
6894
1903
1431
6200
6628
1832
940
6340
7103
6794
1992
6502
7149
2434
6986
7225
7409
1949
1455
922
936
6764
7524
7680
7352
7011
12511
6796
1963
938
6694
6675
1915
6098
6692
6756
7375
7326
2002
7030
7735
2012
991
906
940
7533
1455
6483
6811
7596
1901
1386
1475
6742
7265
2689
1499
6543
7316
7355
7942
2025
6857
2007
832
6778
2008
965
963
937
6504
2052
904
6503
1956
6258
6562
1851
910
6103
1916
6177
1846
6396
6956
7078
1911
6790
7559
1997
1551
942
942
7097
2084
6866
7728
7256
1969
6770
7036
2088
6306
1870
937
6487
1929
6550
2134
947
877
6841
1906
1443
1519
1505
1387
7022
7628
2022
6846
7109
1955
922
1014
6418
6672
1992
902
6017
6772
1872
885
6791
6819
1883
857
965
6226
1951
1421
6905
1867
1446
1467
6986
7402
7247
2039
973
895
879
955
851
923
860
6865
7362
2061
6906
7368
2070
845
822
1447
1603
6367
2072
1384
6563
7646
6931
6762
1923
6103
1935
902
947
6188
2002
6442
1998
856
7391
7562
1914
857
1409
978
6996
1982
7076
7212
2038
6212
1954
7018
7394
1847
6928
7422
2077
6717
2032
1605
6640
7475
2044
6903
2000
6970
2082
835
1015
6849
2056
1552
6506
6880
7494
7301
1986
6143
1949
855
1566
6129
2029
1460
6391
1847
6500
7156
1884
6996
2033
7060
2032
7089
2105
6655
7256
7277
7726
7027
2103
1488
6991
1865
859
6356
6885
8309
1935
1414
6905
7372
2091
965
6680
7171
1958
1403
6499
6609
1915
1582
6543
6965
1978
6521
6765
7189
1980
937
829
6839
9591
7182
7112
7568
7448
11271
7158
2020
856
6429
2112
888
6196
6835
7045
6751
6614
1982
6202
6828
2001
869
844
1487
6655
2079
6771
7546
7804
2133
6874
2034
6395
7575
2154
1428
6236
7212
7405
7519
2069
6674
2125
957
6786
1992
7092
7495
7316
1982
6552
6927
1861
6406
1895
937
6972
6571
2140
6129
1924
7028
1895
1409
1453
1532
941
934
6264
1983
6593
7486
2136
922
842
1033
955
972
926
1438
6906
7542
7510
7322
1969
6954
2049
7004
7705
7568
1977
6511
6902
7446
7658
7586
7639
1986
6496
1986
6585
6519
6895
6709
2021
1453
6522
7565
2016
936
6978
7481
1992
1454
6954
7379
7299
2002
6608
7348
1958
7106
7635
7059
2047
847
1039
6591
7005
6905
6701
6619
6690
6901
7052
1999
1389
6712
7775
1997
7249
7869
7614
6679
1941
986
7064
7205
1982
1501
1002
869
880
844
6971
7302
2164
1548
6549
2008
6905
7806
2157
885
7044
7462
7454
7042
1864
6054
1955
1594
6245
1928
6141
1869
851
6213
1866
929
6474
1933
6420
7332
2016
927
6745
2014
7109
1978
7096
7422
7298
7292
7339
6939
2060
6213
1893
1000
6516
6886
8212
7421
7482
7522
7117
6845
2037
1412
1445
1477
6154
1953
6384
1918
917
860
6347
1899
1511
843
1517
955
946
6536
1980
7974
1966
861
1472
1533
6208
7272
1892
846
6761
7282
2141
901
6551
7391
1978
932
961
6853
2050
898
6998
1916
848
841
6807
7822
7091
1942
914
1385
1423
1480
1524
965
965
6662
6988
1982
6302
6582
1867
813
942
913
6203
6722
1980
933
6616
7584
7816
7689
2168
7634
2038
832
6311
6752
1956
6457
2099
1482
6723
7194
2006
849
1410
897
6763
2146
6551
7339
2038
7291
2075
6933
7628
2018
6400
7045
1943
6896
1941
852
6155
6496
1970
6098
2102
6347
1917
1398
1482
6253
1994
6564
7242
7675
7739
7478
2027
992
1538
862
892
901
926
956
6672
2060
6740
7468
2181
6607
2083
836
6375
6982
1948
6641
7321
7392
7476
7583
7161
2010
6237
2018
6862
6477
1867
6306
1827
878
6486
6860
1938
1509
6900
7228
1987
1476
7262
7282
7398
2000
6690
7639
1952
6882
7282
6992
2029
809
961
7152
6935
7182
2023
6281
6978
6792
6702
2494
827
6635
2012
954
6883
7434
7750
7154
6930
2061
6378
6679
1906
951
879
846
6791
1884
7048
7242
7188
2036
6841
2015
6899
7635
2164
923
6895
7082
7118
1968
1416
6130
1966
1510
6142
1979
6209
1893
821
6438
1928
930
6452
1954
6253
7535
2004
979
6827
2038
6915
1929
7111
7486
7225
7329
7455
2018
829
924
930
1439
6361
7616
6761
6978
7399
7402
7385
7367
2531
11261
1982
919
6441
1966
6973
2032
906
879
6828
1938
833
974
934
1485
1017
6359
1922
6617
1887
1450
6365
2035
6163
7262
1903
1359
6705
7282
1954
876
6814
7239
2036
986
967
7159
7582
2070
6825
2003
901
1450
6255
6924
6903
1835
932
871
6570
1924
1372
1575
882
6936
6677
1925
7055
6872
1998
892
875
853
856
6631
2065
1512
6962
7742
7827
7302
2086
6231
2017
930
909
6330
2042
6319
1917
1508
6787
7395
1995
877
904
6670
7331
2005
6786
7482
2247
6996
7409
7012
7159
6584
1910
924
914
6214
6635
7602
1918
828
6408
7076
7132
1914
6875
7516
1985
1528
7011
2090
7122
2030
6682
2084
7190
7854
2294
970
6404
6986
6852
7146
2013
7515
1926
1425
6976
1998
868
6972
7389
7301
6800
6682
1927
935
912
1503
893
6005
6658
6962
6900
1947
1514
6299
7295
7385
2090
1417
6898
7281
1975
6693
7710
7745
7669
2056
6410
1994
913
1456
6304
1940
6503
1965
6399
6860
6631
6935
6926
1972
874
866
816
6696
7303
7448
7635
1998
7414
2047
1394
6985
1943
1530
6118
6832
1938
951
7138
7354
2114
896
892
1544
6755
7187
7506
1965
921
7187
2214
921
6980
7478
2080
967
6662
6822
6518
7325
7311
6757
1861
6281
1903
1490
1453
1286
6329
7155
7249
1997
822
934
7136
7695
2099
905
1051
6893
2080
6615
7319
7709
2005
6539
2031
6359
1902
6441
1929
960
6463
7229
1962
1376
1540
1562
7024
2096
6827
7435
2042
6725
6822
2053
1449
826
846
1430
6916
6757
6846
6845
6885
2015
907
965
933
6336
7338
1881
1521
1503
6831
7570
2042
873
6690
1919
890
950
932
6636
2045
6949
7502
7332
2070
6398
2104
6156
1867
842
1381
921
958
6474
7078
6726
6515
1931
1423
1520
1474
6303
1986
6390
7170
1958
6945
7523
1987
868
7296
8289
1991
839
6350
6888
6732
7427
1945
922
937
6724
7318
2102
6847
6797
2025
1453
7043
7422
2086
1467
1475
800
851
856
6760
2177
6739
6992
2053
6116
1962
919
955
6022
6546
6835
1867
840
6397
6707
7158
1893
6737
7785
2003
949
7101
2595
6815
1987
1524
6726
7317
7436
2083
913
6383
7007
6935
7069
2032
7584
1892
882
859
6903
2068
7152
7720
7452
6812
7425
2075
939
931
937
939
5995
7168
7092
6855
1945
1489
6478
7238
7739
2132
1447
6652
7332
1953
834
6627
7285
7452
7319
6994
1983
959
934
7043
1901
6488
1948
6494
6940
7288
6751
7015
7165
1967
895
848
6753
7506
7468
8148
2003
7123
1981
958
1474
1380
1500
7036
7401
1904
989
7173
7408
2083
913
835
851
6662
7202
7366
7458
1961
9388
1389
906
6872
7105
2061
6341
7468
6628
7419
6831
6842
6282
1985
6613
1943
837
6950
2719
6903
7565
7369
2040
1496
1367
6633
7332
1968
899
912
7058
2054
897
6317
6876
1949
6338
1924
6642
7446
1928
1418
881
6923
7482
2084
1540
2067
1392
6922
1993
6637
6921
6686
6849
1987
950
920
1413
849
1366
6340
7084
7609
7554
7244
1907
6970
2039
960
6595
7132
2043
954
1573
6666
7495
1989
1537
6872
7289
2053
1424
1543
846
814
6265
7102
6845
1933
6465
1972
6121
1947
921
893
881
6264
1877
6359
6743
7315
1944
918
995
1482
6747
1950
6951
7744
8051
8055
6632
2111
1469
6202
7272
1926
927
7057
7469
7285
7456
1970
1367
842
824
6902
2095
6859
7415
2028
934
6515
2110
1490
838
1573
1502
1455
1354
6336
1889
901
919
934
869
6052
6652
6592
2029
918
856
6409
6747
2031
879
1463
6422
2020
1375
6544
7232
1961
6936
7542
7782
7429
2082
965
963
7011
7755
7025
2130
922
812
6388
1884
6312
6973
1946
6963
7639
2062
6826
2117
1468
909
1455
6794
7130
6832
6538
1905
2187
1463
1452
5972
6712
1884
826
6478
7007
6815
1939
966
6821
7687
2111
893
932
995
886
6895
7272
7216
1939
6850
1972
6957
2069
979
1527
1419
1664
7262
7162
7026
7182
1949
914
887
891
6501
1919
7028
6541
1799
6303
7062
1949
969
6517
7258
2079
933
6829
7699
7862
7541
2024
932
889
6889
7446
1944
6962
7383
2122
1490
6851
7188
1999
881
832
934
952
922
6859
2199
7200
7583
7708
7492
2145
841
1553
6302
6549
11565
1873
904
6254
6655
6808
1953
6357
7172
1967
1375
6796
2086
1461
949
943
7059
7586
7475
2013
1432
6595
7352
7338
7098
2006
6965
1889
916
6473
1955
916
6496
1940
6713
7419
7415
7442
2014
869
1589
1486
6720
1961
6303
6776
1891
916
6059
6840
1894
927
932
6491
6938
1992
902
6281
7235
7338
7251
7210
2189
828
874
6762
1959
6821
2066
6786
7496
6948
6836
6852
1945
1393
1409
1532
6416
6865
6529
6768
1995
6348
2013
882
6745
1905
859
7058
7712
1909
866
7202
8065
2065
991
951
954
6371
6696
7062
1937
873
7121
1982
1455
6697
7249
2058
1399
6563
7387
7826
7555
7699
7092
1988
6274
1944
916
923
897
6148
6599
6552
1953
898
878
6212
6762
2013
848
921
6315
7062
1970
6906
7705
2075
6998
1982
6935
7282
2037
1437
978
6970
7436
2056
951
862
846
6376
2083
7117
7104
1943
6585
2039
881
1541
989
6772
1893
6914
7522
8428
7191
6816
2063
6061
1962
1449
6839
6798
1837
1449
823
6468
7726
2014
1009
7019
7321
1885
881
7159
2193
896
6633
7362
7211
1969
6782
1996
6863
1986
981
1494
1367
1511
6752
7392
7606
6943
1982
980
904
892
6472
1894
6460
6602
1857
6256
6798
1915
872
6606
7286
2042
910
6782
7562
7835
6928
2031
7032
1966
862
6845
1978
6864
7635
2107
1446
6914
7216
2000
1435
849
974
947
890
6876
2100
7706
7678
7665
7032
2035
827
826
6276
6935
6522
1905
982
6199
7522
7031
1953
1561
6393
1855
1517
6603
1974
6799
2104
959
6935
7682
7388
2011
827
6546
7516
7445
7135
2002
6225
1871
906
1487
931
6375
7272
8286
7424
2052
6681
2154
874
1487
1556
1448
6887
2045
6665
6902
1911
850
6237
6626
6998
2014
934
6614
6869
2109
884
6335
7245
1930
6798
7342
1998
822
1624
6545
2015
6684
2074
6941
7512
7362
6862
7118
1974
1397
1538
1515
6349
6945
6892
6521
1961
6272
1999
870
6271
1943
861
6683
7309
2033
897
7049
7670
2169
969
974
904
6569
2039
7170
1715
1733
6277
2018
1431
6129
7226
1885
793
6972
7208
7442
7379
2014
6975
2093
6988
7656
7205
2029
6357
6846
1971
915
6025
6586
7384
1902
805
6256
6922
7168
1924
899
943
1413
1393
6629
2028
1422
1602
922
1479
6916
7490
2002
852
887
6947
7350
7505
2065
7137
2146
868
6398
2076
6428
6808
6989
8139
7493
7745
7698
2251
1402
1519
1540
6586
6772
6626
6528
1884
1327
6353
1890
6542
1925
1542
6401
6965
1983
6989
7532
7352
7398
7176
7558
7898
2120
977
991
892
6885
2027
6492
6950
7048
7017
1911
7063
1972
1524
1437
6758
7681
7021
7142
1880
6775
2280
1446
7004
2057
912
7053
8024
2029
849
6959
6895
1867
6273
1886
886
945
903
6926
1942
966
6964
2051
1470
1499
6844
2106
1369
6555
7390
8092
2079
6905
7615
1984
6492
2077
945
6346
1962
936
6109
6529
1942
872
846
6202
6686
1878
884
932
6456
6855
7186
7296
7938
2603
7070
7472
8816
7336
7338
1975
1526
7087
6961
7096
1913
891
966
6443
1899
7577
7485
1999
6856
1952
882
1479
971
945
942
948
905
6897
7522
6849
2685
1574
1565
842
6865
7361
1934
6399
1856
6468
6882
2235
943
6166
1971
940
880
872
1366
847
936
6631
7336
7302
7255
2010
6857
2538
1410
1616
943
6974
2088
7087
7340
8062
2114
852
834
884
6883
1856
6408
6972
1981
6259
6515
1966
912
6319
6735
2210
946
6715
1921
7051
7522
7672
2083
1464
7578
7011
2089
7114
6674
7304
1902
6841
7226
2196
835
940
900
935
956
6601
2042
6766
7534
2010
6822
7442
1963
869
6401
7062
6738
1980
961
6170
7340
7329
2005
1389
1540
1477
972
6493
1995
900
841
814
879
6312
7108
2002
890
6761
7652
7588
7469
2128
6745
2061
863
6829
1965
51775
6844
7779
2115
6509
7092
7438
2172
1437
1356
876
813
7065
7577
7715
2193
948
6619
1960
6271
2001
889
6045
6542
1855
6406
6958
1930
6410
6706
7425
1871
900
927
1433
1541
6975
2153
6660
7282
7275
7605
2031
6889
2028
950
1436
6780
2006
7299
7001
1828
10199
7035
1921
6394
1962
917
6399
6796
1908
1013
6229
7156
2013
1409
1676
1750
1487
1366
6938
1957
839
6757
2050
900
7010
2054
965
892
6647
7736
6864
1863
6295
7312
1890
6907
1997
932
6663
2115
1447
6570
7338
1965
1565
901
6987
7816
2170
1515
889
6891
7379
7198
6676
6782
1855
7107
7061
6896
6738
7318
1870
898
6886
7569
1977
1482
932
977
7059
2236
6835
7121
1956
6737
2066
1491
1499
6953
1985
852
875
6352
7012
6893
6892
2082
925
899
935
6773
7672
2034
6662
1980
6766
7331
1922
883
6454
1958
939
6111
1948
1383
1467
6140
6995
6915
7649
6841
1931
6684
1937
883
864
840
6876
1990
6588
7312
7312
2020
6874
2043
957
7136
2043
954
6797
2173
6470
7745
1886
1741
6568
6936
1964
1432
1435
6208
6658
6764
6941
7211
1931
6943
7513
1922
7109
7968
2090
6326
7522
7521
1881
997
951
6686
1950
846
6974
1975
865
916
6849
2133
1471
6646
1973
1551
1424
1488
6869
7933
2125
885
902
7031
7352
7129
7065
6582
1849
6923
6574
7632
6864
6816
2048
909
6500
7294
7592
2019
908
958
7061
2129
6959
7305
2097
6974
2113
1533
1462
1363
911
779
957
887
7050
7721
6915
1924
963
868
812
6304
6975
1931
1451
1432
7713
7497
2063
1418
6971
1978
1473
1457
1019
953
1433
856
6829
7219
2047
7075
1934
6137
1945
921
966
947
902
868
6662
7528
7021
2020
6433
2048
1452
6204
1856
900
7998
1876
6941
7696
2150
1650
6648
7301
1996
981
6846
7606
7485
7069
7835
7115
1947
6373
7769
1961
6707
6795
1873
7084
7121
7312
1991
903
954
1986
1435
1511
6918
2073
7144
7855
2088
6329
7308
1950
7283
7556
7356
7345
2076
798
6687
7472
7782
2070
915
887
923
933
7004
2104
869
848
1537
1478
6995
7559
2072
830
865
6219
6659
6588
1835
6963
1924
918
6316
1899
6485
6745
7242
7272
7585
7745
7746
7282
2069
920
862
6846
7281
6969
6972
1879
1490
6445
7018
8062
1945
957
6942
7346
2661
6941
7232
7152
6835
6549
6992
6929
1884
1507
6367
1998
6280
1986
6894
7419
7252
7336
7248
7472
2208
879
847
6815
1889
6800
7292
2064
7083
6898
1889
7244
2104
946
6898
6710
1946
912
6366
7582
1934
1505
1469
1454
883
872
6602
1852
954
6851
2025
918
7083
2054
906
859
7175
8026
6938
6825
7272
7186
1863
6947
2063
871
6799
2106
6893
7359
7612
2629
1368
1595
6615
7199
2037
953
1003
6639
7127
1994
7178
7492
1850
6987
6414
6741
6936
7172
1922
894
6588
7370
7794
2051
920
914
6769
2080
6839
7644
2009
7001
1992
1647
1677
1472
1325
6589
2061
6202
6979
7032
7272
1897
1746
869
880
7073
7580
2141
6682
2032
6428
7010
1928
906
6381
1939
918
950
1546
1407
1569
946
6993
6767
6778
6598
1947
6098
1955
906
6899
2008
7218
2068
7089
7466
7475
2066
6561
2007
1531
6811
2065
912
7009
2059
866
6426
2162
1498
6358
6839
1999
1284
872
6280
6747
7712
1924
6468
1945
6532
7338
1985
6711
7374
2043
6792
7971
7739
2070
953
874
6236
1856
834
6765
1880
6732
7582
2105
6772
2054
1385
1663
6810
7445
7423
2059
968
6760
7378
7179
2032
871
6472
1932
810
6404
1912
891
949
889
980
6216
6732
1982
903
1542
6057
6905
6924
1944
6883
2543
1347
6694
2016
6747
7388
7502
7415
7592
1961
7107
2083
1508
1633
948
6586
6676
6632
6767
1979
869
6706
1871
7235
1987
1495
6916
7315
2021
6556
7225
6819
6748
6866
6802
7402
2017
1582
1499
1415
6827
1859
6669
7365
2022
6761
2092
6746
2018
935
966
6980
1995
6716
7686
2134
6966
6938
2029
6215
6662
1867
6420
7298
2058
1489
6397
6866
6902
1980
1425
1506
7004
1985
6558
2018
1533
6834
2011
854
6935
2070
863
942
6563
7877
7711
6537
7150
7575
2038
6952
7502
2031
6890
2197
6933
2055
878
6603
2659
1497
1536
6517
2081
6613
2002
882
912
951
6588
1996
6316
6713
1956
6460
6592
6906
1918
6378
1923
6642
1924
800
6793
2060
6727
2029
6863
2085
1402
6835
7615
7635
7826
2100
1676
6467
6712
6684
6822
1991
6703
2035
7145
2102
841
9553
2043
863
960
905
913
8298
7352
2016
855
884
1489
1499
1519
6478
6755
2151
6209
1840
946
6235
1953
6480
2032
6238
2070
6119
1968
6841
1936
7047
7521
2045
6793
1960
854
6842
7199
7787
7772
2134
949
6544
6732
1906
6289
1895
1454
1521
6193
1336
959
6320
2035
6982
1253
845
6295
6992
7115
1898
955
951
6563
7396
7415
2074
972
7232
2035
807
1535
1549
1547
6530
1922
6987
1873
6077
7195
1894
7170
7592
2077
929
7001
2046
7129
7747
7330
7312
2070
6585
2038
883
6416
1895
861
1072
6911
1990
6987
1886
6962
6434
2482
7169
6986
7201
1970
6563
7785
2057
918
963
945
7082
7299
2028
848
1419
1512
6804
2041
6999
2031
6981
7190
2128
6157
6846
6699
8035
7564
2038
1556
6966
7345
7132
7042
7609
13468
1469
1525
6398
1466
6367
6576
1927
6732
1896
6613
1886
6941
2066
6745
2090
6893
2073
970
6776
1976
6665
7479
2024
830
1398
1487
7148
2068
1351
1432
6371
2099
6158
6624
6816
2005
6263
7478
1963
6391
1987
6368
7332
1963
881
881
6708
7366
7555
2062
1541
956
7509
7259
1956
7215
6830
7150
7525
7405
2096
6772
2030
6826
1964
1488
6930
2098
1516
6629
7168
1980
6549
1938
891
884
950
6603
2058
6436
6772
1971
7084
6414
1898
883
6395
1906
6482
1900
968
6796
1939
1340
1384
6600
2097
1516
6965
7514
7520
7482
2059
932
6940
7562
7049
6794
1947
6361
1882
6365
1963
829
6700
1946
880
971
970
7056
7872
7402
2012
1421
6372
1968
1544
1521
6512
6962
1935
6211
1835
867
7170
1908
946
1509
6244
1995
6027
1918
6745
2023
6719
7725
2050
7000
2026
952
921
6866
7348
1997
6576
7535
7542
7082
2018
6825
6867
1922
1524
6346
1984
920
7044
1989
7163
1882
926
6377
7043
7442
1956
1524
947
6589
2050
6886
2001
883
6916
1999
1546
1547
1480
866
7280
2005
6587
1940
6973
6511
1878
6745
7582
2101
962
6789
2067
6747
7455
7285
7486
2118
6816
1924
855
6529
1962
933
6652
6948
1974
7059
1939
7136
7294
1862
6411
6969
7309
1925
6855
7415
2096
6973
2120
958
6655
7416
2023
869
1466
882
6751
2060
7172
2038
6499
6752
1932
6122
6759
7390
7736
2154
907
883
6781
7116
1980
6690
7258
7530
1987
1484
6556
1895
6402
6992
1899
6091
1970
6048
1927
6662
1953
950
923
6956
2014
837
6807
1977
6685
7525
1951
923
974
6679
1994
1502
1430
1531
6891
2056
7052
7759
7410
1969
6413
6868
2027
6879
1927
6329
6948
1907
847
933
6466
7302
7105
2052
6874
2050
7117
7245
2131
7160
6927
6621
7082
1867
7112
1962
6789
2831
6877
7398
2066
6901
7246
7232
2161
6533
1987
6477
7482
6836
6746
1877
6866
1938
920
1508
973
961
6230
6896
1956
6667
1879
8036
7569
1995
7029
1995
6769
2121
7018
7583
2054
1473
1398
1451
7198
7189
2082
5986
1966
986
6357
1990
6262
1982
7551
7671
2051
6936
7475
7221
7126
1918
943
903
6993
6731
1945
6439
7079
6703
2041
1437
6234
1856
6756
7565
2086
7075
7444
7523
7409
7627
2102
7197
2130
6458
2109
1384
7054
1913
6296
6696
1943
907
1495
938
6277
1955
1409
875
6249
1841
6295
7005
2046
932
6669
7162
1981
6679
1988
6889
7866
2048
1537
939
6482
6765
7151
1968
929
890
6774
7612
2032
6858
7312
7595
7773
7488
1993
6660
2092
6515
2055
930
7072
2139
894
867
6273
1948
6270
1948
1525
1366
838
6345
1873
6098
6939
7111
7182
7228
2028
965
974
928
7185
2016
878
6794
2029
6818
2005
6726
2163
965
6930
7526
7075
6721
1897
1455
7140
1908
6257
7176
1999
7127
7715
7235
2071
975
7800
2042
856
1421
855
7212
6865
6838
1921
948
6575
1970
996
873
6240
6596
1964
6086
1941
1512
6706
1903
6912
1989
873
854
6880
2034
6702
2019
6693
7161
2260
6953
2015
890
6977
7105
6675
6996
1838
6385
7378
7440
1841
6439
1963
1616
7401
7371
1966
1407
6655
1963
6980
1945
916
7047
7195
7259
1932
976
907
6364
6801
7160
1922
863
6939
2078
963
1492
975
1468
7003
2060
6751
1962
7117
7386
2051
6655
7200
6942
2067
6521
2030
11661
6926
1853
6273
1886
6640
1877
916
6329
1978
999
6587
7118
1962
6690
1989
6836
7840
2024
6754
7525
7509
1946
7178
7172
2082
6802
1951
894
6256
1929
1545
1465
942
933
6312
2033
6957
1933
7143
7654
2040
6736
7052
7365
6802
1930
900
908
6928
7038
1905
6399
6598
1977
924
913
5994
1849
1462
6813
1970
7156
7531
7520
2070
6709
2002
6677
1987
6800
1962
902
7164
2060
6553
7485
1943
1526
931
877
6326
1896
838
964
6277
2008
1349
6166
6848
1930
6400
6895
1934
6694
2013
6542
7214
2032
1575
886
6740
7859
7767
1921
959
876
7042
6401
1912
6707
7688
7542
7330
7388
2013
6850
2082
6705
2115
874
6610
1980
1448
6540
7028
2046
6297
1960
1385
6275
1910
6279
1881
6817
6957
1954
6633
7145
1996
943
6769
2099
6969
1949
913
882
1427
929
926
6912
2616
1391
6824
2023
6876
7484
2060
7207
7062
6736
7412
6758
2010
6714
2017
7046
2079
917
6987
2013
1391
948
1546
6642
7149
7072
2001
943
6319
1894
913
6918
6874
6742
1953
6269
6652
1966
6848
1910
886
854
6899
1991
6810
2018
6691
2127
6761
7474
2071
6992
2061
908
7006
8400
7460
6685
1875
6320
7342
7528
1885
6558
7141
2070
976
6740
1972
1402
6556
1995
6964
2002
1541
6983
8092
7049
1990
938
924
6526
6596
7108
1861
859
7189
1987
949
947
1531
6837
1476
7113
1976
848
1575
1527
6807
2635
6879
7241
7162
1940
7146
2001
831
6462
1954
6364
1977
967
7118
7575
6565
6771
7034
2099
6552
1921
6536
1944
850
6830
1962
989
914
7016
2591
1410
6809
2101
6957
7585
2106
944
7170
2212
7142
6658
2012
6215
1870
6303
1959
872
6871
2034
1001
7099
2073
950
7017
2136
854
1479
1528
1529
1361
898
6582
7155
1994
6662
2142
954
6178
1983
1504
913
862
886
6947
6801
6826
1918
6083
6789
1984
6833
1940
1958
1441
6972
7592
7415
2185
6785
7232
7546
2083
7076
7142
7445
6918
9162
1255
916
6214
7550
6795
1899
876
6526
1988
6640
7110
1978
966
6705
7465
7830
2044
1019
7217
7077
1972
885
1495
1461
6019
1958
6846
7632
7507
7499
2030
6890
1957
863
878
7163
2120
6827
7358
2103
6516
2095
6439
2000
864
887
859
823
957
6208
1976
6871
2422
7148
6424
1871
6340
7019
7242
1978
6544
7675
2056
6980
2106
949
6663
7492
2065
6748
2001
884
6905
2037
6590
2148
6773
6897
1957
6186
7310
1957
7193
7688
2034
884
6702
7096
7046
6835
6909
6944
1885
1469
6281
2010
6061
6562
1991
6566
7431
7416
7428
7466
1977
856
850
6648
2213
968
6984
2036
7048
7756
7384
1889
930
841
6425
1884
858
967
6464
2043
1369
1576
1475
926
6168
6727
1912
941
926
6396
6915
1961
6872
1960
853
6830
7352
2008
972
980
6952
7296
2077
6482
7072
7356
11122
7435
2024
6792
2005
1447
1511
1443
6880
1997
6842
7436
7188
1974
6562
2022
951
6311
2141
6573
2052
6396
7642
7418
6368
7108
7028
1970
6596
1936
6685
1948
889
1417
945
925
1355
6796
7635
2014
6714
2082
6827
7445
7652
2070
6654
2273
6144
6775
1992
6263
2003
6734
1898
848
6995
2018
919
7011
2089
925
6707
7226
2005
887
922
6506
7689
2160
6237
6842
1954
7049
2004
1434
6159
1876
928
936
950
959
6212
7409
7742
2125
6829
7383
1945
6846
1969
888
839
6958
2177
6863
2017
6996
7018
6889
1899
6327
6835
1988
6162
6762
1936
1555
6385
6929
7215
1982
945
6516
7298
7347
7899
2075
6744
7612
7256
7150
2111
885
7015
1969
962
942
949
962
7063
2004
6959
7452
7305
7409
2122
6658
2012
1577
1508
6480
1957
6438
7163
1871
6266
1880
6290
2100
992
971
893
913
1516
6748
1908
6512
1882
6420
7371
7196
7408
7580
7302
2088
6671
7582
2064
7026
1998
1411
1482
6503
2116
6119
1898
964
6182
1993
6281
1944
6716
7821
2024
6960
7235
2027
6513
7136
1993
922
6266
6855
7018
1964
850
6234
2068
830
6900
1495
6740
7185
1971
7094
7336
7658
7305
7316
2041
1365
885
7021
1976
941
6962
2133
6582
6732
6883
1982
6303
1985
6981
1936
901
874
6263
1869
938
6437
1987
6453
7459
7315
2551
1407
1425
7679
7591
2145
7366
2085
915
7384
1968
846
921
839
7111
6641
2116
6628
7680
7375
7462
2008
6992
2074
6949
7242
7149
6978
2073
6487
2094
849
1449
6320
1982
6948
6951
1970
6060
1895
6312
1840
1461
895
952
909
877
6516
1955
6652
1903
6537
7512
7575
7461
7533
7775
2021
7207
7218
7386
7501
1854
941
6370
7217
1996
7127
2011
1477
7699
2057
6576
2071
6539
7038
1987
6210
6716
6884
6805
7377
2060
7000
6807
7458
7840
7538
7416
7242
2061
894
6939
2037
7376
7938
1993
6299
6982
6749
6879
6712
1933
6410
1919
6505
1999
905
6795
1902
6565
7503
2153
1472
6765
2693
6522
2049
1409
851
7172
1917
884
974
954
959
6289
6575
1917
853
882
6822
7538
2056
7901
2339
6803
7637
2013
1610
1410
1483
7134
7555
2098
6833
7058
6977
7536
7585
1914
6189
1958
904
884
864
6909
1861
6268
7909
7257
2019
6527
2076
6995
7495
2103
6665
2046
6761
7365
7562
7165
6765
6794
1903
6399
1885
6628
1935
1680
1515
1400
1395
882
7159
2070
931
933
944
7029
7248
2061
834
6487
1948
6568
7706
1878
6244
1939
6416
2051
1398
6220
1976
1544
1592
917
1498
6921
1971
1415
901
885
957
937
1507
6102
7066
1927
7066
2038
817
6861
2128
1492
1475
1379
832
6684
1955
6716
1975
6738
7629
2046
7131
2115
960
7446
6651
1875
6291
1828
6383
6655
7515
1846
6473
11347
7361
7222
7374
1961
975
7217
8018
7040
1936
1362
6391
1937
6150
1933
1582
6662
7456
7504
7736
2075
929
6834
2043
1466
889
852
1553
6787
2053
6929
2105
6633
7002
2066
6560
6855
1929
858
6603
1879
6120
6358
1933
7129
1954
6532
1962
853
864
897
968
947
6808
1963
6814
2006
6811
7542
7436
7462
7562
7818
1968
882
7359
2060
6305
1983
923
6292
6870
1952
6679
1916
1467
7104
2143
6881
2122
6629
7235
2018
6416
6889
1992
6901
6971
1878
6335
6757
7276
7274
7974
7532
7496
1977
1386
6700
2049
6864
7357
2044
6879
7106
7736
6731
2007
941
900
1422
6279
1969
1495
6198
1975
6203
7002
6950
1915
6597
1938
6666
1970
919
954
6645
2034
1723
905
856
6933
7812
7091
2037
6305
1863
5991
7226
1955
938
1380
1417
7279
2045
1547
905
1585
10602
7352
2035
6899
7318
7489
7455
7066
1981
6632
1983
6281
1871
947
6197
1990
953
6304
7402
1965
6325
1869
813
6605
2614
7048
2000
6642
7555
7486
7345
7659
7477
2034
6965
2109
6657
1980
889
911
914
956
879
6933
6538
1879
6570
1953
7652
7558
1991
875
6741
2043
6798
7001
2027
6592
1942
7071
1947
1517
6297
1983
945
6399
2005
876
6273
6931
1984
848
906
955
942
951
6426
7173
1903
7062
2005
838
6784
2072
1496
1476
1356
6776
7386
7316
7578
2007
8654
6966
2015
6152
1979
951
914
6382
1967
6326
1909
6153
7436
6981
1928
6457
7452
1884
6620
1951
912
950
6809
2555
7203
2061
1546
6569
7849
6808
6552
1923
6722
7607
7605
7738
2085
949
6859
1974
851
826
885
6798
2084
8838
2073
932
942
981
6605
6981
1980
6545
1990
1507
1479
1446
6958
6514
1888
6189
1973
955
6170
2001
6139
7003
2028
956
960
853
6682
1859
1465
901
993
6914
2015
6902
7352
2042
6976
7585
7742
7939
2117
6335
6882
1903
6074
7039
7282
7669
2180
7069
2099
967
861
6625
1954
6493
1980
6438
2054
978
921
966
930
877
6935
1994
7130
1932
1466
1322
6301
1883
6348
1940
7060
2090
1490
6217
7232
1935
7143
2219
7142
2105
846
6760
7446
1971
6679
2032
7039
7629
2080
6665
2094
1445
1484
1576
6096
1991
953
6361
1954
909
6373
1907
6889
1883
870
6955
1878
1688
6461
1934
6717
7072
1969
939
835
6665
7594
2058
6952
2020
1463
1482
7333
2015
6681
6742
6518
7162
1853
909
7192
2063
7040
7616
7754
7600
2126
943
6846
2094
6670
7107
2083
6447
1889
1411
6945
7408
7587
6535
1871
7055
6534
7529
7225
2089
6889
2041
1487
6912
2083
933
906
906
6667
2017
6790
7482
1931
843
1629
911
6891
2090
6557
6749
7032
2032
6355
2146
6710
1956
7174
7649
7252
7061
7222
7655
1885
7014
1962
6639
6762
1962
1510
6998
1953
6207
1895
6632
7606
2047
920
6828
2107
6781
2005
7052
7218
2084
962
6772
1962
6924
1986
857
6440
2100
6011
6668
7531
6761
2017
6170
6944
1927
6525
7375
1908
6635
2056
6956
7927
2340
7634
7098
1979
6378
1970
879
5999
7338
7386
1972
855
7166
2035
6729
7554
7699
2029
6824
7272
2063
921
938
941
6420
1991
6546
2020
1531
1450
1323
864
6321
1910
6201
1928
908
6379
1911
6747
6308
2004
886
868
900
6398
2035
893
957
1408
6680
1912
6847
7422
2029
6892
7445
2035
7925
2238
6922
7632
2047
6488
6912
1927
6278
1892
6269
7322
1880
899
7085
2042
7076
2256
7061
2083
1585
901
6681
2012
1607
6446
2044
7140
1923
1350
6855
6989
1888
6321
1919
7603
1980
927
7093
7211
1940
7273
2121
6807
2253
875
6889
7245
1975
6886
2002
6715
7649
2046
6509
2107
1415
1426
6083
6806
1999
1485
6304
1995
6150
7622
1981
6419
1859
847
6474
1880
6863
7142
1996
6907
1982
922
1459
950
6854
7915
2065
6452
1950
1515
1496
6467
1917
1408
6759
7213
7736
7459
2007
7047
2028
7140
7265
7465
7398
2091
1499
6595
2017
7274
7024
1990
6387
1990
1421
6189
6543
6844
1820
942
6457
7402
7206
7420
1981
6823
2130
1410
6661
1994
1554
6737
2028
6962
2045
926
7022
2023
837
6439
1995
6371
1842
913
6328
6842
2047
7486
1995
7032
2067
6952
7248
7120
2005
6559
7092
1890
6226
2690
6496
6772
2126
1474
7015
1953
6880
1916
6683
7410
2008
922
6996
2057
6776
2033
6705
7262
2047
1007
7054
2023
6932
2014
1626
7361
2088
6105
6642
6702
1982
1395
6163
6826
1933
6453
1995
1404
6503
2180
6917
7319
2005
6687
2146
816
7055
2058
7365
8098
7517
7371
1895
897
6610
1941
7236
7611
2101
6789
2031
7099
7572
7346
7115
2030
887
6477
2088
6744
6702
7382
6963
1959
1494
6149
1881
6205
7822
1941
6770
2033
915
7306
7301
7384
7486
2145
7092
8035
7859
7154
2069
6101
1973
1531
6175
1865
939
7148
1948
6701
1954
980
7307
2668
1507
6800
2092
6630
2027
964
6551
7055
1959
6248
1912
6976
1879
6249
6856
1911
886
6219
6812
1928
6765
2124
902
7026
2168
1460
7192
7592
7278
1977
6628
7525
2879
1503
7327
2070
6789
2002
6117
6869
2102
1485
6214
2010
6916
2020
1460
6147
1942
7338
7091
7082
1968
1402
6600
7326
2045
6808
7128
2000
7410
2000
6475
6506
1952
6903
7505
2047
7014
2026
1553
6930
7715
7739
7432
2079
6760
2104
953
6482
7218
1926
6178
1908
845
879
931
6507
6599
1928
6216
1953
953
955
897
6204
7109
2047
6669
2073
1510
6635
1980
6878
7647
2008
889
900
897
6772
2061
939
1507
883
6769
1967
7040
7685
1959
6436
7530
2032
8629
2044
6228
7185
1965
7056
7437
2057
6674
2094
6456
7252
1996
7177
6381
1940
6434
1919
6221
1952
833
6176
6864
1880
897
6782
1886
6999
2102
940
6801
7352
2196
969
836
6689
2645
1520
6722
7355
2132
7061
1997
6404
2064
830
6046
6696
1966
6402
1998
6087
6699
1908
6605
1977
935
826
6386
7230
1936
879
6677
2005
924
6827
1984
6995
1988
1549
7432
2045
964
6584
1983
6326
6536
1965
873
826
882
6626
1933
6955
7414
2112
1570
6746
2078
7253
7515
2044
6849
2053
1529
6561
2063
6353
7189
6847
6806
1886
1345
6106
1880
6694
1831
951
6279
1978
929
7103
7585
8771
2038
943
6788
7606
7377
7456
1986
7057
1945
872
7061
2232
962
6408
2117
6147
1869
1616
6310
1980
1030
6369
2031
6980
1916
846
6989
7612
2062
6692
1998
6700
1988
1545
6397
7265
2033
6165
6895
1940
6254
2045
6117
6756
1913
1557
6721
1959
7124
2052
6788
7629
2024
840
6762
2152
6530
2075
6747
7435
2079
935
7205
2076
6211
1895
1428
6315
1897
1502
6261
7432
1982
932
7027
7744
1892
6547
7054
1894
6557
2029
6651
7372
2111
7273
7229
2048
6826
1955
897
6005
1823
6917
1836
974
7150
2092
7251
7422
7746
2143
7003
2105
920
957
875
6878
7526
2043
6538
2012
1413
1537
864
6488
7677
1853
7107
1952
6946
6651
1898
6322
6916
1932
964
1011
6715
7196
2089
831
1501
894
9159
2033
6790
10564
2087
6821
7531
1998
7073
2086
6478
6723
1916
6303
6765
2165
6766
1999
7093
7462
1991
801
6543
2017
6630
1947
6582
7649
1912
944
6967
1981
976
6496
1968
6256
1877
1513
6159
6718
1959
6698
1853
7072
1957
876
6786
7284
1932
6912
2276
6717
2074
940
6858
7542
2066
6394
2174
6004
6723
1888
6263
6615
1922
1418
6192
6969
2004
1007
6426
2026
1373
6740
2044
6563
2019
913
6762
2037
913
6964
2039
7268
7178
1920
6441
1954
6028
7107
1920
7435
2070
896
6902
2117
7002
7728
2090
6744
2052
6685
7362
2019
6428
7089
1949
1442
1400
6343
6732
1901
6112
1881
940
6096
1987
6209
6898
2014
1517
958
876
6839
1874
1461
890
6587
7402
2041
1466
6761
2028
6938
7676
7738
7946
2142
6418
6807
1962
6083
6751
7342
7943
2099
6796
7327
2025
6432
7142
1967
6210
1866
6841
7541
1834
6257
6822
1982
971
6267
2009
6705
7516
2087
7106
7505
2112
6632
2064
6757
7430
2031
7109
2148
1637
6657
6733
6868
1909
814
6451
1915
874
6195
6686
6898
7042
2047
6807
1997
6667
2218
944
6691
2038
885
6913
1999
7252
8104
1926
6289
1948
963
6175
1937
6834
7481
2013
6929
7425
2172
6979
2038
7166
7412
2132
6861
7288
2081
881
6397
1846
846
6243
6696
6708
1852
913
6116
1955
921
8686
6966
7372
1991
910
6584
2005
6839
7432
2126
6690
2070
1439
6756
7499
7657
6990
2028
6063
7015
7536
1951
834
7582
7683
2101
6957
2129
910
1508
895
6596
1992
808
6556
1954
899
962
1438
6556
1912
1556
6286
1968
920
7230
1904
6553
1895
879
6305
1887
869
6212
6678
1949
6676
1924
964
6971
2116
905
6817
2164
6697
2681
1482
6722
1935
6666
7422
1984
853
884
7006
7248
2233
6229
6616
1997
870
931
1520
6253
1922
6846
1931
7137
7045
1909
7235
7387
1993
6748
2042
1413
6786
1928
7016
8208
2085
6512
1961
974
6240
1984
935
6858
2006
6794
1878
890
6905
2039
955
6987
7402
2020
6847
7656
2065
6666
2023
6525
1952
1526
6341
7035
2800
6365
1960
7015
6777
1888
5926
6715
1915
6565
1916
6688
7199
2053
7051
7488
2053
6877
2168
963
918
6810
8370
1962
7177
7008
2114
6123
6782
6952
7424
1877
6985
7554
2107
6684
7752
6963
6900
2017
6177
6938
1928
1519
6381
2036
6806
1945
6069
7202
1940
7477
7446
2056
1464
6786
1965
6668
7145
1963
7540
7435
1998
7516
2254
6779
1919
950
6245
6747
2030
7047
7708
6968
1919
876
6441
7316
2030
6523
1991
6768
7359
2037
7214
2036
6687
1964
857
6317
2077
1499
6679
1878
6709
7628
2050
6827
2029
1431
6701
2030
7107
7278
1973
6866
7552
2017
11654
2049
6603
6818
1930
6223
6676
1889
6740
7076
1941
1436
6442
2086
7071
2001
6682
7484
1968
844
6832
2024
6937
2060
892
6776
2014
928
6849
2032
7202
2051
874
6392
2079
1489
6076
1878
6303
6782
7282
2049
847
7025
2003
956
6726
2035
879
961
6515
7062
1982
847
6535
1947
864
1471
978
6340
1943
1400
7085
6891
2033
6290
1986
6167
2014
947
6046
2039
856
6771
7406
2039
6769
1960
6801
7275
2024
956
6704
2227
6847
2069
6979
7075
2198
901
5999
1983
1488
1550
6294
6766
1888
957
6139
1895
6190
1947
946
7383
1943
6632
2016
6712
7142
2006
6881
7469
2150
6626
2025
826
6554
1992
6220
6758
1937
6596
1922
1373
7163
2084
1590
6927
2136
6991
1996
889
6939
1905
853
7003
2053
6635
2025
974
6603
2037
6532
2080
6515
7100
1929
6264
6765
1918
6083
1969
1490
6526
1886
6469
7253
1883
6642
1960
873
6756
7398
7500
7885
2107
7196
7931
7982
2072
921
6020
2030
898
6200
1871
860
838
910
6381
2018
1430
6836
1907
1538
1515
926
7124
2074
908
6803
2031
819
6574
1959
6665
2062
1529
6413
2030
1016
6875
6765
1900
6304
1897
1524
6348
2047
1456
6940
1984
6039
1903
849
6832
1987
933
7079
2086
941
885
860
6912
2037
876
6856
2000
903
1438
1392
6784
2066
6639
7503
7834
7119
2084
6210
6794
1979
6142
7519
2031
6378
1857
7271
7091
1928
6575
1868
870
6557
2040
942
6715
2065
7022
2053
1463
7353
2020
1591
1465
1456
1372
6751
7582
2021
5964
1849
6847
1989
1497
7075
2091
953
6924
2145
6953
7838
1972
7002
2055
913
6886
2144
6903
7106
2097
1463
1429
1497
6460
1975
975
1519
6389
7481
1899
6577
6536
1846
6227
7001
7352
7234
1965
6806
7496
2033
6869
7409
7548
7477
2025
6445
6806
2116
6240
7459
1951
7497
1978
7064
7499
2086
8975
7049
1966
1542
6410
2032
6478
6788
1924
6424
6741
1862
7088
1974
6063
7058
1856
7040
7460
2106
6738
7298
7482
7436
2012
7018
2070
868
6407
2154
6843
6764
1887
7139
1933
909
921
951
6065
1946
1377
6335
1954
6509
7045
2007
6645
1983
927
6691
1996
6906
7615
2050
6556
7848
1874
6336
1898
6036
7149
1949
6894
7442
7415
7499
7742
2073
947
6677
2097
6517
2196
6525
7115
1975
1552
6295
1980
6274
1860
1332
7057
1880
855
6017
1929
6260
1957
1543
6574
7232
7075
7415
2106
6930
7382
7645
7696
2028
7010
2007
826
6541
2115
908
6192
2016
6247
1950
1426
6297
2030
1514
939
946
6882
1905
835
7211
1979
6945
7618
2052
6497
1990
979
6475
1985
999
6245
6666
1892
10401
1156
1546
6435
2005
1455
6277
1867
6248
1901
842
6900
1952
939
7404
2063
6798
2087
7071
7268
2004
936
6557
1996
6761
2021
911
6957
2090
6600
2073
6172
6986
1875
6342
6692
2028
11139
2011
1001
6419
1948
6476
7088
1945
6796
1936
838
6868
1954
903
6831
2098
6806
2070
1051
6379
7519
1951
6035
1871
1490
6716
7655
2031
6839
2028
6719
1988
868
7085
7295
1987
6863
2166
6763
7026
2018
6536
1999
984
6301
1959
6229
7521
1884
913
930
911
6257
1944
1427
1473
1530
6318
1929
6532
7312
1987
6871
7456
7435
7282
2039
6791
7692
1999
6981
7046
7359
7248
1874
6434
7332
1882
7065
2009
897
6709
2169
6594
7262
2008
6505
7508
1978
912
6212
1894
6462
6996
1908
6317
6644
1843
6655
1915
6955
7588
2018
6933
7268
2074
6693
2065
6987
1990
949
6904
7734
1984
6056
1869
6277
6809
1949
6866
1367
6166
1972
957
6441
1947
917
6429
2646
6738
7134
2033
6780
1954
835
6909
2081
6537
7052
1920
6426
6563
1954
6608
2048
7132
7422
2092
969
6979
2042
885
830
7180
7340
7337
7137
1953
902
952
6447
2083
1371
6604
1987
1578
7012
1970
6206
8186
7561
6673
1927
6635
1938
818
6749
7037
1916
6746
1964
877
908
6835
7562
7742
2046
7076
7789
2136
6319
6886
1935
6403
1865
1529
1534
6236
7266
2031
7212
7458
2004
6689
7076
1997
6372
1889
6170
1971
945
1478
938
6160
6772
6825
2060
909
832
883
990
6323
2038
1510
1466
1486
6040
7309
7534
7607
7585
7295
7411
2028
6993
7582
2153
6500
2077
1487
883
854
6176
1921
6369
6758
2030
954
6863
1993
6170
6966
2013
6741
7092
7132
7328
7479
7832
7344
2008
1414
1505
1497
6319
1930
1396
893
837
946
6021
2007
6719
1979
6954
7568
2213
6700
2048
7111
1947
6999
7379
2033
6655
1996
919
6606
7019
1952
1374
1446
1552
1545
6368
7425
1931
6162
6542
1953
885
6171
1835
6593
1931
6822
1943
903
6553
2059
917
6996
7658
2096
6743
7430
7578
7452
2039
6415
2140
6068
6795
1983
1644
6369
2107
863
6689
7695
7645
7239
7079
1942
824
6498
6902
1978
6254
1901
1469
6454
1980
6224
1970
6312
1952
829
892
897
936
1416
1413
6844
7154
7489
7442
2196
6752
7246
7252
7435
1976
6983
2123
861
6627
2050
874
5984
1851
890
6927
1900
6225
2026
935
950
6097
1994
6192
6955
6918
8163
1903
6656
7356
7718
8102
2100
1640
1476
785
7347
1930
868
6377
2107
6911
1926
926
6696
7422
7446
7622
2106
1458
854
921
6825
1956
6787
7498
2087
6690
2048
6321
2049
1455
6554
2058
1450
6996
2003
969
7071
6611
6482
1852
6465
2015
6615
7248
7099
1954
6907
7428
2002
909
6802
7546
2038
1446
6967
7596
2073
6482
6809
1959
6274
1870
1642
1672
6406
7219
1926
7083
7486
2029
6589
7056
1947
6453
1941
6248
2009
948
6116
1880
6394
6800
6688
6589
1981
863
1446
846
6755
1871
878
916
1422
7244
7485
1993
6935
7255
9739
7493
2010
6993
7275
2086
6102
1956
927
889
6288
6822
1923
6273
6692
7041
1810
6529
1910
6863
7299
1982
6779
7608
8009
7094
2043
6261
7136
1923
955
896
1419
6752
1985
1646
1479
870
7121
7672
2041
6739
1944
6916
7482
2084
6933
2138
6634
2040
6470
7038
2077
6330
1983
877
6184
6715
1870
885
863
1063
1488
1394
7053
1959
6403
6945
1962
942
6775
1981
6599
7369
7442
2082
879
6669
1963
869
6718
7496
2031
6957
7085
6909
1899
937
6211
1959
6272
7355
1998
819
7115
2100
6754
7225
7125
7092
1973
6405
1902
1368
6370
6996
1893
6221
1897
941
6242
2099
6733
1342
6713
1934
939
7050
1981
863
887
935
6760
7384
7413
7289
2060
6874
7552
7662
7377
6755
7668
1987
1387
1652
889
961
6103
1988
874
6288
6979
7019
1954
875
870
6827
7106
7378
7502
7983
7119
1967
6910
6570
7139
7652
2206
1686
901
936
6909
2050
1481
6815
1985
6849
1976
1348
6767
7295
7149
7024
1993
850
6506
7494
1942
1449
922
947
6959
6624
6499
1969
6324
7252
1921
6714
7020
1937
6766
7342
2035
878
1535
6817
2108
6855
1957
1562
903
7279
2099
951
7189
7078
2033
860
824
6094
1913
918
6301
1960
925
6390
2077
7532
7685
7712
7388
2049
6538
2003
1540
6435
1997
1537
6231
1893
6228
1857
6484
1892
950
6485
1998
894
935
893
6196
6669
9111
7689
7822
7462
7222
7179
7634
2023
1490
7003
2051
6488
2107
933
6112
1956
1453
6371
1975
6176
10190
6740
7098
2004
6522
2017
961
6562
7089
2007
6707
1960
1506
6801
1992
895
954
976
972
935
1436
6772
7802
6684
7953
1958
6810
7542
7492
7338
7626
2029
7118
2077
1434
931
1372
6839
2075
6694
2034
6503
2142
952
6681
1918
6209
7499
1856
847
6909
7254
6672
6958
7406
1924
941
6567
2135
1549
6846
7447
1996
6732
2106
6779
2095
7634
7457
2086
7124
7428
1984
913
6303
1876
855
881
899
6307
2148
6686
7769
2102
6897
7242
2263
6480
2035
901
1510
6463
6909
1974
6213
6971
1906
1311
6279
1925
6208
6572
1859
955
961
6607
1906
7013
7442
2315
6792
7402
7199
7405
2137
7017
1994
815
6412
2051
939
939
1466
5983
1810
6390
6708
2037
6987
6663
1910
6444
7765
2036
9640
1768
6875
7377
7654
2244
919
849
871
1531
975
7402
2064
958
927
1394
6467
6798
7512
7195
7555
7659
7412
2086
6847
2065
7004
7297
2054
1374
933
851
900
6506
6919
7222
2031
895
940
1497
7082
1996
6910
1854
6103
6475
1817
6245
7032
1966
6885
7092
2089
1408
1450
6857
2052
7051
2206
986
1052
6740
7405
1989
7040
7671
7145
2074
860
6067
1915
928
6390
1948
6462
7411
2014
6997
2109
6938
2092
925
6701
2750
1492
6597
1994
870
6417
1950
6943
1872
6104
6948
1976
6289
2019
937
983
898
6138
6623
7369
7945
2048
6812
7655
1932
6795
2013
971
6520
2055
1393
1457
1555
6816
2030
978
6830
2044
6769
7468
6685
6902
1977
6143
1880
865
6154
7109
1849
6444
1953
1554
6783
2012
966
893
874
1576
1563
1455
1362
6586
7197
7526
2010
6554
8145
7388
6494
7235
1902
7114
2072
6822
2013
910
6720
2077
6933
2015
6694
2008
821
6850
2091
6757
7042
1991
968
6637
6855
7086
6702
7598
2480
6866
6952
1879
1518
1496
6979
1402
6878
2067
1525
1448
6712
7482
2028
6617
7359
2044
1462
7047
2052
927
1531
872
7027
1998
6372
2753
980
7051
6587
1993
6434
1933
1421
857
969
6746
1996
7188
7582
2025
1615
6565
2001
6592
7008
1910
6301
1873
6266
1898
6516
6918
1939
6369
6601
7192
7378
2058
1440
1457
1576
6952
2039
950
919
905
6823
1972
801
6782
2026
6763
7529
2051
6987
7029
2122
6166
2008
6162
1987
6274
2032
879
6073
1961
1454
1433
7040
1905
903
832
958
6536
7146
7254
7156
2001
6747
7459
2106
7345
2112
6669
6783
2042
854
870
874
6195
7233
1919
7139
7459
2189
1413
6922
1931
1541
1512
7225
2044
921
6747
2082
1400
6664
1963
6983
6959
1993
6402
1948
6975
1949
7051
7537
6535
1920
6458
7142
2084
888
6749
7024
1975
6869
7486
7482
2246
6838
2057
1592
7274
2008
882
845
1032
7483
2269
7164
6635
1927
9056
7072
1990
1490
868
6791
1955
895
1460
917
1431
7164
7549
1993
1510
1490
920
941
967
874
838
906
898
6572
7825
2059
7359
1974
6175
6826
1973
6320
6828
2019
6992
2132
1550
1712
6035
1925
826
6773
7750
2022
887
6944
2332
6849
7322
2025
6664
7578
7743
7146
2061
6177
6795
7414
1994
922
1418
842
897
951
6450
2233
1527
7112
1849
6457
1965
6729
7215
1977
6810
2079
6730
2046
6822
7888
2006
6580
1927
857
6810
1892
945
5420
7249
1987
1500
7127
2092
935
6927
7368
1953
1525
7100
2001
7003
2093
6827
2010
876
6725
1955
966
6487
6978
1935
6208
7416
7384
7248
1888
6173
1920
6668
7296
1990
864
6555
1964
7159
7649
7346
7422
7467
7507
6972
2040
6369
1962
956
6292
2098
1433
6194
7291
7763
2111
6966
2068
912
6694
2058
6489
1982
890
6421
6932
6794
7022
6765
7476
7126
7116
1819
7145
7572
7374
1944
6910
1983
937
6721
2061
955
6778
2034
6950
2024
1592
6414
6614
1914
1457
6297
7002
6632
6706
7172
6932
1942
6648
1915
822
921
930
6915
2002
965
6916
2026
7236
2040
7308
7115
6798
1884
6084
7152
1902
908
1017
6891
2057
1359
7042
2127
876
1504
6788
2080
1432
6936
1909
806
6949
1983
6654
7193
2185
6428
2053
6603
2017
7331
6831
1901
897
6306
7498
1843
1553
1551
6286
1942
6549
7494
7140
1964
10936
1969
893
6905
2118
904
867
968
6886
2056
6877
7512
2121
7316
7182
2083
6118
1901
6468
1935
946
1403
1427
6400
7207
7499
2092
1405
1537
870
937
6958
2212
850
1432
6685
7098
6972
1983
6345
1979
6144
6895
1940
6311
6832
1987
6156
1946
6787
1896
7303
2127
1504
1458
6799
1992
897
7173
1935
6668
7265
2085
6785
7646
7422
6727
1912
6245
6762
7744
1967
945
906
6846
1889
841
888
972
947
6437
2480
6584
1877
6542
7186
2021
6662
2033
6950
2123
7471
7091
2010
6410
1926
832
849
939
921
6015
1920
919
1536
6665
1926
912
7015
7482
2076
1483
6826
2669
6942
1926
6753
7536
2084
6735
1930
941
6587
7055
2083
6600
6769
2002
6187
1955
6169
1936
7129
1864
846
886
6627
1929
6750
7363
7399
7588
7302
7346
2051
1392
7007
7689
1999
6427
2103
1451
6194
6585
6865
2045
1539
897
824
6696
1889
824
866
970
7052
7516
7305
7179
2002
6524
2002
6489
1931
6263
7010
6808
1892
6189
2003
1698
6025
2518
843
6683
1837
7234
2050
976
6801
7426
2044
950
6771
7288
7586
2065
6952
7038
2114
5995
2044
864
1430
981
6185
1958
1422
1639
1570
6309
1995
6087
6665
6942
7002
7274
7306
2098
6761
7671
2115
7353
7407
1956
6238
6565
7091
1847
7104
7424
2039
6829
7458
1946
6752
2136
959
917
946
6721
2055
6575
2006
1536
1536
6652
2032
1421
6642
7035
6792
1948
9617
6752
1891
898
6177
1936
7253
7408
1949
6507
7415
7356
7457
7592
7891
2127
905
7303
2239
858
6383
6852
7332
1884
6529
8092
7664
7429
7645
2027
1622
6466
7002
6841
6971
6759
7102
7625
6715
7232
7537
2089
1408
7054
2141
6890
2082
1042
6817
2196
901
6647
7515
7698
2082
6486
1991
893
6134
7049
1948
6249
7031
2092
6109
1898
993
6458
1973
878
1491
1640
6588
2000
1367
872
6642
7175
7265
2045
6872
7852
2057
6529
7529
1966
6186
1915
6938
1979
895
6956
2075
7026
2096
6801
1952
909
7059
2030
1506
7063
7619
10009
6581
7060
6693
6667
7426
1822
5970
6717
1945
1447
6507
7395
2013
6556
2247
6822
1971
6873
7339
2052
6802
7546
1904
