1910
974
988
1016
2181
993
880
1587
2059
2068
1898
1456
1904
1980
1970
941
1965
1879
882
2040
2000
1022
2029
1911
864
972
992
2107
984
912
866
843
923
2110
992
932
940
2096
1893
1561
927
877
1900
1891
1986
932
2077
2007
2172
2041
1977
853
860
943
1918
1935
864
954
980
1985
964
878
848
1969
899
889
1546
1417
931
2244
1914
1625
2076
2061
867
1996
1931
1993
947
1896
1997
941
1301
1879
2043
913
1517
1462
1937
2069
930
969
906
2052
902
852
841
1901
968
965
955
2025
2011
1464
2101
1910
1804
873
1874
2074
2059
910
2047
972
1984
810
2085
1941
948
1921
1861
1575
916
952
2129
873
857
843
1991
948
2060
1951
1959
918
1972
2081
2062
1589
1348
861
1905
2009
896
911
915
2090
861
861
2013
2036
962
2006
1973
1469
2088
1964
2147
934
1879
1904
1890
2016
926
2034
2003
2106
839
2206
1957
1461
1965
2057
852
864
959
2073
916
886
859
1918
1888
929
2130
2105
1957
1523
2009
2127
2233
963
2009
2014
2028
2080
987
1966
2088
2069
863
2053
1980
1484
848
883
1994
902
969
2131
888
891
857
2087
1954
2055
889
2582
2052
1967
1508
2081
2058
1922
869
1942
1949
2075
2041
926
2095
1949
1893
1473
1539
1654
2073
853
875
902
2102
959
2035
1924
817
851
927
1990
1895
1901
1423
1916
1994
2227
969
2072
2013
1994
818
978
942
946
1974
885
855
1451
2128
1473
880
861
1917
1942
933
2039
923
1973
2018
2018
846
2022
2075
1953
1477
2058
2094
1943
962
944
893
1919
1991
959
1999
2196
1975
875
1876
1964
2083
1546
2033
1923
2001
888
2138
2045
939
1996
1823
892
823
957
2064
1347
1422
1622
2036
894
967
968
1934
865
909
937
2050
941
997
890
1827
1457
1649
1507
2024
1958
1941
920
2137
2113
937
1986
1982
1970
796
1430
2017
1401
1935
1990
1505
944
922
960
867
1962
1984
2075
906
2034
1880
1891
860
2060
2084
2131
1347
2004
1969
2003
926
1985
950
875
853
1938
864
945
929
2045
1394
1462
941
2076
923
920
2004
1942
874
2013
2036
957
914
848
1873
1457
1500
1639
1873
832
911
907
2081
2070
948
2059
2017
1998
813
2121
2141
1889
1409
1959
1987
2031
937
2015
1988
2080
2041
1002
2011
1944
2083
897
1955
2010
2057
2243
906
1921
2188
918
2009
971
963
854
1880
850
887
926
1995
2061
2049
1474
2096
2124
2089
1900
881
837
830
2034
1974
961
912
876
1979
1584
1520
1539
2051
861
879
885
2163
963
2268
2166
1928
842
1954
2146
2106
1358
1928
1937
2117
949
1963
2138
1897
2031
841
2014
2149
2000
935
1915
1906
2070
1513
2107
1952
2064
859
2067
2100
948
956
863
1850
871
882
912
2006
2551
1451
1996
2097
2060
954
2004
2032
1969
873
1971
1959
2098
942
868
830
2017
1978
1484
867
851
882
900
1933
945
918
902
1916
881
1857
2040
947
2029
1859
1509
1950
2059
2128
914
1908
898
871
1984
2047
2036
958
1986
1866
1467
1540
2089
1998
847
922
2040
2048
955
2021
873
952
867
835
927
1997
1885
1563
1525
956
1940
2021
977
897
862
1958
2207
2101
2104
978
2124
1893
1672
2127
2107
864
1850
886
1929
940
968
929
2040
1920
883
893
958
2113
2133
1406
1474
982
2105
1947
2058
890
1958
1884
977
959
987
2007
1976
869
1472
1521
2086
1921
859
878
1877
2094
943
955
1998
1955
864
2075
1954
935
1892
2615
1452
2629
2082
964
2038
2002
1998
850
2128
1963
976
2109
1941
1890
1926
2189
2027
862
2143
2119
1937
927
1978
2011
1890
847
1966
1916
975
2038
2057
1422
2085
2088
982
2060
2047
1887
895
1866
2114
1967
971
1981
1977
2030
2090
2177
1481
2051
1989
856
1973
2025
960
1976
1955
1872
868
862
942
2140
1992
1420
1465
988
2012
960
2052
854
872
838
2089
978
2167
944
886
865
1949
1544
1949
1947
1842
878
919
948
1968
1951
930
1374
894
1958
2061
990
1351
1397
2035
968
925
2006
1996
857
873
848
2075
2112
2021
904
2095
1987
2054
1510
1968
1916
869
1915
1915
1003
987
937
1882
1942
948
866
942
2079
2214
1411
1457
954
943
918
2065
2036
867
1958
959
2062
2092
1975
896
2007
2050
1541
2015
875
2016
896
939
925
2026
2082
884
832
877
2120
2153
927
1355
1391
1896
2032
942
973
963
1869
1908
836
932
945
2037
2103
875
841
1448
2133
1953
866
856
890
1959
2103
2141
929
2032
1955
897
1900
955
2039
1378
2002
2130
2050
930
895
923
2126
1987
1892
965
1961
982
969
1906
841
1539
1566
1515
884
2026
901
916
971
967
896
1981
886
871
879
2103
930
1956
2050
1479
2102
2083
991
2069
1937
913
1938
970
974
1999
1981
915
1972
1944
1539
1903
2007
1985
908
900
964
2060
2053
904
1992
1425
831
958
905
1457
1954
1527
949
922
924
934
1887
1914
1848
962
2099
2058
2059
1978
1391
1568
1540
2071
2007
887
875
904
1934
2066
946
869
830
1920
1963
957
933
1358
1966
1478
2015
1973
1996
955
1894
1974
1826
960
2085
2068
2093
2008
907
1516
1516
2061
2067
847
899
1940
985
1959
1953
1918
825
1971
1919
2050
915
2637
2060
1500
2000
1947
937
945
894
1871
2012
960
938
942
2043
2068
844
1464
1510
2059
1995
914
848
1938
957
1985
1985
873
1914
2050
810
2145
2231
1903
1423
2094
1448
2062
2068
1968
896
1885
1884
2042
1011
2060
965
2109
856
2129
2092
915
2016
928
1920
1973
941
2040
1902
2103
882
1891
2001
2069
918
2023
1913
2096
970
2027
2053
925
2039
1901
841
1999
1937
971
2045
882
838
2035
1463
1512
876
1914
888
877
969
1999
918
862
847
1963
845
2019
940
1437
1446
1644
972
2003
1949
2080
891
877
866
964
907
2063
1453
912
900
2531
2174
1916
879
870
1956
1961
975
2043
2051
912
855
880
871
2042
1960
1444
2076
1493
953
933
2087
2107
1967
903
1938
991
939
975
1997
1873
1837
2030
2035
1473
937
878
881
898
964
2175
949
1952
878
887
845
961
947
2638
1897
1509
1013
971
975
1981
856
1906
2007
953
940
919
910
2024
832
2083
1691
1926
894
1856
1875
863
1946
1995
896
1963
837
1908
912
1899
2071
1545
1980
1447
958
2125
954
2023
1989
888
1833
1964
1939
933
1382
2057
855
2052
1486
1515
889
1962
892
1995
970
2035
945
2031
1969
819
2086
908
1981
1990
1517
1967
1348
894
1928
899
2055
2010
915
2018
1454
1845
1900
921
938
1973
1916
2068
2027
2029
2125
898
1896
1834
1880
2045
925
2037
975
2011
2062
1469
2033
1964
849
877
1903
1974
1951
916
1960
2027
882
869
2004
2087
1544
1414
2069
1949
1489
972
961
1994
1900
1978
1946
1946
945
902
1512
1946
875
2630
2038
2134
835
871
863
2060
970
2196
2118
2141
891
877
1879
1873
1988
1394
2065
1993
2089
928
2016
881
1955
2038
870
1933
1963
2100
912
2032
1963
2145
2076
1921
865
894
835
1947
1940
2042
2066
2081
912
1996
1910
1495
945
1468
1408
1540
939
2216
2144
911
845
1884
861
940
950
966
949
1926
933
1527
1507
1542
2011
2023
1910
2141
1009
902
919
891
856
864
1927
922
2144
1415
2005
2019
934
1013
930
891
1996
875
1984
2055
925
1970
938
923
1855
1601
1898
1933
881
1956
857
975
2112
1476
2091
946
845
873
1984
928
932
1495
1897
1549
898
989
2100
891
896
824
1955
1941
991
933
935
927
1960
1530
2071
2639
909
1950
842
940
947
1952
1011
923
1917
1933
883
880
912
1424
1378
2038
2091
946
1996
904
864
910
877
2043
2059
912
2087
857
948
1486
2028
1898
1886
858
1857
921
900
912
2024
2034
2058
1967
833
2019
2078
2084
1884
1520
924
966
1997
2048
1921
1925
1868
938
947
907
2001
930
1909
1965
2030
1490
823
854
1988
950
2080
2036
1997
935
890
1873
1916
1996
948
1976
1934
2177
950
2170
2036
1889
865
1851
861
892
2076
976
934
1998
1983
2079
2030
1914
1335
869
1870
1967
2176
1955
2060
1980
866
2019
885
2055
2098
2156
1988
1519
2007
921
2080
2043
849
1920
1986
906
2125
948
1877
1943
989
1949
1554
1456
1954
887
1992
2361
934
2087
914
894
1933
2041
849
899
1919
2019
1876
2082
2032
2195
958
852
1949
1851
2058
963
966
2065
898
2146
2078
1494
2088
2018
862
1897
1839
939
953
1905
1918
2050
1993
1946
873
2064
985
1607
1423
1521
2025
1972
888
902
1839
808
890
918
1984
912
936
2005
851
2760
1534
1977
882
883
858
1521
891
876
918
855
2051
837
2128
925
949
1918
1404
1557
959
988
968
862
876
1902
1868
1962
2063
1017
906
902
860
1505
2137
2069
855
1920
862
936
933
1921
960
1991
873
2020
894
911
969
1996
1408
1533
2020
1957
2052
888
859
889
1967
897
2050
938
1995
936
880
1533
1475
1459
1311
871
884
1986
2130
914
962
968
1936
2037
878
892
943
2598
821
2038
952
1960
904
1939
1907
822
883
1983
1938
875
1945
1999
859
2833
2109
1498
887
1985
2045
947
1930
1997
920
2134
2003
845
2007
2055
2127
2449
1384
2050
2072
951
915
1957
1980
828
1981
876
1929
2102
955
950
1943
2734
1494
1914
1858
859
882
1995
896
2078
2058
2068
2129
1923
1435
871
2011
2608
1465
2144
2029
2202
2042
1988
1871
1937
858
1917
1985
939
2049
1969
2036
2143
2727
2101
844
1906
1922
912
2073
2065
2061
1984
865
838
836
894
1990
1399
1971
2193
1923
965
919
919
2199
823
1968
2057
977
2133
1021
921
902
1997
1516
1922
1919
2010
1864
954
956
1979
941
885
1929
1979
827
2019
1995
1376
1890
1530
1985
2152
884
2077
1945
1298
1431
890
2118
953
962
2168
1924
2643
1496
1500
1839
1870
2003
2009
899
1969
2045
898
925
2004
1920
901
952
1449
1856
1520
941
1989
911
1963
862
842
872
903
930
904
973
1951
1930
2099
1482
1579
938
1879
1857
971
979
1453
2180
1935
1420
1872
872
1929
2112
1483
1933
1519
2021
1969
906
1951
838
847
1991
898
1053
946
2130
942
1970
1491
1985
1455
819
882
1975
937
886
893
2087
1910
923
1900
880
893
965
2044
1398
1524
933
2123
950
866
2088
806
1937
912
926
963
964
922
889
1474
1522
1950
842
1941
906
975
2228
922
992
975
877
853
867
917
2002
2064
1379
1997
884
928
935
867
853
844
871
2023
2062
950
2073
899
889
1521
2154
1975
1870
883
1958
963
939
934
941
928
863
869
1894
1936
2047
1602
1997
2071
2042
2087
945
897
863
1813
865
2091
2055
1992
2088
967
888
1546
2001
1472
1873
1883
1919
2124
1988
930
1968
931
1974
1971
1972
2129
879
1408
1955
2246
2114
2152
964
1302
1893
1873
1925
884
1984
2028
1491
2044
2085
2143
2031
1912
1873
2006
846
2131
2123
912
986
2090
1995
1913
2002
885
2008
2052
1416
1501
2171
907
1981
1934
1874
1945
879
2030
959
2120
2098
1944
1865
1543
2094
905
1968
1912
942
1990
1966
2088
2064
890
1887
1997
2055
2014
986
2644
2007
1535
2066
2014
2116
1983
1843
846
1891
893
2061
2023
2288
1987
2067
1531
1904
1931
1991
1950
1965
954
2080
2202
2005
1962
1849
1895
879
1953
2116
1420
1987
1538
2049
2082
936
1963
2030
1879
861
2048
979
951
2110
1404
1948
2640
2011
1894
1992
882
827
945
2062
2062
1005
924
868
846
1979
2072
1970
2541
1913
1572
1961
1962
928
1966
2091
838
892
1912
936
904
974
881
857
1988
1581
2030
1987
1973
1955
2059
931
1974
2037
1510
1907
1941
2157
2017
2053
2796
1410
1959
1929
981
2341
908
846
872
1953
1961
963
2033
1938
967
873
2683
1981
1526
1893
871
1920
2063
960
926
1941
1967
867
2078
909
1961
1941
2554
1931
2035
973
954
919
2034
1909
853
885
911
2094
2102
2152
2062
1896
2660
1461
895
874
1885
1987
893
906
974
966
1992
2018
1964
1000
903
940
1401
1427
1902
947
1935
2068
2006
1894
855
1936
2032
2029
986
970
899
2054
2130
1492
1936
1905
852
885
913
962
969
951
1015
826
913
866
1999
932
1397
1401
1963
965
958
982
2021
2173
880
2032
2076
2135
961
2096
897
1958
1477
1537
1521
1352
1946
846
2033
1998
1959
2126
892
855
1941
876
937
972
1363
1912
2123
953
937
962
2048
882
1977
1927
1359
1933
958
912
1936
836
1450
1515
1448
1419
877
1885
2112
947
958
923
1971
1984
1853
848
938
2051
1376
1940
1447
1999
1960
2123
856
2052
881
873
974
2086
2103
1951
850
854
1890
1962
1512
1431
895
1966
921
928
968
1966
902
852
870
1981
2102
1998
2022
1405
1974
1979
947
1967
2086
888
882
819
2034
1975
1978
923
926
1970
1885
2083
1530
2009
1997
873
905
912
988
1928
1911
876
1948
1845
1969
2032
1505
1920
1981
1529
952
951
2076
1963
891
860
940
2056
2096
2002
1958
1882
1870
1543
1480
879
1826
1898
996
938
937
2030
1989
2015
2009
890
2063
927
2042
2072
1552
1966
2100
2105
1976
854
902
1907
1946
1477
922
908
1920
1861
2079
2017
1502
898
883
1978
1889
961
932
1996
1947
1876
921
1822
1992
2011
2516
1433
1957
1919
942
931
2063
949
881
860
956
917
2034
966
2010
2053
1684
2070
2059
1960
856
1875
2053
958
948
2013
2062
849
834
841
1949
990
1551
1394
1458
2162
2059
936
956
871
2118
818
2067
2020
2041
1999
861
833
2163
1670
1503
822
838
886
1296
2199
953
952
891
1965
2011
1933
948
939
2517
1401
2079
950
1113
912
2017
1853
847
1834
925
975
979
2128
2005
2014
1471
1574
1538
1900
922
867
962
978
957
1018
878
889
927
1871
950
896
1429
1958
1475
1492
927
971
912
897
2025
894
2144
2157
1945
1967
901
2052
2073
2068
1600
866
836
844
2033
2000
950
2017
1998
864
1974
861
938
942
1384
1453
1483
978
2119
952
889
884
1880
862
939
928
1981
942
1987
1979
1997
1969
1496
2498
889
851
937
2068
950
1963
891
1880
1844
1946
956
2049
2628
1391
2051
2131
930
2092
1987
875
870
1981
933
961
2049
2006
883
1981
1957
1945
1974
1948
1911
2036
1993
2156
919
1989
2218
1931
1998
1897
2129
2087
1407
2142
2200
949
926
944
1996
882
1961
828
953
893
1950
968
894
1804
2539
1686
1548
1997
2074
2172
2115
2032
957
1950
2067
1365
876
1298
945
2109
1434
1409
1504
1551
1943
1974
2127
2002
1971
1984
2090
975
2000
957
2036
849
2105
1936
1506
971
833
850
1973
950
2028
880
842
832
886
1878
1939
2019
2643
1938
1477
894
898
953
2079
2000
834
790
951
1509
1986
2057
1981
1962
2108
1530
1475
1356
825
1275
1944
906
986
935
900
1378
1863
1884
1991
2074
1374
1416
1501
915
953
980
2034
2001
1976
1981
957
917
995
1994
1894
841
1481
2048
1911
2110
1945
2000
2011
2100
2104
962
1437
844
872
820
994
936
1464
1486
1889
892
959
946
935
2082
859
839
2156
1959
2055
2178
1880
838
1531
1491
1531
839
828
899
904
972
2111
956
860
2127
2008
1885
921
2141
1878
1899
2020
946
905
967
970
2048
2086
842
915
893
952
940
896
2087
1941
2119
1478
1925
1864
892
883
1950
953
1930
1961
853
1965
863
1970
2073
2469
1434
2118
1489
2068
953
2058
1930
1908
800
1959
968
965
909
896
1918
1457
1534
1992
870
853
889
882
1942
1950
944
1950
2000
2026
1960
897
1996
2036
1916
1467
1951
949
2096
925
866
895
2003
1981
2027
1983
2212
1910
1834
1557
2092
1629
2023
841
1958
1981
869
905
946
889
1959
887
800
919
1141
1354
1495
1454
2109
2142
1944
916
1846
1966
855
950
897
978
1962
1870
897
1527
1505
1500
854
1900
1948
2028
2139
1989
2184
2022
2002
848
853
2049
2027
1373
1646
1453
1531
945
2236
2083
1964
2012
799
2021
912
940
1904
889
1856
2025
1501
1493
895
1982
885
912
2070
2077
943
1967
1970
1440
1871
2045
2099
1978
1943
1992
932
2073
2029
2032
1860
2014
2064
2021
1957
1951
1986
907
1978
1496
2073
1518
1573
872
1997
2069
2255
2184
2049
1904
1900
2078
1966
1900
883
1359
1428
1696
1971
2183
956
920
864
864
1927
2180
1974
959
899
1994
1969
1471
1505
2018
927
876
883
2036
980
976
896
900
1952
2026
1983
2138
1933
1358
1870
2092
2018
918
2070
917
863
887
832
2124
1996
935
924
1921
848
1493
1546
1524
1961
1923
875
2091
2062
2302
2118
888
866
884
867
932
928
1937
2019
1936
2031
988
940
904
1960
2076
847
928
2101
2096
1986
1907
1944
2577
1538
1504
896
889
900
987
953
921
2088
870
778
931
834
972
2121
1382
1406
1509
1984
1985
1067
1919
2050
2051
849
961
941
2078
964
873
861
1471
1965
1578
855
1961
1940
1998
975
2116
2090
897
2004
1978
1875
953
942
1932
1908
2065
2010
933
940
1946
1907
1921
853
1962
2239
2095
923
1459
859
2606
2104
2043
1890
851
805
930
942
2057
1995
1960
826
852
1883
1988
2100
1950
1438
1948
1958
1948
2082
1989
2034
905
1961
969
2059
2095
1928
2010
860
1640
1994
1528
1981
2078
2001
894
2210
2100
2115
925
857
855
891
1994
1929
2533
2060
1470
994
942
2292
949
863
1954
1975
1992
1899
913
922
1950
1884
1495
2108
1980
1337
2027
2030
905
960
1991
2001
1956
1887
1925
849
2038
1994
2575
1428
2015
2116
1917
1994
946
2023
912
1973
983
2201
2159
2050
905
2093
2028
2046
932
896
891
1883
1905
961
2013
2016
876
2046
904
1950
976
902
1387
1872
1483
1989
963
964
1993
858
1994
843
940
2104
1988
2091
1433
1959
1497
1397
1579
1996
966
956
855
823
851
880
2011
2021
947
2162
918
877
1522
1519
1472
2005
1880
837
1958
2018
882
2067
931
889
844
857
1979
1975
1441
853
932
2059
2004
2184
2078
1885
2020
880
914
993
900
947
2046
863
1478
1635
1487
847
858
912
930
1971
905
954
1977
890
854
848
1940
967
1440
1391
1580
992
2084
914
2067
1942
867
892
886
2134
1944
2053
2026
1915
2774
1497
1460
2046
1965
861
894
907
949
908
956
1885
880
1885
1976
982
1465
1402
1514
2280
979
2050
2083
867
834
864
921
2130
2105
960
907
889
1479
2167
1935
1883
879
1874
1993
899
908
2053
1996
1906
889
870
1949
2063
1406
1877
2114
2147
949
2020
1985
863
827
1867
1893
2042
1940
2045
2039
1939
1985
1983
2809
2020
913
1970
948
2031
887
2118
859
1970
2197
879
2125
2029
1915
1376
1599
925
2045
1972
941
1996
1978
1981
2044
2088
919
982
1965
2026
2712
2575
1945
867
851
824
932
1932
1986
962
1943
2078
1916
1995
2002
2106
1928
1894
1557
1503
970
952
1908
1890
1903
869
903
2016
2004
1047
1975
2057
1534
2104
1460
1936
1904
1844
2103
2070
2045
2026
922
1968
1890
2016
1952
939
1643
1966
1563
2071
2101
2067
884
863
1941
1993
936
1978
988
995
906
856
2037
1498
1455
1310
924
869
957
924
1947
975
936
2067
800
1877
944
959
1411
1541
1525
2093
996
2038
2071
825
850
830
2082
2055
5271
2025
1929
883
1584
1493
1464
1950
882
817
957
974
921
958
922
894
837
1982
2187
941
1396
1394
2008
931
938
956
875
879
864
837
1938
2070
928
983
952
877
1579
1961
1490
919
907
1990
940
955
923
2161
882
843
1941
880
947
2000
1427
1368
1665
1951
2173
2059
911
2031
859
911
901
2104
951
923
891
856
1501
1611
1923
1862
865
1885
949
932
947
955
920
1923
2055
891
2028
944
1405
1388
1523
2066
935
915
895
1841
1797
1968
2043
2087
2010
2072
2157
1933
2079
1968
2029
1883
1941
1935
1972
932
1895
2093
2099
1940
844
893
1994
2153
1870
1879
2031
1466
917
967
873
1969
849
897
1878
933
907
1943
2029
888
2641
2024
1493
851
887
863
2045
924
888
2130
1966
949
2051
2021
919
2054
1492
1992
1531
967
1916
942
2073
1891
1953
2038
2051
2212
2043
2060
944
857
2040
2121
1947
1858
855
886
950
2016
879
952
906
865
1906
2092
2152
2086
1971
1893
1951
2077
965
2130
936
2039
1996
1951
2332
2044
1963
1982
1949
1964
1940
2116
1988
865
837
919
2243
969
2103
2150
877
1967
895
2031
1931
1948
1442
1430
2015
927
2103
915
2003
2042
1966
1980
932
2068
972
954
922
901
2690
1969
1968
1905
1929
824
2047
909
902
2100
2041
1903
1879
862
1985
1013
1458
853
942
945
989
932
935
859
859
863
898
982
2047
959
912
877
2026
1514
1482
803
2155
1966
1952
2024
926
946
935
883
855
866
922
946
2869
1930
1545
971
948
1988
1857
1873
1992
1447
911
945
957
2073
2094
892
1564
1971
1486
1328
1451
1911
1962
921
1940
938
918
1887
2017
903
896
951
1376
1419
2234
930
2060
915
2009
888
818
2000
1925
2032
2067
960
898
2073
2119
1567
1477
1310
858
821
948
945
2030
2027
2059
884
818
860
885
925
1494
1403
2093
927
950
932
904
862
817
1938
2008
2185
1970
1997
1970
1901
2923
1513
1500
877
2006
878
917
924
894
2153
2014
1907
1866
1999
1943
2034
2110
1911
1531
2102
2056
2091
1976
1961
1925
2161
2047
2067
2041
2093
2060
891
1576
950
893
1931
882
844
950
1045
2018
979
901
876
832
1932
1904
1925
1879
1410
1522
934
1958
941
1417
869
837
1946
1999
2092
2080
2094
2009
2014
2775
1961
1937
2113
1878
1832
2126
1952
924
1974
1910
2037
2004
870
873
955
1485
1920
2093
2007
2088
2129
884
862
850
893
1920
951
956
1977
921
885
2647
2019
1535
2028
1885
895
982
925
911
1994
2019
1979
1869
2019
2041
2036
2533
1958
1995
1948
967
2042
2062
834
840
2146
2016
2044
947
982
974
892
2010
2092
1484
849
1991
854
932
901
1941
938
2171
876
812
1969
2146
950
1510
1403
1570
955
964
944
919
857
825
874
2058
2069
2050
2046
2068
868
1544
2019
1979
948
891
888
963
887
917
916
2058
1862
1951
892
888
937
1486
1375
1498
1469
2077
2152
904
852
1979
860
891
2112
949
950
930
839
2037
1961
1980
1900
1922
1961
949
921
922
2136
2256
1890
1955
861
868
916
2030
1402
1583
2059
939
982
879
846
819
827
909
931
914
956
951
864
1532
1596
1962
1867
2044
1920
956
929
1465
976
886
886
795
827
1929
1960
1428
1443
1671
2084
2093
2060
2202
1977
1852
2018
2042
953
938
940
2021
886
1495
1474
2026
841
1888
2030
952
927
925
2057
2014
2024
1846
1919
1895
956
1390
1479
1541
1504
935
2055
1954
863
2006
880
1952
1934
917
2285
2082
1965
1538
1535
2037
863
855
805
2050
904
1966
1946
1960
898
1961
2054
2020
974
2600
1991
2137
1509
1987
1967
889
1938
1859
876
888
2104
2013
2038
956
860
1514
1568
1493
1887
1890
858
2062
964
2051
2034
2118
1411
855
893
881
2116
1473
1474
2035
970
919
988
1977
1970
1923
887
898
1948
2096
968
894
840
1540
2090
2020
1347
2082
829
948
1982
1941
918
1960
1911
838
888
1961
975
2082
2011
1514
2035
2040
2073
2009
836
826
2008
1979
948
1974
1978
921
880
1468
1982
1474
2039
1908
860
1908
940
2045
2077
2178
873
2020
883
911
1982
1397
1900
1480
2046
901
942
892
1987
2041
1948
981
940
2229
2039
1979
2000
1470
1977
1518
1908
1913
858
885
947
971
925
885
1865
1961
867
925
2047
2158
2054
1978
1980
941
936
896
2041
867
2026
941
890
974
2046
1945
1832
1929
2060
1527
1887
2035
1943
1991
939
2035
939
862
870
2065
1919
974
895
1411
1955
1423
964
1921
972
890
2000
922
840
950
937
2065
950
1980
1989
1909
2007
1520
2045
2060
1959
883
898
952
2117
2010
829
1835
1936
2056
910
1409
1415
2098
2124
1420
981
2076
2113
893
1882
2087
997
967
1975
2029
1878
1541
1653
1527
865
905
882
1939
2062
2088
913
1436
2016
876
808
916
2086
1390
1867
1986
2050
987
906
921
1915
2034
1990
893
959
937
2046
1965
843
1443
1474
1488
2011
873
1947
924
932
2052
1981
895
1842
1930
841
935
2030
1379
1911
2037
935
2063
2037
907
2016
1904
1891
2111
2127
1005
925
911
2005
1496
1568
1525
1901
1883
887
1928
938
909
907
2012
1953
888
846
922
2099
1851
1912
1482
2014
968
966
918
844
1877
1873
948
1996
2094
2113
891
1954
1458
1486
1465
892
2105
849
904
952
2066
939
1497
1921
878
1858
975
1906
2504
2010
1479
2145
943
971
2086
1974
891
825
952
1945
2045
942
865
840
2094
2060
2094
1912
1861
864
1951
2029
1908
905
887
832
1972
837
978
2061
2209
901
1412
931
2072
951
1883
878
897
893
2032
947
956
931
886
1923
1479
1502
1490
1914
2102
2041
912
2031
2052
1944
885
821
1983
1922
960
2146
1936
1891
1960
1978
943
976
2034
1960
2074
2004
962
976
941
1939
2078
889
2699
2060
1544
2129
2074
923
1931
1989
951
2010
855
2050
891
1913
940
2023
1386
1403
1959
937
1973
2125
939
898
836
1997
1980
2099
945
951
2085
2067
2319
2106
901
1920
811
1876
1916
954
943
901
1912
865
2042
1913
2091
2285
2204
1386
1513
2078
2017
996
2060
874
2087
1868
2111
925
917
2108
868
2040
1515
1545
1494
1902
1890
877
1965
953
2035
947
902
831
1853
2014
2105
1999
1870
1799
2026
1595
947
994
2006
883
2087
1841
1997
926
2086
2194
1982
1947
1467
1518
1976
1888
859
904
1969
948
961
2048
2067
1947
878
833
939
2095
1936
1897
2060
2151
947
2076
983
861
1927
1879
1960
955
937
2087
875
1907
2045
1931
1550
1882
1913
1937
1922
1516
962
923
885
875
1868
857
1970
2106
1373
1392
1482
955
900
2002
1944
841
830
819
1928
2113
925
939
855
848
2015
2097
1995
2005
1934
832
888
949
1968
1889
887
1874
887
842
2016
995
2584
2686
1445
2074
943
978
2025
884
2002
1995
960
955
935
1898
2003
859
2020
2036
1467
1366
1931
898
941
958
2026
945
918
840
1900
853
1407
2026
1928
1688
1455
2183
949
962
2019
2040
827
1975
964
1941
895
989
896
882
1465
1996
1947
1953
911
898
1985
2105
2053
949
2047
862
875
1953
2308
1005
1416
1533
1465
1542
1559
2042
2050
2011
1910
827
976
897
1993
1962
2143
1901
1465
2136
2077
876
843
850
2066
2105
1991
2038
1937
1910
900
903
1958
913
1974
2054
1479
2163
1966
1955
1999
894
868
1964
954
962
2074
968
2086
832
1567
1988
1965
868
1886
867
907
2120
960
960
2089
2016
875
1869
1966
2053
1946
1655
1440
2097
2101
945
2041
2033
896
1910
951
975
949
938
1921
1973
1924
1533
1468
1876
842
1908
1920
964
2135
989
1971
1941
2000
869
983
861
1334
1430
1657
975
2188
946
2068
2107
825
827
956
925
979
2133
1929
825
1496
1785
2058
1987
886
887
925
972
2140
941
905
2044
1945
1878
2003
2082
2009
1950
1459
995
2012
972
1899
2118
902
824
964
965
2038
937
1900
1978
2084
1662
1530
2055
860
1887
888
965
940
1970
2107
869
2004
870
1991
897
1348
2028
2033
2165
2082
2122
2066
1418
876
842
1937
925
2017
2074
2047
900
2045
2200
2024
859
892
2072
2162
2024
953
952
1403
1940
873
836
2007
947
1905
1905
1959
974
936
2065
2045
2031
866
1938
2097
932
951
911
2016
1904
2546
2073
1735
1968
1988
1983
1681
966
2048
901
859
2003
1891
887
933
909
1965
1426
1929
1968
916
923
2115
1931
2128
868
1937
1954
2052
2015
912
2014
1465
1504
2021
1475
854
1917
913
1971
973
2060
1999
2011
2086
815
921
2103
1900
1422
1935
2028
2130
976
915
891
2017
1873
932
1922
1991
947
879
1942
1628
2076
1928
879
888
856
1929
927
2115
2060
2223
835
2237
1418
951
2122
1364
1862
1932
2060
927
906
915
870
2123
1979
1985
1950
1966
979
827
2070
2782
2101
1489
1889
863
1961
1881
927
981
967
893
889
862
1806
2069
2025
2603
1404
1455
986
2094
2027
2063
840
2013
2039
945
896
919
2072
896
882
2131
2681
1994
1921
869
1963
923
1952
2100
2131
901
1925
885
833
2007
1901
1968
1882
1702
2040
2052
2037
911
853
2063
864
1991
946
2022
2068
868
1978
1455
2067
1993
2003
2049
833
1939
2055
2114
2060
2039
865
858
1878
950
2034
1391
1904
2074
973
953
983
955
859
1942
1868
2021
1928
1007
947
916
843
2648
2165
2029
1441
1992
2010
2107
982
1990
915
1357
845
864
896
2019
920
1469
1907
1956
1996
935
2109
2108
1900
882
1904
2117
953
2247
903
2017
885
2116
1520
2020
1955
895
1371
945
1978
987
939
899
1858
901
1901
1940
1952
1555
1411
2008
972
2085
917
2066
1966
901
2008
922
939
1947
910
2032
1984
2601
1528
1985
1974
860
867
2058
975
2082
2050
872
2055
900
797
966
1982
1577
1960
1484
1925
882
1904
974
923
912
971
2011
1921
1947
2131
912
949
2237
1384
1518
920
970
949
1948
861
844
847
935
940
1967
949
2044
887
2116
1973
1921
1905
1939
1943
2125
936
958
937
2111
2006
2008
866
1899
957
1398
1558
2176
2010
988
2054
901
1942
883
888
926
927
1937
944
2005
1338
1551
1513
2701
1960
2031
2010
984
1978
920
2026
2066
2017
831
1977
1974
2063
1916
1432
1523
1947
968
1887
892
857
1807
858
2027
929
2020
2132
2060
863
1501
2126
1473
2006
2086
1844
969
935
928
974
961
1995
1917
1915
954
966
1431
1386
2018
1950
2090
933
2016
2005
2084
883
2105
936
1907
903
904
919
1954
1639
2018
1933
839
1993
2043
2131
1968
974
1920
1922
2045
847
1983
976
2087
1534
2038
2221
940
2050
887
1938
847
893
946
1975
931
2040
1963
886
1633
2091
1493
1960
885
1995
2232
2136
911
950
890
2008
902
877
2020
950
1451
1399
1978
2028
944
2026
888
1854
2014
2024
898
2078
904
956
2055
1892
2669
1614
1489
880
916
1872
2008
1999
2014
2044
935
2021
840
2050
1867
2097
1430
1956
1574
2055
2333
2020
1940
864
847
1861
1927
962
960
1996
2131
887
1561
2041
1444
2027
862
2023
1937
2093
938
2210
900
1911
1411
1964
930
2012
1483
1443
1543
949
2070
988
2032
879
2080
872
869
2057
2019
1986
2039
877
2047
1569
1998
1844
1884
879
2060
2019
1987
1977
1978
1895
865
1933
904
1000
2525
843
951
949
969
970
1934
874
1994
872
2102
2089
949
950
2124
862
2122
2047
1433
1381
2038
822
995
2040
923
1999
2097
853
838
1899
903
2033
1465
1934
1541
903
2028
2168
1897
839
1913
899
898
962
1990
958
1913
857
2029
1489
2025
929
905
857
899
2007
2016
2032
1945
878
829
1880
876
954
1989
1385
2132
2148
2034
994
2045
851
1834
840
1933
2010
958
982
2018
2000
2043
2039
1448
1335
877
1885
1981
2085
895
967
934
1985
866
954
1993
1999
1943
1875
1509
1936
965
2081
930
799
1896
889
2058
955
923
2245
1014
1998
1558
1454
1484
796
889
872
916
1927
897
2001
914
867
1994
913
1995
2145
1442
1393
1572
2081
940
1943
876
2035
849
1951
2058
938
2106
2024
1900
1878
2056
930
870
1896
1971
822
2081
938
2021
2062
941
879
1986
881
1992
2126
2038
1961
2032
938
973
950
893
1912
1972
901
1945
2118
2024
982
2072
847
1652
1890
1459
1930
1945
1964
1909
904
915
2143
2193
855
834
2001
923
2078
1488
1444
2048
906
2046
925
1935
829
862
879
1900
953
1940
1996
1941
2229
2732
1501
1995
1338
2042
1828
977
1936
924
1026
1968
848
1931
1941
885
1979
1474
1401
2025
917
2021
934
1981
890
871
1856
896
2130
2037
973
883
2017
1520
1554
1486
1981
876
793
909
2076
932
2170
943
870
874
851
1334
960
1404
1864
2026
2189
1989
899
2008
878
847
887
928
2037
2128
969
2049
881
2792
1511
2049
1286
848
1990
2152
1465
1999
1960
927
1891
1937
883
903
2043
2200
1374
2100
949
1001
2113
1906
1938
862
2000
2035
963
1942
960
1983
1964
1505
1531
2248
1851
843
1958
982
2054
2070
960
1972
1939
1866
2158
2004
2176
2105
2115
1548
1462
1957
947
2008
849
837
1856
1990
926
2057
964
2058
874
1519
2063
2088
922
882
2106
966
2149
928
963
1967
872
1996
1941
897
961
1972
1438
1563
958
971
952
889
1868
1899
894
1938
2106
2022
904
2114
866
1554
1953
1498
1921
2141
1869
1960
928
2038
2052
936
2031
855
1971
882
2028
1902
1846
1544
2037
938
892
908
1859
850
1991
889
953
2059
2087
2083
1987
1513
2098
1468
1862
2034
2001
2064
947
2040
986
954
2105
1992
869
2042
929
2075
1358
1540
1504
938
1354
881
867
845
1932
935
1951
2032
936
895
899
1631
920
899
1930
912
2120
962
953
2064
1064
1984
900
1866
897
957
970
1968
1530
2055
1422
2187
2037
880
1994
839
1884
1939
2040
2151
947
933
1992
2070
1605
2045
842
1850
1977
2058
969
1979
936
946
1948
1855
887
1947
955
2025
1829
1541
2091
2071
930
2017
1941
852
877
1979
1960
2025
1963
2013
881
2042
939
1987
1973
873
887
975
2202
2055
2000
1950
1897
1924
946
909
2185
1391
1914
1581
954
2120
2156
875
1983
857
2056
923
971
1935
1980
1983
1995
1551
1505
1990
867
867
1913
972
1982
1993
930
1951
884
2013
884
2099
2052
1432
1389
1591
2123
960
2113
1929
860
877
1955
899
2178
1939
961
1976
1927
1684
1998
1564
900
1966
2107
1018
923
1938
966
950
2025
830
2086
900
973
2596
1904
2180
1468
2078
969
1915
2010
849
879
1907
2039
939
2069
2080
863
2675
2070
2089
847
889
1981
2002
2110
923
2067
901
1944
1946
856
886
921
1474
1492
2007
930
1958
936
2006
863
1965
889
913
2144
908
2105
947
1911
2651
1522
1910
881
877
1871
965
944
897
965
924
1925
1930
858
910
2101
2249
2217
2066
956
952
1980
900
1928
1918
2043
1482
931
992
965
877
874
1612
2075
1611
880
2013
1884
2000
1980
2088
2008
1947
844
867
837
956
955
1936
2034
2094
994
975
932
1958
1867
856
1971
1935
1962
968
2035
918
869
1675
1503
2756
855
869
893
985
2076
2031
926
2092
832
2038
1983
929
981
2595
1434
1947
978
1956
1955
911
883
838
1878
884
2093
944
1959
2048
848
1531
1537
1451
886
1928
1942
2054
2041
893
942
917
1934
2033
855
937
959
1454
1391
1578
974
937
2040
1844
797
1980
2019
913
942
2069
936
2048
2051
1962
1535
1989
1977
1901
1973
893
974
1953
930
1963
2176
2099
827
2196
1927
1411
1447
1945
1975
980
2053
2087
830
2079
1997
930
944
947
2127
892
2030
2717
1512
1965
2113
2049
881
2066
2023
1966
935
1925
838
2022
1873
956
2018
1354
2069
1483
1504
941
2154
1995
1856
1908
2052
2090
954
2061
923
906
880
2160
2115
1515
868
912
888
2052
940
2111
903
936
870
2070
1977
2147
941
1347
2018
1448
955
1960
935
2037
1861
890
857
1980
894
2055
1989
2069
845
2608
2077
1942
1903
845
1882
2163
2083
992
2143
1990
878
859
867
992
953
2449
1417
2030
2065
907
987
919
2002
1875
1843
966
2183
2137
2033
887
844
1506
1518
1561
1943
908
883
903
944
2155
2092
1962
1995
906
851
2092
942
2044
2001
1456
1573
2033
945
2117
1931
1882
870
950
921
1967
916
891
1989
1508
2112
2061
876
896
862
891
2178
1990
983
1924
850
1908
837
2258
2032
1350
1414
1464
1604
1485
2037
2027
876
2017
853
2114
951
957
944
2014
1959
1533
2103
1532
2043
1815
857
904
2288
971
971
2047
824
1985
1847
938
954
2009
2108
2013
2072
930
974
2016
868
904
1897
2076
917
950
920
883
857
1481
2101
1556
876
1964
1957
932
927
953
2057
2049
834
861
1886
945
2091
2015
1409
2034
924
918
2073
918
2014
1995
2012
2145
1997
2005
1979
898
1926
1499
1540
1487
1930
1933
925
919
987
961
2106
964
1959
845
878
949
1899
2397
2047
2005
2120
1987
977
1943
2024
838
896
1986
2040
971
2100
921
846
2081
2152
2140
1992
899
874
2001
2042
980
949
1883
1928
853
866
968
952
1989
1415
1643
1975
2024
2067
2187
2082
867
857
2122
926
2025
2010
1986
824
2518
2099
2115
1864
889
900
2081
1006
2155
2083
2001
853
2028
1871
1902
914
1357
1393
1895
1931
944
2115
2011
894
881
825
2105
942
976
2042
901
2056
1962
1492
1948
883
1873
1914
2048
2008
955
907
1977
1889
862
826
986
957
1354
1916
1563
2114
954
2086
922
2106
876
874
2142
1913
963
2003
2021
2055
1517
953
1952
2014
1998
885
2049
2111
969
922
1966
1838
901
1990
953
902
2096
1424
1447
2011
970
2083
898
895
854
851
950
2017
2147
954
898
1868
1949
2071
2138
2004
834
2116
1918
2136
957
937
890
817
879
1968
2102
2105
1402
1468
1455
1936
917
949
1973
894
1943
837
1925
1952
976
1992
920
846
1458
1515
1538
1956
817
905
923
969
2112
2087
1906
1832
865
820
2052
929
1964
1438
1433
2221
2199
1993
1952
871
923
829
949
996
952
2111
2033
881
2141
2134
1948
1397
821
889
1897
2016
946
963
875
1904
860
1885
2138
911
1376
1931
1450
1961
2024
2046
928
2002
2045
1895
2001
1967
973
976
1418
1910
2856
2149
1574
2054
862
2019
912
954
2051
965
1914
1852
1898
830
974
1977
1966
2014
1469
929
2188
1009
922
872
2031
2154
960
913
928
2029
852
1971
1968
1546
1540
879
860
851
1981
2049
1993
898
2164
1953
841
838
2142
972
1379
2052
1452
1500
2012
1975
1951
882
1954
1839
2066
936
2075
925
849
881
1554
1517
2272
1397
850
902
959
961
2009
870
897
1865
888
834
2128
2048
2077
2030
1459
987
1929
982
2003
1823
901
848
953
915
925
2011
902
2109
1456
1555
2066
2069
1868
1891
1962
931
944
2124
2069
1915
1953
870
978
2077
1994
1997
1482
1506
938
2098
922
1862
920
1835
974
1402
1939
960
1927
862
1442
1526
1558
1421
1961
911
919
969
931
1993
2060
1863
1896
877
957
1981
1336
1553
1478
2091
943
990
2105
872
2154
1972
1999
945
916
1990
851
2015
1432
2060
2041
875
843
837
917
2166
1973
1953
876
868
831
872
2121
2140
1363
1940
1514
1511
926
932
920
1931
837
1867
954
1970
962
2089
2038
2111
1464
2081
1928
1972
876
851
2079
2054
1996
958
1867
2006
841
2060
2076
1999
1373
1975
1642
963
2078
956
921
1968
861
2022
967
946
907
911
908
1969
2041
1541
1537
1961
1968
1928
888
945
965
940
856
1934
1910
850
1983
2044
2437
1426
1686
958
950
939
911
1999
843
855
2045
2036
938
2083
2044
2114
1481
1525
1540
1917
1988
843
930
966
911
875
1980
850
2108
2041
952
915
1412
1414
2619
1965
2059
2156
952
847
2056
836
2113
2120
944
1918
891
854
2079
1483
1941
1402
843
1953
1955
2123
2137
2145
2057
819
855
816
2141
923
1995
1936
1485
1503
1987
945
2071
1994
868
1988
972
903
2140
2144
886
880
1440
1526
1510
1389
1896
1870
1943
2078
1991
1991
1958
869
2261
876
2101
2281
1909
1398
1483
1948
1946
967
1990
1978
880
862
2089
993
963
960
2143
2034
2737
1500
1931
878
2052
890
889
2111
995
2064
928
1892
875
1841
2107
953
1932
1416
1908
1479
934
988
2088
2040
862
851
2017
948
918
2050
871
1932
1678
1798
1522
2053
842
865
1904
932
1929
1982
2164
888
1994
1936
2216
2117
1475
1394
1967
975
2076
948
938
885
2008
813
2026
908
2091
947
887
878
1989
2045
1532
1376
1978
879
913
2105
958
2030
872
1980
1972
1948
1522
2083
1349
1934
1486
960
2004
966
912
2016
2010
827
978
1936
2097
1956
2025
867
2026
2126
2208
883
1926
1834
1942
957
930
899
1961
835
1945
2021
946
2099
1450
1865
1471
2121
2035
949
2018
1971
875
1907
986
1923
1935
1973
874
2056
2020
1478
1505
2012
859
2030
903
1947
968
2023
892
893
852
870
934
2069
1367
1971
1482
2038
946
950
1973
1908
866
1961
971
1902
2131
951
913
829
1491
1429
1547
2011
919
2076
841
841
1941
2017
895
2071
2018
991
2039
853
2143
2001
1500
1933
847
883
1935
912
2019
935
2089
1945
2004
1938
2096
978
1996
1924
1538
969
2010
972
1982
896
861
840
879
904
2267
2036
904
1968
1678
2065
2007
1882
2064
913
2067
909
917
2012
897
2072
2035
856
1947
1935
1443
1875
928
1986
932
874
918
840
1952
884
2013
947
2107
930
947
1945
1515
1962
2044
865
888
1962
2144
2049
907
2083
903
2019
868
893
1938
956
1942
1366
1600
1943
2202
2072
884
1975
1849
854
1918
971
2087
907
873
1957
2037
1977
1442
1874
857
868
2036
965
909
953
933
1007
1877
2028
886
916
1958
2009
1588
2019
994
1969
1858
1889
826
900
947
949
2049
2163
920
2037
1508
1981
917
831
1937
1947
933
2129
2031
957
1882
872
1829
1819
2001
945
2598
2001
1694
961
2064
928
2060
2069
842
853
1919
971
1976
920
2234
874
2039
2018
1872
1339
1895
817
2051
980
4358
2081
901
875
1927
849
2217
935
1515
1392
2110
944
920
1938
885
1852
1908
2024
925
976
940
2049
1326
858
1617
2046
2022
1330
891
821
2067
939
2114
938
2045
861
858
1907
1321
1997
1489
1816
1575
924
1992
943
1964
853
1975
1978
2066
915
897
1312
1997
889
1514
2093
1948
1935
1303
874
2205
920
919
1939
908
2009
864
2007
916
1952
2000
857
1966
901
2040
946
876
884
835
1918
935
2053
930
2117
914
2101
1583
1984
1480
2048
2007
871
984
1984
884
1975
935
862
1876
1908
907
984
2166
1938
2156
960
2107
1965
1886
2004
1919
876
1921
972
1930
951
1980
920
1543
1493
1956
1901
877
2037
918
2048
2041
914
932
866
878
890
2099
969
1985
1431
1555
2004
1934
950
2022
1989
808
1905
871
2039
2091
962
919
856
1464
1487
1951
849
2055
894
1050
949
908
2117
2081
1885
870
1833
877
2069
2036
1403
2090
943
2276
914
2026
880
868
2030
1937
940
2083
2019
964
1881
2655
1516
1877
1953
1973
1946
2097
942
882
1919
875
1877
847
850
879
2060
1538
1363
2100
2033
919
856
1929
1951
1985
873
898
983
2101
927
1961
882
1490
2049
1487
2015
879
862
917
2132
927
974
2043
1408
2045
867
1998
953
1889
1908
1575
1940
980
2086
856
1967
852
894
908
926
2051
896
2259
882
1515
1986
1458
839
2059
808
987
1955
988
2098
892
945
1973
890
870
911
1971
1939
1984
2021
948
2006
1976
1915
861
881
2065
1479
1387
2035
886
1926
1998
1993
1458
1958
853
1838
2084
2155
2031
992
1958
846
897
1278
912
1915
1410
1981
2113
1534
982
2001
859
1814
830
1925
2052
936
937
2034
946
2020
1533
1955
1478
1345
1884
1998
2069
947
2004
949
2043
897
1982
862
2068
969
1952
1412
1980
2015
2154
2037
899
1851
1937
2071
875
2083
988
1039
2207
838
1997
1551
1500
1869
1971
2037
979
2111
2083
961
944
1912
827
1946
959
1003
2017
1430
1569
913
2080
949
858
1949
1873
882
1316
2039
922
2122
2146
847
1522
2060
1469
826
1974
827
955
2059
2159
955
1987
872
1913
889
1911
965
1421
1351
1590
1946
935
942
845
1976
804
868
2126
897
2139
974
914
1937
1506
1946
2066
853
1998
1984
2106
924
915
998
886
876
832
884
1905
937
1965
1392
1520
1960
2065
2101
2020
1948
843
1904
1934
930
914
2099
911
1958
1580
1553
1984
839
1863
818
940
2049
937
950
2110
1915
1839
1981
924
2107
2538
1395
1596
1962
2024
2071
873
2005
1887
2027
942
2096
946
2048
1890
1873
2577
1486
2075
885
914
1978
2251
2030
930
950
2099
1996
2031
842
1930
943
1938
1453
1535
2159
2119
925
2047
1942
855
1973
1979
924
1952
1906
1979
866
1661
2018
1514
1933
863
844
970
2070
924
963
1979
865
1902
880
889
1929
2114
1415
2065
864
982
946
1999
845
1979
916
915
2060
1015
2150
894
899
1562
2054
1508
832
1886
875
1992
902
1948
2017
2070
2014
819
874
1996
956
1408
1383
2252
955
2141
937
896
841
1821
867
889
2035
2027
1033
2027
1910
1523
1983
1989
873
883
1861
948
948
2050
952
1369
2088
1858
1884
1936
935
1470
1511
1488
2058
920
2093
871
821
970
848
916
2028
942
2163
927
888
2080
1535
2613
1970
930
1935
2055
2047
884
997
1948
866
839
1903
908
2097
1404
1386
1973
1991
2090
937
2050
1885
844
1935
2186
906
901
2042
919
2005
1566
1963
1468
835
902
866
2030
1987
1481
2171
949
2016
845
891
2007
937
1428
1955
1550
2089
950
954
2109
1968
820
1954
2000
2099
1940
2112
1023
2065
1597
970
1970
897
2070
851
893
2092
913
1956
1935
1846
846
1990
2016
933
1419
1991
1575
2043
939
1015
1978
841
837
2068
2029
1970
891
1995
944
1958
2011
1971
1918
840
890
1929
1959
925
2068
2083
940
979
2018
2060
915
950
1451
1971
1617
2023
1988
937
1948
1918
2019
882
909
2004
1393
2030
884
1995
1539
2022
2092
1941
907
895
2001
908
2075
977
1957
1953
1954
926
2074
2116
2146
1874
1563
1967
956
2334
2050
1925
1816
847
936
986
1980
1971
896
890
2750
2018
1474
1968
2111
870
938
1926
928
970
1965
1851
822
2029
1996
2092
1434
1985
1512
944
945
2001
2072
917
862
2028
2001
2069
918
979
970
2010
2164
1478
1997
1952
886
877
1967
931
898
1972
1955
1900
893
1976
2160
2104
1460
1431
1538
1467
2070
2099
889
1887
830
1930
2064
2186
928
952
1911
1993
1587
2036
1483
1321
1987
1958
2087
1477
2031
969
2078
869
859
879
2088
909
1960
1392
1495
965
980
1972
982
895
1943
885
1995
2043
2133
901
1993
863
1467
1505
1564
1856
806
1926
917
968
963
2084
888
2046
887
1958
953
2053
1440
1539
1462
969
970
2062
878
870
904
837
2000
2097
926
968
863
880
2043
1526
1542
895
897
889
2048
941
2133
962
2048
1881
892
1840
2003
2053
2051
1425
1510
1978
1987
1986
2140
2057
880
1894
2044
918
1983
930
892
882
1915
1995
1472
907
1932
1888
2027
2156
2097
1913
2002
843
2036
835
979
2070
1379
1527
1469
1543
964
931
920
895
878
1341
932
2136
2020
1958
2071
818
1442
1491
2021
2023
1298
869
928
1963
1987
2069
890
820
1928
891
966
968
1379
1863
1991
2017
1955
962
2017
870
885
1961
2199
2127
941
874
2057
1909
1996
1527
1512
898
1891
2011
898
2144
2084
912
903
1991
867
1880
1926
1906
1370
1885
2035
1975
930
965
885
2124
2199
863
960
2039
975
2077
2137
837
1966
1685
2077
2090
2020
1943
892
943
2042
924
875
847
874
2001
2093
940
1384
1848
2040
974
983
977
931
2004
885
2053
2038
925
2077
2007
883
1910
1929
2155
1988
1937
2014
840
2082
2112
2094
990
930
1966
844
1969
948
2012
1920
1907
1484
1952
1353
2011
934
2051
853
1971
972
910
977
968
882
1988
2695
1585
1522
923
847
860
935
2117
972
1896
1898
917
2144
1952
2076
2043
1361
1587
1975
2042
2090
2087
2243
892
868
1867
2007
947
2109
917
893
852
2555
2040
1594
1482
1937
1963
1941
1953
2051
2019
937
1993
889
852
2118
926
1435
1405
1488
1499
2112
1005
2082
1999
1866
1955
1953
1995
2170
2008
886
2117
1544
967
2058
2122
878
1906
916
1975
978
929
878
1953
866
2029
946
982
1337
1409
1992
984
2026
952
2070
1913
1896
850
2174
984
961
968
898
1961
1471
1538
1544
1416
837
900
1492
958
928
2029
910
2055
857
2014
1000
979
1374
2015
2146
1501
936
958
935
1980
872
1886
2035
2073
938
2126
874
1978
1989
1568
1504
1437
1856
922
940
2173
2159
975
885
1957
886
810
945
889
1960
1895
1516
982
1990
2115
922
2061
1937
2041
1961
1967
2044
1982
2015
1921
2100
2153
1958
2060
858
1903
2027
966
2090
947
872
1988
852
1969
960
968
2065
1441
1975
967
957
1945
933
892
1914
1974
975
2084
2053
965
2027
2056
1465
1505
1525
931
2038
2015
950
991
2017
1983
1936
865
900
854
984
2131
1384
2033
1575
1495
940
2099
937
920
2007
2019
2081
907
931
2067
831
887
1493
1958
1968
1924
2070
1898
1906
2018
2014
909
1983
2133
1948
1904
885
923
2006
1436
2081
933
2030
1970
1968
1970
883
880
969
924
1955
1970
858
873
2036
2061
1892
1975
2008
880
917
2046
2045
979
921
841
883
844
2028
1957
1890
1431
1942
2040
971
899
918
1893
1850
885
929
844
896
927
1997
838
1759
2075
895
1994
850
2041
1922
969
967
1932
916
832
860
905
1993
965
1360
1890
1463
951
1974
939
2030
892
922
826
949
936
973
938
894
817
1466
1519
1978
880
859
855
909
2109
2045
1948
2032
2022
1958
849
944
933
1368
1958
2078
1529
959
954
936
1989
1966
915
1941
937
1971
2043
1978
2008
2061
2259
1478
1886
1992
1901
1961
1972
990
2099
850
851
2097
1943
962
1974
2409
1915
2021
2021
2138
985
2101
923
917
1848
1953
957
1952
919
2064
1936
1487
2086
1518
1942
1973
902
934
945
994
1985
1908
834
859
2036
1980
1908
1359
2025
1469
2000
992
965
899
844
887
835
1952
936
933
1892
2042
2031
1523
1654
2012
881
864
889
2003
2087
2068
936
888
1999
2072
1849
968
906
1366
2006
1480
2003
1900
2054
1958
864
2098
865
2116
2046
1982
2082
2021
1913
1588
1546
1508
1393
1962
1978
933
968
2059
1933
1927
893
864
844
2046
952
1385
1998
2029
1552
922
2037
958
852
868
857
2057
1952
1955
988
1928
1856
1953
2032
2098
2035
1838
2111
1934
2053
1988
2023
2143
2009
912
1927
905
1941
1891
1447
2043
932
931
2052
2037
1984
904
860
2165
2035
1970
1960
862
1937
1482
1743
1689
861
1993
2109
863
923
961
972
2054
1982
872
1990
950
903
2793
1951
1956
1981
2032
1954
2029
2199
1931
1845
954
2028
2032
2019
2100
905
1458
2236
1912
2032
2235
1948
2063
1987
2059
920
2046
866
894
2035
2070
935
1371
872
912
1989
1928
2068
2032
1932
1980
1896
938
913
991
2047
885
846
1461
1534
1533
1974
1960
2026
921
2247
953
2170
896
895
872
1927
1993
941
1372
1451
1472
936
932
2018
918
870
1997
888
1982
2011
2116
2006
904
2073
2056
1573
1496
1884
825
897
2048
972
929
2073
895
2046
1960
892
934
1968
1362
1406
1426
940
886
2110
881
887
842
850
1978
2031
2077
1998
901
1957
2693
1478
1496
1567
1931
1985
2025
919
966
2133
2094
867
893
851
993
1980
1955
1426
1594
2029
1951
938
2106
838
2048
2098
958
1491
2145
957
2012
838
2630
1508
1995
1935
2040
864
2028
2018
938
1936
2029
2017
1970
886
2056
2017
1396
1446
1563
1971
964
2044
2067
874
1985
1938
959
2060
932
957
1966
1859
1540
1521
1510
880
884
871
918
2072
2026
2045
1916
1887
902
832
2099
2056
1369
1479
2028
2135
962
999
889
1959
903
1899
960
1992
2016
926
874
827
1503
2029
1464
2020
1907
1910
972
1974
2111
931
2020
2029
908
1990
937
913
1494
2101
1514
966
1982
956
941
1920
1905
830
2040
2013
943
940
968
835
2038
2136
2041
2025
924
1944
915
933
2075
936
877
1880
885
1910
953
1000
1524
2128
1584
884
1891
862
963
964
2023
1936
891
863
903
1992
903
2069
2036
2002
1580
2088
2004
969
1859
2040
1877
892
947
2020
2037
965
902
832
1541
1498
2108
2016
910
870
935
1998
919
1952
1911
841
884
869
988
1036
2042
2007
2068
976
969
2077
1896
1901
839
1912
872
1975
957
978
1980
864
1517
1525
1961
1300
1998
831
997
2147
918
2032
2060
1960
1936
1884
873
2033
1402
1397
1993
2114
2173
886
2001
2100
2164
870
906
880
985
2159
1997
895
2028
2028
1465
1969
1876
2142
937
2102
2071
973
903
1905
823
1888
1905
965
2059
898
1996
911
952
2056
2037
831
834
886
1990
954
958
971
926
1891
2042
2034
1480
845
1881
863
2003
2008
988
1985
931
1992
2123
2015
923
2108
1505
1829
2013
965
946
954
1871
1965
1934
1973
890
2085
2141
937
2009
1897
1507
2069
1506
843
882
2041
940
900
2069
5586
951
1979
1948
852
1987
1954
1443
1402
2024
2042
955
914
876
2001
1965
2074
893
965
943
953
2298
884
1722
1479
1493
2027
1933
880
1945
1985
897
1953
927
1894
1842
2053
916
932
1411
1933
1537
2076
959
2147
902
851
1855
1967
1958
968
2001
2049
931
1968
2151
2063
1976
862
2005
1949
944
926
916
2041
913
1974
1854
880
1955
972
1984
2015
1514
2036
944
2126
895
1953
835
856
1945
918
2084
982
941
1973
2000
1932
1469
1929
2137
1838
2099
946
2038
1566
932
2144
2003
1887
886
2123
1996
1915
2044
1530
985
2002
2077
855
2064
1988
1979
2111
1988
1983
905
1865
2021
1460
1506
842
1400
873
2068
2118
925
2097
1927
1955
2017
1427
919
970
1980
1426
1541
2039
933
937
2003
821
855
1887
872
1977
2172
942
2015
1970
1523
2085
2064
833
844
859
1988
974
1954
2016
1925
869
2059
1974
945
2083
2036
1956
1585
924
1959
1961
913
896
803
896
978
1050
2093
2134
2044
881
2035
1491
2058
2027
923
857
932
956
933
2064
1976
823
878
1932
891
2087
2047
1542
1517
967
1002
2088
1908
1948
1276
1282
914
975
957
949
1908
1922
1635
1570
1496
1341
1915
885
2085
906
2091
2020
2021
2033
812
2050
917
960
2906
1409
1950
1457
963
1974
863
817
836
876
1891
1995
906
2006
947
2054
1500
2094
2051
1470
2038
1995
964
919
898
2118
935
862
1965
2004
915
2063
1467
1885
1897
1404
2165
1001
868
1979
2013
877
928
968
962
968
925
1995
1518
1549
1473
1999
1967
1904
1988
873
936
2024
1917
880
6192
2034
1920
2055
2051
1393
2085
2123
2034
953
946
1895
1934
1952
856
2073
903
874
2032
1857
2091
1514
1486
1423
909
1961
978
921
2183
2037
974
1924
850
1900
1944
2000
1426
1935
2037
1425
2046
940
896
1843
843
881
1968
2095
940
2027
934
879
2066
1575
1502
1900
1920
886
1970
947
891
887
1978
1990
814
793
2020
939
1465
1402
2088
2097
963
927
878
835
1984
893
923
1990
1963
954
2119
1941
1488
1479
1471
876
919
841
2208
2001
909
982
920
1970
848
879
1991
2263
1425
1416
2122
923
2114
2038
1985
2020
841
1947
2227
963
1996
944
1907
866
1499
1993
1459
835
1907
835
2065
2096
938
2060
1914
1877
1894
1966
2034
940
1433
1865
1574
938
1958
2123
2007
1897
846
831
908
1961
963
2059
889
1941
2049
1960
2054
1913
2066
2156
2028
942
877
946
942
872
1835
1859
1894
978
2004
1386
2007
2026
2266
2244
887
854
855
881
902
999
863
960
941
1970
1998
2177
1977
795
843
1913
2128
921
2069
2078
2003
2183
842
1880
1964
2063
1553
1387
2123
2047
1970
951
2027
2031
1943
1987
916
2110
931
957
907
918
2025
960
915
1952
1919
1830
2147
919
991
967
915
2086
1887
1965
2043
2243
1425
1983
1557
905
2066
1969
1881
1836
818
873
959
976
2016
1961
924
848
1544
1515
2070
876
1946
910
2077
2076
2173
946
864
877
2056
894
915
2022
1463
1912
1601
970
1994
929
842
830
897
1879
883
2013
1986
864
1967
2019
1499
2041
1935
2016
2094
1943
960
1425
925
967
1923
893
1837
853
1935
2085
2727
1393
2131
894
2039
955
836
2019
1460
859
1922
950
2038
2037
2073
1932
1964
1960
1987
839
847
845
2090
2056
943
1084
2053
1913
1864
877
2176
2027
1992
1375
1555
904
2060
982
2084
906
2126
1942
2035
2095
1965
2149
1960
1962
1624
1641
1593
852
907
1930
2108
2143
2059
923
2140
1887
1910
2006
921
982
2018
1390
1596
1912
1951
2009
1930
866
1852
875
931
2133
2124
962
2069
948
1641
1474
2068
1359
2052
853
2021
966
1976
2009
1901
916
828
845
1992
1992
2159
1886
1545
1983
2133
931
905
1368
841
857
830
2108
2002
930
972
878
1990
915
891
2038
2218
853
948
2067
916
1961
1921
1990
1922
884
2086
2103
1395
1987
2079
977
2034
916
2050
1900
1982
1874
1955
2094
941
958
2047
2018
2041
1996
1860
1904
1944
833
1961
2017
903
941
946
1940
2029
879
2085
965
1418
1839
1539
960
2083
1994
1905
832
830
893
1993
1970
944
2046
887
2107
1982
1519
1913
1963
2009
1980
2051
875
925
926
941
1999
1961
947
1891
1974
1429
1922
1549
2032
2045
1995
2034
2084
1857
1897
2004
1981
2078
2051
2030
1935
2584
1653
2074
886
1946
1874
974
1943
1462
971
2035
915
903
1976
2055
1987
1942
1857
1541
1978
953
2011
2072
1989
1933
1876
1929
959
937
904
951
1985
2085
1511
1498
822
1971
1995
2158
2054
1947
1987
898
872
864
1896
1954
2142
1994
1393
1593
925
922
932
886
866
1937
843
2006
958
958
2103
934
870
1982
2041
1486
862
1935
1903
1925
2062
2065
2057
2069
1890
1933
845
954
950
1995
1459
2096
2085
925
940
1983
1969
2044
1992
959
952
2277
934
923
886
2565
1547
1499
1373
1928
1893
2074
961
1977
2006
2060
1995
886
841
962
2018
1424
2038
1707
1458
985
2044
1939
899
1928
871
2019
921
1917
1953
900
1927
1987
1517
1551
886
879
859
921
2047
963
2128
865
858
1877
916
957
921
1361
1426
1470
937
955
2108
930
894
878
1976
976
931
948
967
859
824
1475
1486
1519
2003
842
2064
901
990
924
958
2025
870
1858
1942
932
2044
1368
2166
2050
1561
2014
2143
2007
1890
2059
1977
926
969
2077
2026
2042
1896
2513
1498
1968
1388
1883
2050
883
1927
2095
2034
1953
803
842
2000
2281
2048
1955
1914
1890
958
1940
929
895
873
1911
1995
2000
1951
979
998
888
1995
2040
1564
1531
894
2035
2012
2066
1935
2014
1960
912
848
868
1404
969
1932
2004
1398
2048
2242
932
2223
965
1968
2073
1915
939
954
1974
2255
2134
1953
2007
2028
2006
1937
1919
874
2066
2012
945
2053
2029
850
867
861
2139
935
1423
1892
1452
938
1947
2026
1902
1950
886
1952
931
871
940
2014
876
1971
1932
1660
1506
1840
1976
1994
2025
2190
940
928
933
838
2000
2072
917
1916
2003
1955
2056
1940
2004
2076
1948
893
917
853
1995
938
1997
2017
879
1994
1895
1551
2069
959
1950
905
2019
2086
938
2091
1978
817
880
818
950
936
1357
2002
1471
2124
1000
964
1964
898
865
879
2045
941
958
964
1964
2033
1500
2040
2167
894
864
863
874
950
949
940
886
2024
1983
1835
951
970
2016
1440
2015
1976
923
965
967
879
870
1888
915
897
957
903
873
1288
2554
1505
1993
1413
880
1949
950
994
2140
2047
913
900
2019
1989
1961
2039
2027
1976
2026
1947
2102
2155
2011
877
888
876
2137
974
2009
2001
2007
1990
2057
2111
1478
2021
1870
871
2030
934
949
916
892
1833
919
843
950
2007
2021
1387
2045
2300
964
972
2055
909
1956
1952
2110
916
951
955
909
1885
1468
1519
1924
1883
2001
1975
1916
1909
977
1968
1883
885
2005
2024
2031
1994
2510
900
928
2086
2126
2148
1989
873
880
829
2093
950
2031
914
899
1879
2080
1538
1523
882
1964
2025
2025
941
932
2050
1981
1929
905
1796
1930
2011
1379
2011
2034
2092
1990
1979
2009
1973
1880
1850
2006
936
919
1964
883
1872
1455
1960
2044
1426
1281
878
915
2110
2091
2098
2101
1957
857
2100
2060
1982
1953
1434
1614
1481
931
897
947
2036
1941
1875
973
930
953
940
2030
2004
1555
1548
1477
867
2064
1976
1948
1982
1987
1970
961
808
1906
915
939
922
2495
2008
1970
2119
942
943
948
881
861
2005
921
897
960
2132
2002
867
1430
1481
1952
2107
845
852
2009
2040
963
2041
1923
1882
2010
1974
2043
1972
1909
1434
1455
1993
924
2060
2164
1852
2001
843
2155
1952
2074
2019
871
858
2070
1576
967
863
839
2071
927
961
929
2041
2105
2028
1881
1936
1378
1961
2456
1474
949
2141
917
2047
936
860
891
1949
2277
922
982
925
2050
878
2577
1493
1503
900
1913
1942
1451
935
955
944
889
779
848
1937
960
2025
1391
1385
2049
964
876
2085
1013
869
881
851
2083
2121
960
1951
1968
885
1463
1527
1523
846
814
830
907
993
925
940
1910
2197
872
854
2035
1925
2462
1429
1902
973
1966
2080
2062
1992
1986
2065
2118
2006
2005
967
900
838
1454
1952
1498
1885
870
2017
1954
925
1975
962
868
1998
2029
833
948
1996
1963
1437
2067
2106
1929
1952
965
911
901
873
987
912
1984
1954
1958
2005
2000
1527
1535
910
1901
864
890
2090
2085
2041
2016
1808
850
828
920
1003
1373
1460
1464
1980
1943
952
2023
1904
908
863
2026
929
914
907
1997
1991
1468
1535
1493
1378
1990
876
902
2144
1991
1943
2100
1985
860
1941
1945
945
2535
1893
2093
2040
960
944
2020
2018
2180
1984
976
1956
1995
905
1960
795
1990
2040
1525
914
824
874
909
2073
2073
2040
856
2104
2152
843
941
1970
2030
2058
2117
1939
2044
2191
2043
1940
876
846
951
927
971
914
1902
855
1457
1749
1955
1920
844
846
1994
2111
2109
904
2017
1979
2010
846
965
899
1370
1528
1471
2007
913
2057
1957
878
1874
886
953
1989
988
1022
874
842
1905
1994
1499
1905
1979
877
950
962
961
976
858
822
1933
862
942
2128
2611
1367
1449
2015
2031
2097
1022
1915
2007
1908
1978
917
920
938
888
845
2602
1511
1968
1919
1917
888
912
939
2076
953
865
857
1882
1874
2131
2265
1353
1963
1957
2040
2197
942
886
2018
1985
830
2157
932
2060
2157
1922
1943
1569
2195
2047
2037
1979
1893
942
947
2000
945
900
858
902
1822
1660
1624
1371
1870
1488
2038
956
2038
937
1989
861
1974
2109
888
2115
2028
902
1989
2099
2007
1487
1395
1877
873
862
957
944
2031
1979
1823
1886
915
928
964
1374
1926
1899
2064
931
950
915
889
2031
835
942
2218
966
2005
1869
1928
1458
1513
1603
846
1920
2002
1938
955
2025
937
1935
1878
2035
855
940
946
2039
2007
2018
2047
962
2064
1926
1855
1945
1962
2049
2054
2026
2052
847
2076
1932
1981
1478
1931
871
875
1905
1954
949
945
1947
2043
848
803
2061
2035
1363
1431
1904
966
956
935
2114
831
879
840
1950
2126
2070
2050
843
1374
1430
2084
1537
1845
1974
888
2042
2081
2060
933
1975
1960
876
1880
933
1970
1893
1435
1896
2040
917
986
976
881
1970
856
962
1942
2032
933
1968
855
1393
1479
2069
930
2016
938
875
1917
950
1918
2033
2068
944
2027
1932
829
2054
2153
2074
2086
1919
896
2099
2145
2033
930
2026
2009
842
908
903
2064
1429
2016
1572
949
944
1928
1955
876
815
841
2006
949
930
1974
935
1896
2119
1629
1470
852
1915
1949
925
946
901
2101
1973
856
1947
1934
880
1978
1980
1402
1527
1440
957
945
2078
848
831
854
2017
925
941
914
2012
1327
1538
1980
1474
1856
864
1863
946
2102
2100
2031
913
861
880
895
910
934
1414
1485
2143
1446
957
945
894
831
850
880
887
1950
1970
948
2128
891
2051
2231
2017
1981
2183
1888
1955
2082
918
2076
2056
1945
840
901
886
2046
1605
1389
1725
2068
940
2120
1972
1999
780
2066
1918
956
940
2181
945
2106
1910
2071
895
872
866
2039
2113
1956
2073
918
867
896
1960
893
1991
2071
1479
1465
2118
2041
961
1918
1940
868
1914
870
1937
2273
2072
953
2084
901
2150
1471
1973
864
2002
1418
914
1940
1941
927
1959
2025
2223
875
1974
955
1418
1370
1539
2030
2100
930
1922
2003
2006
907
920
946
2043
2056
2099
840
1975
1995
1947
1327
903
857
2029
965
2033
2018
2086
875
827
867
875
1892
2039
1520
1561
910
2054
2061
887
851
2044
873
902
939
2095
2099
1987
1874
1535
1939
1918
833
1921
1961
930
2020
2070
928
1891
2113
838
878
890
2079
2057
1381
1563
963
1982
2030
907
1822
1954
882
2028
2068
910
918
855
943
1535
1546
2022
851
849
851
2100
922
921
940
2049
1923
847
1874
2058
1969
1415
1981
1517
913
2090
945
899
857
878
880
907
962
954
2322
934
926
1515
2066
1966
1953
1957
902
2029
2030
906
2051
1962
1910
864
876
920
1957
1402
1390
1994
2042
957
2038
936
2028
871
864
903
1936
925
2033
868
886
2136
1473
2014
1998
1944
859
2139
2009
934
2127
1951
1941
1940
887
1889
1064
2004
1955
943
2015
961
2053
2046
1260
829
1911
1955
972
1949
1982
924
2042
1536
1486
2026
1418
2031
1929
2081
892
2112
2025
928
1889
1936
2019
2051
942
1475
1866
1538
2005
2024
913
1912
830
1847
873
880
886
869
908
2080
860
1612
1489
1995
895
865
1567
2025
2106
2096
912
2003
1898
1937
874
927
953
1414
1378
1501
2090
1990
1981
2065
835
858
2027
1983
981
1002
2269
2022
2151
1500
1999
1465
1820
909
866
1989
1951
895
2235
2023
2027
831
1989
1980
947
2679
2040
2043
1448
930
937
2044
1977
851
1960
1959
1936
2073
944
2042
891
1507
2120
1948
1916
1860
792
973
915
1968
943
2007
1842
813
854
893
1950
1453
2019
2051
1450
971
2069
2079
860
1865
1907
909
2000
1984
1985
2087
2008
2049
1504
1431
1356
900
1956
2056
919
948
925
2061
889
824
2113
2026
2104
1491
1527
1530
1991
960
858
881
1246
1879
861
951
957
1951
1940
921
840
2067
2131
1470
2054
903
836
2008
2030
2103
939
1979
2110
1993
861
866
2102
2022
1868
1999
2153
969
893
891
829
842
870
2172
930
974
972
1933
869
2019
1562
2023
2036
2030
1926
920
901
2037
972
2031
867
2032
1914
898
950
1392
1878
2138
1480
2068
984
2030
2031
2014
889
912
935
947
930
1998
880
1520
1520
1959
785
853
773
1977
891
1377
946
1933
1976
783
1971
2052
1987
1442
1552
1535
943
959
981
2043
856
835
878
887
2169
2045
1948
2043
866
1560
1989
1996
1995
903
1971
2024
2085
926
2115
1976
922
1878
1929
2076
963
1449
1428
2155
2014
1984
898
1870
2011
1881
2003
892
1944
941
1963
2036
2085
1544
1557
1555
1857
1934
2009
966
2103
2026
934
2037
1964
857
865
1963
1941
1917
1438
1991
2027
2118
2005
2036
1849
1870
882
2007
2164
2104
2027
1980
1848
1660
2006
1536
1971
1957
874
942
977
916
981
945
1995
1942
819
2031
942
2098
1426
1541
1525
958
924
1899
854
820
885
1986
920
904
1065
909
2034
2639
1536
1536
878
1944
2038
2035
902
848
938
874
898
858
1830
1941
2049
2613
2035
2112
1998
1992
909
924
896
1867
1892
921
1978
899
1984
914
1910
1497
1949
1465
2023
1975
2018
2140
927
925
2115
2006
884
1945
2042
954
931
1405
1903
1969
1901
2049
2184
874
1940
1941
1987
886
984
1009
887
1909
873
1513
1532
1490
2037
860
868
966
2029
1984
1996
950
1994
1945
881
1996
2127
2003
1404
1535
949
925
924
879
1822
836
892
913
932
2069
2122
1995
1386
1998
2018
1973
2074
902
814
919
963
2080
2143
965
863
2062
834
918
987
2639
1892
2191
964
979
925
1988
909
1959
1942
1930
935
932
1496
929
1910
2036
2004
1979
817
2035
1943
1909
1996
939
1974
2040
892
2007
2205
1974
956
1406
1426
2198
1929
1974
1315
916
855
830
879
897
944
1942
964
900
870
2148
1508
1972
832
1591
2009
940
2088
903
2195
911
1912
854
927
953
2081
1408
1876
2092
973
2105
2032
2117
908
2022
841
880
962
2226
1929
884
1936
1537
1542
1934
850
1959
886
2121
938
939
2115
1933
859
877
1994
871
963
2546
1427
1972
2135
1960
1489
908
863
828
1983
914
2111
940
1976
964
854
2676
1451
1646
901
1920
810
967
2086
2092
971
2041
1969
845
851
1912
2014
1393
1402
1555
1960
2095
2045
900
2020
848
2078
922
1966
1977
920
912
1963
2088
1593
1512
1939
930
2073
966
918
2005
1982
941
2094
1981
2001
2060
924
1965
2100
1987
949
1935
899
2024
1921
822
846
1873
2074
2153
954
2049
846
1988
1512
1497
1853
1891
1882
1990
2182
924
958
2078
1960
2023
876
933
968
1375
1903
1958
2074
972
959
2025
1998
904
1879
920
2139
945
1964
2137
826
1466
1572
1883
864
1939
1986
894
1044
2065
908
2033
833
875
1926
952
972
1924
1428
1939
937
969
986
976
867
899
858
2042
901
926
2040
2077
839
1440
1521
2067
1362
1824
861
2012
2128
2055
2230
1917
873
1906
824
2064
945
1904
897
2008
976
931
1994
2097
879
2058
823
2131
2058
984
1990
1965
864
1469
2149
2028
2105
1881
867
2006
902
946
2001
863
2056
1965
2023
976
912
1365
1900
2018
1523
2048
1970
937
1908
883
2020
2027
930
922
2145
925
1991
2698
1507
1535
850
1854
853
1926
1953
967
958
1962
1963
864
859
918
1956
1378
1935
1496
1982
2088
954
2033
2015
862
1914
2006
2155
2009
951
1912
839
1455
1559
1972
2004
885
1951
874
1004
956
2095
2080
1834
843
844
2011
1963
2006
1403
1949
1505
2112
2155
918
853
2000
862
2075
2030
943
1953
905
1805
1470
1686
2081
874
2012
879
904
2073
954
2037
887
2103
883
895
936
895
1427
1924
1961
1938
928
2133
2039
1942
874
1909
925
922
970
2014
2013
1928
1512
1516
2093
873
2098
863
1976
1936
2021
933
1938
854
882
2008
956
2018
2029
2155
1443
1016
951
1033
2073
877
1880
817
2079
909
2075
920
871
868
2129
1499
1520
2058
1971
1900
908
2005
927
1926
901
1874
872
854
2005
934
2017
1484
1499
2005
2017
938
2047
840
861
871
1958
896
1958
2007
879
847
2009
2026
1979
1947
854
1908
890
962
1981
964
1974
1898
2033
847
939
2063
1898
1868
1471
2022
2095
1926
942
1886
871
1953
897
926
958
2037
883
848
2068
2073
1548
838
874
2176
913
971
926
949
863
1976
2100
827
2034
2007
2098
2012
1448
936
2085
1997
893
887
2041
1984
950
2016
951
1945
874
1842
1945
1520
1526
903
1936
877
2084
2067
968
910
2038
838
1973
832
966
2125
1904
1435
1935
1463
971
2164
918
1892
1880
839
2009
897
913
2048
2127
838
1536
1656
2126
864
1961
1993
1934
937
1989
923
1909
839
1978
858
2082
2068
1368
1409
1466
934
2055
927
2020
2073
877
1877
2101
2016
976
941
903
1863
1961
2027
2450
1937
900
2020
1914
2031
941
2226
885
2009
1904
871
945
888
1360
2021
1536
2097
2107
946
911
1948
1972
1812
925
943
2118
2048
2041
2107
1482
1562
2124
1916
2043
866
1902
2021
1949
887
1873
853
915
828
1972
1950
1411
1479
1908
2059
919
967
2060
866
1970
1967
966
1924
952
2010
857
1900
1425
1539
1470
1912
824
879
939
978
1006
896
1939
831
1966
1949
952
2078
1506
1894
2026
962
950
955
2078
2237
1975
874
2021
911
2009
944
1950
874
1509
1527
1511
1862
1817
1910
2002
933
936
2038
2005
1828
1877
878
2195
1994
1355
875
920
1357
1913
968
945
1929
890
2044
953
2048
969
962
881
1976
1959
1506
1933
1919
878
902
2083
953
965
2067
936
865
2137
830
949
2182
1976
1447
1904
1472
2142
971
936
2018
2011
806
1977
1948
1993
2190
2012
1969
2947
1774
2125
1371
2030
874
2058
1986
911
915
899
1907
1887
850
955
2124
1363
1480
1459
2185
1325
2011
892
1917
2051
873
970
2058
919
914
2033
866
1458
1488
1512
902
851
2051
1963
974
1432
902
903
882
1944
1981
2004
1974
1928
1393
2121
964
942
971
918
2064
2067
855
2099
1485
920
1926
1934
1851
1462
1955
1575
1863
1917
853
880
948
2028
2093
2008
854
1997
1991
944
2063
1426
1462
1510
2023
1975
943
887
1890
1915
862
961
1946
909
2096
863
840
1577
2075
1482
892
1915
877
2081
959
964
945
1964
864
848
809
976
935
1370
1860
1996
2026
910
1938
963
1943
2043
844
950
2000
2087
2100
2036
874
1973
1547
2079
870
819
885
1984
969
1986
913
1878
836
1855
836
2121
943
1446
1419
1979
969
964
993
954
875
838
1878
950
2062
2102
2117
1943
2043
1469
1482
1516
2201
1964
1936
1917
931
2120
2031
1906
837
840
1842
928
2012
1949
2041
1567
1540
1008
956
2046
891
1897
2101
928
947
2076
2000
2259
839
1461
2197
1918
1848
1901
851
1959
942
2128
926
2002
876
1951
849
949
2063
2055
1430
1547
1512
1960
923
925
2023
1961
1905
1974
1998
978
931
1988
882
2054
1553
1488
2010
818
866
2225
2116
950
2069
931
870
876
1913
2078
2079
2504
1829
2097
2213
940
956
2055
1944
877
1881
940
928
1935
1952
1984
863
2605
1678
2138
1921
1964
2199
928
954
2065
2119
1295
1915
845
1986
1970
921
1378
1447
2094
1979
964
949
1988
1990
864
913
947
2102
2164
940
1983
837
2683
1476
2008
859
1916
1386
888
961
1986
933
883
2042
851
890
2076
969
1375
2044
2045
1514
1981
992
941
1878
2081
841
919
2140
2004
904
2210
2028
2672
1958
1928
851
1852
851
930
2027
935
893
2170
877
2038
838
2085
2005
1350
1895
1497
1970
2088
2083
892
854
1945
860
1972
910
965
933
911
851
1454
2039
2139
1918
824
2228
892
2109
970
1986
858
851
861
843
2114
2191
1343
1866
1468
2025
955
2013
1952
1475
868
851
2027
957
932
906
870
853
1484
1535
2004
862
1935
2061
898
2096
1017
1996
902
1978
2048
2113
2041
915
1373
1964
1437
907
1894
953
1913
2033
1961
842
949
2057
2049
960
2037
2014
1431
1612
1487
2117
2022
887
923
1398
2028
1948
854
1918
1906
794
2135
2060
1333
2014
1936
938
1980
1987
1037
1982
860
2028
939
1889
2075
2037
1986
2047
1446
1503
1547
1957
1948
846
1899
1995
1984
968
2087
2017
893
1964
929
2188
1960
1499
1509
1955
1954
858
2040
918
2025
2134
886
847
820
1974
876
2090
1463
1401
2068
2047
2087
1962
850
1846
1864
1894
894
951
908
2245
2012
887
2194
1534
1927
841
2061
1947
968
912
2092
2028
935
871
1979
830
1928
961
1969
1405
1548
925
953
1969
1959
2031
854
891
2101
2109
945
1492
2204
2028
1556
1969
1577
849
2045
1929
2000
1939
900
936
930
864
1938
891
932
977
1963
1982
1770
2030
2044
895
2052
858
1994
1926
2056
963
965
974
941
1951
2053
1509
1474
1310
1892
1897
2082
939
2060
958
2007
1893
895
2205
927
2034
2041
1436
1533
1477
965
2091
915
1873
1826
848
1984
965
940
2027
2035
2004
2080
1645
1476
1921
874
850
925
2011
2055
924
944
854
1899
1967
935
1948
2626
1915
1542
2072
934
2070
848
1937
1903
877
1997
925
1977
999
2020
2066
1528
1933
1926
844
2007
827
2050
2114
2015
2043
1906
892
817
897
2076
2157
2000
1411
1964
1444
975
2036
888
846
1940
847
2011
950
2072
2132
905
1957
1492
2026
1966
845
890
1925
921
937
909
934
966
847
1862
1889
884
2149
2782
1979
1514
2127
1920
906
965
828
827
1893
1988
913
926
1940
2022
897
2062
2105
1542
2092
1894
851
954
1943
929
896
2059
913
1973
2006
886
2042
1418
1932
1677
2034
1974
983
861
859
1875
833
881
974
1983
921
899
869
2562
1944
1529
867
1958
2004
936
2073
953
928
2132
2026
2031
870
901
955
1443
1904
1535
865
971
1927
894
1921
842
1956
1948
966
1969
1020
2051
1983
2770
1532
1464
860
861
2032
944
950
915
932
865
1884
1928
853
2074
961
1951
1918
1594
2096
1948
2077
879
861
796
931
1989
931
2014
1971
1996
1908
1521
2083
852
2055
2036
837
919
1941
937
951
938
1883
838
1939
2082
980
1425
1893
1520
2014
954
924
1898
2006
1940
1994
908
2273
2228
2014
922
858
1584
2073
1370
1959
864
1930
932
1963
926
1939
939
2067
839
1971
889
2120
1420
1881
1559
1927
954
928
890
879
1975
2010
921
2081
2030
2142
899
2067
2054
2009
1534
1368
1913
1948
886
916
913
942
946
890
900
886
1937
961
2493
1990
890
2028
940
2024
2045
857
831
890
953
2156
1923
2016
2001
845
1517
2081
1965
1941
877
2067
2107
1956
910
2084
1987
1988
1955
837
1969
957
2533
1813
1564
2154
922
958
847
1988
853
881
2013
924
2030
2095
1958
878
1546
1951
1584
864
858
882
2049
2134
919
951
940
1996
1855
2026
1986
2063
1425
1984
1936
928
1938
1977
900
1911
1909
2152
2008
1018
2176
911
1904
2016
1682
2048
904
839
863
1980
925
2055
901
2135
1998
1904
879
853
1940
965
2649
1979
2126
2082
957
2072
1878
815
820
1883
881
913
2021
2078
932
1934
2069
1492
1922
851
857
1982
948
938
2041
882
916
2029
847
1895
1956
2052
1413
1913
1506
955
2191
929
898
833
825
1855
2034
2064
2010
1971
1948
849
1559
2024
1447
1888
888
824
1962
887
2114
2101
925
858
855
862
2047
2138
1550
1876
1563
915
1945
2130
899
1945
1950
885
901
1989
922
935
1948
1928
2584
1507
1625
831
873
863
2017
910
916
967
2055
1997
885
1899
888
910
1472
1874
1497
1895
1956
906
842
877
876
2002
926
939
2149
1962
959
1897
1550
1545
1528
2003
866
2020
2167
990
2037
1973
1919
1868
806
883
891
2062
1462
1425
2117
2063
1548
946
911
2006
844
852
2036
943
2013
2123
1946
877
1536
1936
1497
888
1912
1908
2041
923
917
2061
2021
2132
2049
878
1890
2063
1401
1956
2003
916
1978
1976
2014
868
1998
915
2099
970
2038
1551
2038
1396
1547
1516
1996
1973
849
1932
2138
1947
2049
2072
1999
2003
860
914
2010
2137
1419
1963
2035
1987
962
2026
2016
2044
1963
880
1456
936
2069
962
907
878
1515
1556
1502
1475
892
897
957
1991
924
2103
2110
893
1991
968
1974
964
1965
1485
1667
942
928
1941
1957
1971
1929
829
941
2111
2020
1923
2076
2048
2083
1533
1528
1956
1903
1882
956
1964
893
969
880
1879
805
857
1916
1951
1411
1583
1566
986
2023
2289
887
2003
823
871
2030
2059
1966
967
895
1997
1535
1705
1985
1933
1890
1879
941
959
926
987
2027
881
888
1969
2023
2107
1424
1419
1496
938
1958
1968
1937
1859
1881
876
913
2195
967
965
2067
2114
1559
2023
1487
1336
1881
875
2081
2043
921
2051
2019
1890
826
885
914
897
1413
1881
2035
2037
2166
904
2288
2017
830
877
1937
991
918
939
930
1935
1593
2051
2641
851
1922
894
2140
1954
920
935
2049
888
858
1986
869
967
2041
1366
1990
1971
931
2092
1880
1877
1960
873
879
977
1463
2099
2048
1871
2758
1525
1949
2056
886
836
2124
930
2082
990
922
2057
871
1983
2049
2087
1488
1966
1563
2060
2140
969
1917
1887
1852
2201
921
2080
2005
915
927
896
2049
1999
1963
1923
2004
1956
912
908
906
985
2085
1876
852
1981
876
2106
2018
1441
1525
2124
2004
2104
900
1979
819
861
931
962
2068
2083
958
1985
1516
2037
1865
2127
2015
852
2100
983
922
968
935
858
867
1978
2012
1973
1415
2013
2000
2067
993
2009
884
1914
1829
853
929
1983
960
2036
2074
904
1536
1470
1459
1388
2042
1928
2041
1921
1923
976
907
1921
929
845
899
970
1929
1396
1950
1993
967
937
952
881
1982
1942
844
2086
920
970
908
1968
1536
2024
2002
872
1940
925
963
962
896
927
891
2101
1940
1956
2273
904
1395
1437
2135
2043
963
982
913
841
831
2064
916
994
1971
984
917
2016
1538
2067
2023
1943
837
1928
947
2011
2024
2038
906
1994
895
844
953
2080
1351
1455
1642
1529
929
980
2095
2012
1876
1897
974
919
1987
1921
1977
1894
1473
2142
1516
2140
855
2149
2047
947
2082
968
847
826
2070
855
969
2230
1354
1888
1590
935
1362
1982
898
871
1955
2061
1463
1952
946
991
861
1879
2026
2064
2024
1918
833
872
957
1952
2046
962
2041
844
886
1890
954
946
1985
1899
1500
2177
1951
1981
2101
1985
1984
1923
1951
943
928
923
2139
1959
2003
1527
1490
2118
911
872
1948
1937
977
913
1985
836
898
1966
891
976
1984
2035
1996
1490
2221
1953
902
894
2040
835
1946
978
2124
2052
1912
822
2616
1987
1535
829
860
883
1920
2107
2112
2031
1994
2062
892
817
1996
1982
1353
1415
1970
972
1930
2039
945
882
902
844
2062
2097
956
1993
902
872
1528
2082
1496
2002
1990
876
2182
950
938
953
849
875
862
1935
1946
2032
2047
1415
2018
955
2003
2063
894
2033
1903
2023
931
2079
2042
931
895
845
1436
1509
1961
1855
884
1870
1954
1970
2301
2053
893
2048
933
2008
2092
908
2034
1436
1961
1991
1917
965
949
2027
1390
860
2197
949
890
999
1449
1967
2029
1556
1524
896
838
1974
2098
1938
1985
911
1945
874
841
833
955
2074
1976
2007
1911
1976
1993
2059
2022
862
826
878
2010
1948
2026
956
883
1848
1479
1614
2061
1990
882
2048
923
959
2062
946
1893
1917
861
1935
1950
893
2138
2140
1936
1949
989
2141
1991
876
891
848
2126
2025
2048
917
866
1859
1565
1545
1945
1908
1939
888
936
1999
2130
2081
2074
844
880
835
2090
1978
1368
1405
1502
972
2018
911
2148
1926
2006
848
967
2024
992
1927
1954
824
1486
1979
1539
2034
1953
2044
913
2142
941
932
891
1887
846
845
979
948
1381
1452
1953
2070
1963
2018
953
838
1913
1965
2054
2070
975
1944
903
2220
1461
2129
2099
903
1996
889
1913
1395
939
973
2007
850
1832
1930
946
1983
1373
1978
1479
2071
975
2096
2018
872
2002
871
983
1982
1955
960
890
1867
1548
1510
1517
1364
843
874
929
2107
2063
2001
1929
1931
1880
2005
941
2016
1867
1917
2092
976
1972
964
915
2041
1890
1983
935
916
1993
899
2031
2060
1518
1504
1490
2031
879
1973
924
1935
2057
1981
1924
841
860
864
968
2064
1375
1990
2029
958
2042
2016
1967
887
2166
1931
1980
914
2124
2069
919
845
1974
1539
1538
886
1959
1996
918
2022
2102
915
894
870
886
1893
963
914
1415
1512
1480
973
1934
2018
1984
845
881
831
954
1986
948
1999
2025
1909
1587
1518
1459
1254
893
1993
2091
2053
1506
956
896
1934
883
2103
1993
946
1914
1935
1439
998
929
2081
2034
2034
2022
2006
957
2083
965
2018
1936
2045
1478
2112
2006
1932
1940
1917
904
2012
2092
2015
890
1961
1401
1498
2076
1493
1378
1672
1454
955
947
2122
1971
872
1904
863
971
1914
1961
1986
857
2179
1456
1551
1884
882
840
2048
957
2144
954
2061
1992
838
874
1882
921
2157
1905
1399
2530
2011
2075
2111
2003
2016
2037
1974
950
953
1522
2030
2045
1942
2029
2019
1986
1901
877
842
1976
2061
943
899
885
1890
2058
2037
2074
2021
1366
1834
1994
970
968
2076
2035
1988
879
972
923
2138
961
1006
859
2023
1995
1538
1489
1998
913
904
2044
1962
2009
940
874
821
1858
889
2009
2049
1996
1434
2057
2051
928
2076
2126
1862
873
1919
2123
1981
955
1986
2057
850
1479
1641
1647
1428
824
955
2045
2032
952
2207
1959
847
871
906
975
2072
1374
1400
1521
1482
964
957
2089
872
1863
1877
941
909
960
970
1889
872
2578
2067
2024
2048
875
878
2068
944
2109
2082
916
866
865
2037
1011
941
1354
1985
1504
1930
2114
2039
1938
873
2007
1977
948
2096
957
947
2108
1949
1487
1567
2257
896
902
876
905
960
940
969
1925
1940
1881
1842
1956
1961
1376
1998
1992
2001
1936
945
961
2019
1953
2037
933
899
1980
1934
2006
2000
1511
1511
1503
862
2062
886
924
945
2087
2121
1971
860
842
809
969
2051
1989
1985
2036
2097
1901
2025
2063
869
864
870
948
2019
1973
1963
1918
1893
1976
1521
1591
1841
2012
796
1992
977
947
2049
893
1986
2011
2003
1987
920
1902
1904
1995
2129
1988
2075
937
880
868
1919
985
939
958
2058
2064
1976
2176
1535
1501
1977
861
935
2212
2023
2001
956
896
1885
877
1903
2054
2029
1397
1415
1495
2263
2145
2085
2123
2044
914
2025
965
2188
963
942
2029
897
2012
2079
1971
1899
1919
874
2005
2068
953
2022
2145
887
860
2075
2116
943
1362
1413
1504
1988
1988
978
1970
1869
897
931
1966
2020
2061
885
1925
1858
2054
2130
2132
1426
2095
849
1924
1981
961
943
1882
847
1957
1949
968
946
1984
2016
1470
956
2141
968
2047
2030
892
1986
1997
928
962
952
2094
1905
2575
1917
2105
1947
2124
2068
1875
2113
1955
1932
1410
1980
2119
2030
2070
1937
2458
2004
2077
975
2019
2072
2065
1927
1901
854
1929
2011
980
2038
1985
836
2067
1941
1910
1422
2083
862
931
917
1758
2079
905
859
860
1960
2002
937
1443
1449
1917
1994
920
966
905
2059
2046
869
2047
902
2045
979
2008
862
2082
1948
1494
864
1984
1978
1978
953
974
1983
1916
1980
1970
829
941
2007
2031
1953
1456
1961
1950
2123
930
2002
2006
881
2201
965
970
2078
872
1974
1521
981
946
1943
1934
874
908
1501
2048
1909
1890
844
1897
1939
2126
968
1422
1439
2014
2063
980
939
962
2054
1921
836
1943
2020
951
915
943
2007
1548
2002
1483
887
835
1931
872
919
954
1923
858
1801
871
2007
2055
2094
1462
2039
1420
1540
907
925
2045
884
2040
1387
933
1973
944
903
855
1881
1459
1541
1482
1440
1941
1965
945
986
961
2182
874
2109
856
2100
2081
932
2453
1432
1903
975
2067
975
943
881
881
826
2043
936
2230
2042
861
1907
1929
1549
1934
1918
1943
914
2079
2113
932
947
1949
837
856
852
2030
2061
1457
1417
2010
1998
899
1967
1920
1979
1974
794
2083
2213
1062
2027
915
873
2661
1551
1656
893
1944
1934
1936
2213
2120
2075
1921
1925
892
1999
940
1646
1342
1396
1996
970
919
935
2156
1906
860
854
1020
1939
2058
897
1928
1830
1601
1984
1493
1941
1937
860
1946
935
1943
2055
868
1991
1939
859
1052
2083
1931
1861
1532
1966
2124
2032
920
1977
2047
1886
956
2008
2009
963
1958
854
1484
2087
1505
2000
872
864
921
2053
2112
938
898
821
1968
2090
958
920
1429
1833
1546
2064
912
955
2031
887
2012
2160
1985
931
2004
1961
2074
844
1480
1489
2564
1936
1885
1877
1922
1968
2137
2024
889
861
894
1947
2103
2093
1540
1985
2074
1527
2021
2047
1897
865
1953
1926
2183
924
2119
2019
1863
1981
2019
1562
2031
1980
875
2075
1906
944
2051
900
883
874
870
1976
935
1898
2041
1493
2025
2019
2032
985
1982
1868
920
2019
2036
950
1056
922
2026
1964
1554
947
2066
2069
853
1891
2104
2131
1047
2073
2004
836
1988
1927
935
956
1435
2656
2004
1472
963
974
2067
1934
1918
1889
2072
2092
2317
936
2036
917
1460
2104
2069
1410
887
865
2116
1988
932
915
892
1881
1971
902
2082
2063
1375
1489
1503
2329
931
943
2056
1958
884
2027
1991
938
2037
928
1876
876
1981
1488
1504
1903
842
2023
918
962
960
922
1993
834
2118
842
933
1986
1378
1903
2006
2038
917
2165
2097
2050
914
857
916
2234
1609
1947
871
1827
1888
1549
1915
867
821
881
2010
949
956
906
884
2021
850
2003
2013
929
1379
1446
2115
1955
969
1968
1930
2022
2042
1854
939
948
1040
877
856
1893
2645
1510
1488
2024
2050
884
1971
2060
962
980
832
1933
2059
834
1949
928
1879
1426
1442
948
1975
1965
940
876
926
1874
941
2076
929
2093
907
1905
1923
2100
1582
1973
1995
1975
935
2086
2002
1895
890
1881
2016
879
935
914
1923
1527
2056
940
2077
958
2032
2000
2110
829
1971
1930
947
2006
851
892
1458
2008
1495
1926
1885
864
1925
2152
2115
941
1963
1984
861
1863
2039
1979
1376
1927
2071
980
914
1995
1946
899
897
848
2125
955
2109
2035
929
882
1473
2113
2147
1380
1987
1973
1920
948
1959
1926
1912
828
2094
1997
954
926
1368
2071
2136
1507
931
2061
920
2002
1947
900
964
1969
980
1466
1919
851
1950
2025
1470
1990
1997
868
840
956
2114
2126
869
801
863
1891
928
907
1914
1919
1468
934
947
2101
1997
1945
874
2003
2038
938
2089
2116
895
888
1593
2068
1536
1983
849
2039
2004
2097
936
1963
2027
863
1900
2136
2032
2113
1342
2049
1926
969
967
969
933
1909
2167
878
938
2059
1959
940
1985
1948
1452
1525
1482
2076
839
858
903
2133
996
2130
1950
1912
1952
808
2059
2192
1378
1942
1910
962
926
942
1953
2049
824
837
936
2035
2081
1941
1880
1831
1917
1561
2119
1972
875
854
2003
943
2096
899
984
1959
857
1980
1951
928
1948
1990
1445
2107
940
951
925
2003
856
2060
1020
907
951
1989
945
1954
2059
1519
2010
2014
1935
857
1873
1999
938
1965
2030
2032
872
1988
2010
889
2020
2049
1481
2138
2016
979
2028
883
850
852
947
951
1989
945
887
826
1897
2123
2024
844
1955
873
1934
2075
943
2043
958
2000
2162
1857
943
2099
2574
2065
1944
1357
1946
939
946
882
911
940
2072
1990
924
930
995
2014
2005
925
2072
1915
883
882
873
1967
2112
965
1945
832
1860
853
1029
960
2032
2067
1535
1512
908
2272
2086
865
880
848
1960
2077
2059
927
1996
1875
1933
1547
1942
1915
1999
1953
1383
926
960
968
888
1939
1872
868
1948
2086
1358
1413
2018
2035
1014
958
892
1904
855
1934
945
1886
2277
924
950
850
2616
2058
1477
1419
938
1957
2039
927
2128
1956
1904
1875
1949
893
2026
2100
1365
2099
1895
945
919
962
1878
2058
888
874
1016
2032
2081
1439
914
1863
2027
2006
1527
2032
1905
878
898
2035
2115
896
878
2063
2066
851
913
912
2083
2026
1484
979
2023
2020
952
1905
866
899
1949
1959
2036
902
2025
2091
1604
2069
2138
845
2022
1941
1966
2004
969
1999
913
839
889
1892
2086
953
1412
1476
2233
2092
934
2021
2063
848
2088
2212
962
926
979
2060
1895
871
1944
1962
1919
1390
1894
1993
898
967
2076
2041
2013
1890
1891
1871
924
1017
1364
1538
1925
976
924
1073
2108
2190
911
829
1988
911
972
2072
898
898
1575
1956
2062
1928
2118
1878
1909
950
2048
2016
909
842
882
1916
942
2122
1504
1957
2066
1460
2089
963
961
1985
1988
1915
1935
975
2086
1525
2043
865
1578
1534
2049
1978
2018
2098
1972
2081
2117
972
911
2014
2056
820
920
902
1370
1414
1981
1387
1991
2002
971
2044
2045
882
962
1532
2024
2087
855
851
2687
2013
1916
2079
864
1953
1991
923
1034
942
2040
871
838
1858
2142
934
1352
1982
1478
908
2045
2065
1943
964
1903
1991
940
917
889
2097
988
874
1482
2047
1545
1864
841
875
1967
969
955
912
2022
927
2060
898
2013
1971
1399
1913
1463
2176
1948
1003
978
1965
2038
1933
2103
934
975
1969
1920
1887
1696
2038
1544
864
2077
1913
965
960
922
954
931
883
2020
1998
2239
2088
1467
1380
1536
2012
2001
917
1908
2070
1847
1957
908
936
943
925
921
890
2254
2039
2201
890
859
2140
2088
878
2017
947
957
1954
1870
1942
1934
1997
2656
1384
2169
966
2061
2274
2127
879
1844
871
1980
960
1400
964
2012
1909
1667
2043
1461
2100
1967
866
958
917
1951
925
2087
2039
1975
842
2166
954
2105
1478
1971
1934
957
2118
2027
878
839
890
2007
931
895
934
2042
1995
1974
1461
1930
2074
2137
889
2084
2005
1948
1977
1928
2001
854
845
924
976
2014
2042
1482
891
1504
1923
890
851
852
1880
986
2058
931
1986
2070
2056
2095
1527
1614
1344
2087
850
2030
886
964
946
947
2032
867
885
945
2154
2017
1962
1533
1419
2057
961
1978
1891
829
1868
912
952
1882
922
916
856
2662
2108
1648
1945
896
1978
2136
2032
910
1472
1051
1898
2004
5304
932
952
2643
1926
1509
1466
1957
2092
913
1986
1892
880
930
949
2098
925
967
887
1524
1528
1919
1907
1895
828
1964
2005
1994
2040
2009
882
847
824
2058
2074
1460
845
1000
2071
2319
918
884
877
1974
858
940
918
2036
913
1947
974
1529
1517
1896
1299
2073
2198
925
941
2133
980
1956
1925
1967
1949
1986
931
1395
1409
1986
1996
939
1952
1847
883
849
2010
913
2058
961
2073
936
2015
1538
1969
1550
1999
861
848
951
1996
905
2024
898
1981
856
875
907
1945
1447
1472
1564
1474
2129
2042
905
2003
1895
894
1915
934
2103
1047
942
918
2005
1485
1996
1308
913
864
966
916
2053
2123
1959
999
1873
2012
2007
958
2046
1561
2009
916
1982
1932
2004
1965
833
2219
908
992
920
925
2020
2003
2157
2554
1454
1348
1897
849
2016
1943
922
964
1906
1957
2025
977
903
965
1398
1490
1551
1541
2120
2027
883
1926
2044
888
2021
2093
910
975
936
1895
1527
1930
2037
1989
2008
845
2112
944
912
991
2061
886
834
1988
2097
1993
1425
1859
1516
2095
975
938
893
2002
2174
2096
945
2049
927
951
1964
1924
1541
1484
1460
1944
957
2000
2170
2076
892
2005
928
888
1974
1954
2067
2051
2623
2048
2051
990
971
2002
1940
837
1830
1963
914
2079
976
957
2092
897
1641
2030
2009
2073
1910
1914
2042
948
1936
986
1019
2022
833
868
909
962
1407
1994
1538
1979
2055
1967
907
2015
1913
870
920
2091
2080
1001
891
1954
2086
1511
1485
859
943
1902
962
950
918
2038
926
883
834
946
902
2081
1426
1392
1575
2056
977
2044
1949
1927
801
863
914
1992
969
2111
904
1991
2013
1472
1949
815
863
866
2083
956
935
1956
947
901
1854
903
915
967
2585
2019
1505
940
2044
893
1985
855
2035
1882
894
968
1027
922
948
1872
2051
1484
1525
1957
1914
844
896
957
904
955
1960
2024
1518
883
2032
953
1502
1401
1617
2091
1033
925
2010
845
849
900
923
938
2137
1959
1947
893
1495
1507
1503
846
1950
1960
960
978
925
943
1942
891
1972
844
968
961
1638
1376
1526
1980
973
1053
904
2008
1920
1971
2071
2053
2003
1972
906
883
2681
2065
2039
2073
2008
2018
972
1931
2014
2003
907
1889
881
870
1946
1966
1473
2004
1644
2028
2048
960
875
841
1991
857
2092
941
1931
2047
921
1960
1493
1970
1582
1981
1029
1957
956
2019
2117
2064
2040
842
815
888
960
2174
2036
1880
1914
1913
1920
951
2125
1915
1950
1997
2080
2025
1956
933
2092
1964
2045
1636
1516
1896
1898
1916
935
971
907
957
910
874
845
874
865
2161
1979
2019
1578
948
961
960
865
1927
856
1995
880
948
884
974
2023
873
1530
1442
2061
840
854
928
2185
1334
1349
1992
1981
2002
834
890
933
2122
1403
1932
2063
1516
975
2039
914
1958
2019
1969
915
1956
1031
956
1994
1985
1539
1493
2013
1993
854
915
950
2064
2056
2169
2130
2107
1928
898
1051
1016
2553
1956
1949
2086
988
1018
1953
1953
854
970
2096
2033
2062
2049
871
937
1506
2034
1458
1375
1988
834
966
906
2032
1987
1932
881
2053
834
1440
2079
2036
1820
2008
1992
968
934
1954
827
1870
885
1959
965
1063
2058
926
850
1501
1711
1523
1971
904
1952
962
2137
1928
2142
947
1903
841
2036
919
2014
2005
1386
1957
903
2090
2059
2054
1909
844
1921
1978
978
908
937
902
2054
2124
1510
1432
1402
2108
1895
1924
915
2091
940
2002
1965
1980
875
921
2078
1408
1841
1989
2150
2052
947
1468
879
803
893
2070
985
944
932
946
891
2249
2052
2033
2028
874
898
2126
1990
2066
928
885
1848
1963
1904
1996
2052
1583
1369
2076
1459
980
2006
1925
2014
1917
2040
2113
924
890
923
990
924
1638
2116
1874
1934
2003
1932
921
885
2060
928
930
2012
1980
885
2102
910
1424
1409
1579
1457
974
2023
1901
1875
1966
2010
905
936
955
972
913
871
1948
1495
1502
1906
858
974
1997
934
2073
941
2093
1930
875
888
900
2036
2008
1886
2087
914
2064
951
1940
850
1833
905
1933
948
925
2003
909
825
1973
1477
1481
878
1987
842
907
2090
888
2125
2043
2094
878
886
877
2021
1475
1384
1499
2029
963
1940
898
899
848
1988
897
1530
2030
1536
938
1950
1955
1624
1452
1850
2058
1915
989
2096
1936
970
1985
1953
966
2051
1967
2102
2011
1555
2070
2032
2005
975
919
1885
813
887
919
1972
963
1986
896
856
1575
1515
2005
882
2177
874
926
894
2013
951
2052
866
2005
1930
1572
2103
2827
1984
1572
1945
2101
899
912
845
1954
1974
908
2087
2076
979
950
870
2002
1423
1920
1977
2027
1064
2055
1996
2215
2003
946
1963
955
1925
2015
1330
2097
1558
1522
1966
1988
879
1444
949
2043
923
2016
1868
1935
864
897
934
1360
1445
1475
2004
2013
2114
2106
1903
1872
1913
1009
2086
984
960
1993
1930
1940
1512
2002
1378
1921
879
895
1957
2040
956
1983
2041
2064
829
2020
925
1961
1525
1913
2158
2073
2139
952
1954
904
1968
1976
2151
2108
2112
1906
1845
1457
1518
1489
920
932
872
1914
1092
1931
945
1985
1909
910
1955
913
907
1347
2064
2011
2021
2004
1956
1984
879
881
854
2048
1993
2181
937
978
830
1915
2019
1460
1342
815
1926
909
912
2055
1995
884
797
873
940
938
956
1871
1951
1455
2103
937
992
2009
2028
999
828
1978
974
956
1978
889
1931
2688
961
1372
873
2010
899
881
948
956
967
1964
862
2028
1957
931
928
2018
1869
1478
2070
961
2071
1986
1974
2146
1895
996
888
983
2024
1937
834
1988
1639
1487
911
1961
2056
2008
904
2058
953
964
869
861
2009
2139
956
1857
1423
1967
934
911
1010
914
905
1943
907
1935
2019
957
1980
982
1968
1518
2722
2010
900
851
846
894
941
1946
928
1894
890
2029
1976
2030
1932
1400
1408
1922
2111
2038
954
915
877
2005
833
1948
1944
991
912
1997
828
2020
1544
1475
1918
1863
894
900
2061
916
2075
914
1953
869
1946
966
961
2044
1905
886
1963
984
896
1948
866
1978
845
1989
2005
1996
2037
2046
851
1479
2057
1502
869
846
868
2166
1952
972
968
2000
2030
904
1947
951
1955
1364
1440
2023
2021
953
2030
2110
849
920
813
947
2105
2144
1940
892
1874
1494
1492
2141
2020
1947
1910
918
2022
994
975
2003
844
1568
852
1988
2120
1385
2130
1980
2115
920
933
2136
909
1917
2016
1979
891
2034
1955
1917
2003
2656
1621
1544
1964
830
872
920
2089
1983
924
903
798
2194
1959
943
1945
2484
2039
1467
2193
2066
981
2098
2166
840
826
971
2128
936
2000
1891
836
1496
962
1979
1999
843
1877
889
926
1984
996
870
1917
1906
824
945
855
1369
1402
1485
1954
1006
924
2263
984
2007
2026
949
1449
976
1914
873
850
1643
1662
1555
2143
849
1897
896
2062
979
2059
949
2002
919
1923
2117
909
2000
1395
1974
939
917
2028
887
885
1854
1841
980
912
2033
1998
1994
1973
1439
1505
1515
2035
841
861
887
2128
979
2182
1035
833
846
854
1987
953
1584
2123
1459
1490
1986
2142
936
828
1928
868
1921
1952
1014
2055
2058
813
1945
2029
1510
903
1924
2013
1863
915
965
930
835
2066
2015
861
936
874
1321
895
937
935
2049
945
2101
845
925
854
2070
922
2060
924
917
867
2088
1588
2624
834
2004
925
1977
2119
955
2072
854
848
1856
865
1951
912
1978
1424
1484
988
2004
2047
1951
1883
866
830
956
918
960
2160
1998
1975
2631
1636
1533
2005
2054
2107
2029
940
922
1359
1897
1907
1942
847
939
2307
2608
1383
1480
949
958
1019
936
856
1980
1994
2093
921
2138
877
883
867
1993
1505
2044
2056
1993
1910
1961
2012
962
2179
856
886
1932
2021
952
1456
1364
1479
2112
1520
981
1982
966
1930
2067
1976
2068
1958
948
1942
909
2076
1473
2004
1998
2010
1993
2057
879
2132
1998
1970
931
1960
1904
1976
961
2067
2032
1610
1490
950
905
2002
924
2009
2059
2054
2034
943
936
1031
2092
857
2048
1513
1876
1424
866
1933
2049
2048
948
937
890
1954
877
832
943
925
1361
1941
2070
2067
921
1999
1883
866
852
851
1005
2102
2034
2134
1887
838
1986
1518
1503
1985
2029
1895
928
921
1981
946
989
2005
880
1960
952
952
1492
1432
2001
980
958
2054
1945
1858
892
1899
2061
2119
2260
1933
898
1979
1540
2069
1907
866
2011
1999
2007
943
2063
926
930
854
897
2136
2102
963
1461
1422
1483
1993
935
949
1021
853
881
1919
952
1976
925
1913
956
1948
1457
1638
1627
882
835
831
2007
936
966
893
965
853
1886
860
2011
1954
1372
1424
1922
1937
942
2184
2086
900
888
845
998
925
953
940
1968
1980
1630
1919
1915
1924
820
1958
1934
2024
947
1993
1923
871
867
2050
1372
922
1995
1532
2038
899
2075
2276
922
885
1891
807
1997
1975
1970
901
1984
2067
1473
1689
2130
1943
1380
876
2024
2093
971
2121
1953
1916
1439
1838
1963
907
1980
1951
2067
2144
2067
953
887
2021
900
806
2127
2095
1985
960
2071
855
1496
2096
2109
1916
1910
1883
1971
1045
957
999
1979
882
890
1879
1979
2119
1532
1959
2261
944
1956
985
2010
1955
1853
1870
945
2008
1033
2047
2008
815
1478
1987
1564
933
1881
1871
2291
967
2025
2058
1944
832
876
1897
1934
1913
1385
2000
2047
938
2079
2060
920
872
854
1873
2108
1440
1996
958
903
1921
1531
1492
1497
1339
866
1888
1954
889
2169
933
904
2022
847
1999
2046
953
1991
987
1988
2135
928
963
1995
840
915
2050
1977
2059
904
923
2011
1933
1448
2083
1556
882
1937
874
2168
986
2003
2043
914
2047
859
853
982
968
1863
1500
1461
2055
1494
970
2043
2005
2084
1908
1997
2138
1506
964
1894
871
1590
1963
2114
830
2014
846
2028
945
964
968
1998
1956
878
847
2103
926
1373
1480
1499
952
1958
1999
921
1830
896
1921
1959
2164
2032
2040
864
865
2780
1554
1512
1967
851
882
920
2068
973
1992
872
833
879
1874
928
973
1382
1868
1944
2110
2020
930
1009
2034
887
1973
2059
2096
2027
1970
915
828
2017
1567
1530
874
874
1913
1894
963
2116
2025
868
847
906
2068
911
2064
2019
1912
1532
1904
2110
2041
890
2029
1927
1987
2094
934
953
984
950
1978
2011
2026
2016
831
845
1905
1952
2005
1992
931
982
863
2001
2087
2068
1017
2132
2041
1988
960
2050
971
986
1999
2045
1865
2097
2024
927
911
1978
2025
2009
1505
1486
859
917
903
2035
2142
965
2053
2101
860
1940
1898
888
956
1431
2017
2061
921
2120
933
843
899
840
943
889
2155
887
991
1992
1894
2812
2040
1474
1925
862
1414
2059
1049
2004
939
1969
1865
1916
885
2050
2108
1401
1398
1585
922
2064
985
896
1930
826
874
2050
991
929
957
2068
864
2029
2015
1998
1863
1933
1993
1996
2105
2033
972
2020
2055
848
915
926
2060
1943
916
979
950
978
4053
1412
824
860
896
2084
954
2179
967
982
2091
2101
2062
1449
1924
1451
1833
1906
2071
2033
2093
894
840
831
1899
927
960
2079
1366
1658
2082
2170
899
2126
853
1908
995
921
975
973
941
950
1871
1579
2124
2039
830
1994
2005
1956
1018
1964
974
917
841
893
1963
2277
1038
1441
1381
2032
974
956
962
1942
1823
819
1887
2044
1018
2072
1488
2077
1426
2068
2195
1464
1887
894
1877
2189
2021
931
926
2076
857
1983
2055
877
959
1431
1924
1531
920
2067
989
893
1946
2082
1912
924
1955
917
2038
1954
2046
2731
1531
1469
1971
890
1945
1983
1982
897
1967
2012
902
1878
1982
1989
960
1428
1404
2087
951
982
964
1980
861
1968
859
903
988
1956
2050
2141
1971
1982
2031
1496
1939
1936
866
964
2074
957
1012
2098
2047
827
2008
1897
2046
1399
2083
1982
1368
963
972
896
875
1940
888
922
937
2039
2128
2023
1984
1588
2213
1619
1916
860
1846
929
943
918
2044
935
930
1908
913
2001
2274
1959
1938
1555
1416
966
2131
955
918
1966
2136
1948
993
998
947
1979
901
1525
1957
1908
948
1836
2065
2038
946
2104
959
1039
901
2089
1987
2099
963
1945
1853
2114
2046
1948
2012
2039
859
878
871
919
955
930
945
2055
956
1546
1476
2023
859
1997
826
953
2017
954
2127
2106
865
1822
859
1925
1951
2016
2043
1530
1473
2006
2005
2026
875
1954
2019
2008
963
1991
948
947
1870
1513
2019
1922
1968
861
859
958
2048
918
922
2128
883
866
2055
947
991
2004
1992
2094
1928
2069
978
856
2010
1832
2031
1986
955
929
942
1000
893
1524
2002
1876
1382
1911
946
953
927
910
969
962
1949
2002
856
1940
978
1420
1935
2091
2044
2063
944
928
1972
826
1966
915
966
965
2246
1925
1916
1546
1513
1868
1891
981
884
971
935
930
955
937
891
2036
883
2020
1947
2039
2081
2103
948
2091
1979
1902
1865
1878
863
1945
964
900
990
1421
1871
1557
2081
2055
1309
1985
1937
961
956
919
955
960
916
1992
2057
1948
978
1923
1387
1976
2003
2013
1061
2098
1965
1962
884
2094
966
956
1505
957
1958
2067
2082
2016
1915
877
832
2064
1995
1969
958
950
1378
878
2130
2096
2160
2232
2010
2008
1007
947
2109
885
869
1927
891
945
923
2062
981
1991
897
1970
2055
1983
867
923
1852
951
2123
945
940
877
867
834
898
2061
2337
1434
1914
1556
2018
1943
936
978
849
864
874
938
2004
2102
924
891
2107
1568
931
894
2059
871
1959
909
1979
1927
2159
1989
2079
892
2022
927
969
1417
1404
1480
2118
984
915
1987
1908
1978
1994
2054
958
2079
925
941
2020
1584
1487
2578
886
913
1965
2001
2067
1948
937
1988
2021
2027
891
2017
2105
2654
2009
1528
1542
907
1901
874
908
873
850
883
2008
935
974
916
884
1756
1621
1482
906
909
1865
954
2033
916
1021
1965
1972
1859
911
1932
1048
2065
2017
2013
2043
994
966
897
1890
814
878
2005
971
919
2019
2054
877
2074
1518
1541
895
892
837
969
2086
876
942
1911
867
890
869
1920
2036
1939
1419
2030
2054
957
949
2066
1859
834
875
2022
945
1933
1996
1989
854
2073
1933
1453
1976
2017
1985
1022
977
918
2100
942
879
1983
840
914
1986
1427
1398
1563
1916
969
929
876
1912
823
2021
2044
2068
900
978
2069
2083
1948
1978
2126
1352
1991
1944
1970
1032
1937
930
924
1906
1942
1945
2023
2076
2077
1903
1976
1933
948
939
897
1904
867
865
900
945
2059
975
1987
871
1524
1516
2029
1921
1961
1954
2130
1951
2045
2166
887
870
851
2049
2072
928
1416
1868
1549
954
2153
1953
929
886
1863
1958
2044
2086
2125
1982
927
880
1573
921
1930
847
875
2008
957
2117
2023
2086
1929
1916
836
2089
911
2057
1419
1513
1516
2204
931
928
925
819
831
870
2067
2150
2003
980
2047
1980
1986
1527
2017
1901
1899
2100
957
2300
913
2032
941
2023
2006
2022
2033
1956
1403
1414
1673
932
963
960
873
1944
842
1973
2059
982
960
2010
2032
876
1516
1997
1446
1998
1993
860
2136
917
1956
2026
1971
844
868
2024
2053
916
1415
1923
1514
940
863
939
970
1975
2025
1835
1898
930
957
2002
997
1870
2035
1489
2119
825
2041
843
975
923
871
2108
908
856
874
1927
1502
2095
1418
2039
2035
1933
980
1983
904
2101
873
856
911
2132
2143
2019
2135
899
2137
1986
2077
892
901
1955
1075
948
2018
2019
1952
2095
1988
843
906
2075
1415
1537
1564
2022
2092
932
905
1868
829
1941
920
960
945
2034
1981
886
2135
1980
1995
1429
884
1997
984
900
906
910
2024
1904
814
840
2050
2331
1421
1961
2042
1462
2007
1968
2226
894
849
1988
2025
930
1942
933
1989
2017
1617
2053
2055
1966
887
1889
2082
2018
933
1986
928
1847
2018
818
2002
975
1468
2072
1522
876
1953
885
2023
983
1987
2116
1967
1874
1923
1975
1985
2105
1432
1484
1503
1555
954
971
2098
841
884
1932
1967
963
1980
1050
1952
1948
2002
2196
1528
2005
853
870
899
928
2135
1036
2060
867
1945
853
1057
2015
2522
1428
1472
2163
976
2053
2034
881
1916
1818
943
1992
2088
1048
873
838
1458
2058
1504
1377
823
896
889
2080
2051
963
1946
1852
869
850
920
1937
1325
2038
1507
960
2039
2037
873
1910
1880
833
1057
1903
952
1978
1915
1980
1977
1494
2051
1386
1968
1865
890
943
952
886
2070
1915
1901
1985
930
969
1384
1428
1474
929
930
2024
2028
871
2029
1924
1987
908
2065
2035
886
1957
2067
1999
1522
853
2009
858
2034
988
978
2038
1997
1943
1857
856
2001
939
1368
1389
1458
947
925
2126
949
874
2005
1991
910
2015
1057
932
2009
886
1451
1490
1976
1902
2191
890
2110
943
2036
945
2013
2066
862
832
966
2027
1915
1419
1429
908
930
2048
900
1972
872
877
1962
923
2121
1988
1952
896
1614
1983
1657
2023
1910
1844
919
965
951
2004
850
1974
817
1974
936
1994
1359
1907
1624
1488
1920
954
925
877
1893
1927
944
2109
958
2167
914
825
1592
2084
1528
1952
2001
1845
2117
954
2023
931
2006
2029
881
1968
1986
2110
1974
1878
1501
1940
958
2062
2027
1998
2010
1868
943
960
2015
1032
1995
1898
1485
2150
1996
1500
2040
2033
1963
931
958
2048
878
833
878
1253
952
2037
1400
1405
1499
960
967
967
895
880
882
1245
1988
1948
2014
1986
2020
2030
1532
1621
1944
1935
843
1970
1919
937
987
2088
925
862
895
2008
933
960
1349
2065
1467
1966
915
931
884
1933
966
857
2095
971
2053
913
2003
2026
2243
2144
1564
1946
820
836
2055
1988
942
1930
903
903
1861
835
960
940
1985
916
2150
2115
947
2088
2062
868
962
863
928
935
978
2027
865
864
1453
2057
1991
890
2010
2020
2038
953
1498
2000
868
1876
1958
846
2016
924
2031
1970
2051
2119
1939
2026
960
871
853
1900
1006
918
922
977
907
1833
1547
2078
1979
1968
880
879
2073
996
955
917
2081
828
856
1914
912
1997
2573
1405
1488
1055
960
999
945
1966
893
1860
926
1914
1930
1953
1918
869
2030
1534
1994
856
838
833
930
958
1000
960
1463
2046
1972
859
952
2104
2510
1522
2134
1984
936
937
1932
1880
2071
895
1990
2028
2086
934
924
2004
1907
2039
1928
1459
1913
848
923
2063
2111
1901
2061
863
2010
839
928
904
1487
1410
2244
2121
958
2076
1954
842
909
1906
982
1022
920
2097
2032
1851
1624
1529
1985
1910
898
2007
1970
946
2005
2044
894
2026
868
865
2008
1011
1325
1976
1891
2068
933
2049
916
2026
875
919
898
902
963
942
928
2018
1536
1999
1545
1890
1884
1898
1940
957
2019
2002
1861
851
1966
815
936
915
1415
857
2092
964
926
2084
1998
2062
879
1890
931
1996
1952
2006
2083
1987
2098
1500
2096
2117
868
883
928
972
960
953
945
2023
947
860
1476
2099
1372
1984
2012
1960
890
2006
1899
906
2047
2057
987
1008
2051
885
2060
1890
1678
2043
1659
1389
899
867
1911
969
927
846
904
857
893
825
2038
874
1926
2011
1498
985
876
2053
941
2017
877
838
1989
2034
980
2004
890
882
1445
1520
2085
862
2037
843
918
988
1950
2013
2029
831
872
1999
960
2071
2519
2005
1440
952
947
2121
1943
2027
2030
828
969
963
968
957
865
881
1976
2048
1943
1896
1835
1961
2089
948
1949
1926
1878
858
1968
899
2126
909
2504
2154
1502
2021
936
972
905
879
881
848
1961
2197
1997
2014
868
1941
1471
1485
2009
2063
895
960
970
958
2065
1500
928
1838
1888
1935
2066
2094
2544
1452
1477
964
2064
1014
927
2051
1955
842
959
985
2023
1932
882
866
1877
1508
2006
911
853
1956
892
974
2047
2061
860
849
844
1999
960
936
1970
1445
2063
2087
860
2058
953
865
1999
850
948
967
2061
935
909
2125
2002
2042
1890
867
857
884
891
1324
951
976
898
2000
1955
1967
965
2026
1432
2006
2082
939
1951
2131
1963
1963
1968
815
2032
938
1982
1985
2003
1965
2019
2091
1569
2031
894
1903
1940
2000
2050
1034
1897
900
890
1875
964
915
1463
1430
1457
959
961
1024
955
876
864
2018
940
1924
1943
2081
908
945
1471
1539
1498
2070
867
2082
2082
2063
2057
2051
1912
1870
933
847
2153
2089
2088
1407
893
976
942
1952
906
853
1987
861
2049
2212
951
2125
1941
875
1908
2043
1598
923
2103
903
1039
988
1999
939
891
1853
857
879
2056
2076
2012
1902
1886
2015
2055
1001
2057
2070
896
1420
1958
1494
1496
1588
1523
863
1932
2276
1989
2112
2097
860
922
950
958
931
897
1866
890
1393
1959
2159
2030
1446
1461
2058
2065
2007
1037
878
864
969
1950
958
975
2050
912
829
1558
963
930
2066
960
880
1992
989
991
1011
900
895
2007
1577
982
960
2519
1970
1524
958
990
2206
991
875
867
1863
2055
898
942
2080
1445
840
1477
2075
1527
1976
2013
870
930
2040
998
1954
1947
1993
2017
1956
2098
2173
2622
2007
1882
2011
939
1955
1922
1902
2045
1940
2078
2055
1981
974
888
877
1986
2025
1639
869
852
894
935
1952
966
1983
901
853
2042
881
2103
923
1930
1897
1512
936
942
1002
928
2060
1981
2106
2104
945
931
908
2084
874
1457
2060
2000
1445
1929
911
2089
986
2141
987
1973
1897
870
2002
999
2077
1446
1473
1456
2001
1965
1957
1966
1888
870
1988
974
962
1005
923
878
899
2844
2039
2078
1872
943
907
945
1914
921
1370
915
1895
1894
1965
2009
2169
1460
1469
1507
2110
2022
916
2007
879
2052
879
2023
2076
2121
970
1936
2008
2656
1982
1972
1919
2044
2052
949
2079
2150
2117
1956
879
2003
888
2005
1991
1416
1880
1642
927
2144
1972
2076
889
2042
884
926
955
952
2226
947
1985
2110
1959
1510
1917
901
1941
2134
932
911
2041
2049
869
895
874
899
968
2673
2011
1519
1021
2219
2068
2152
1880
1831
912
1868
971
1014
1971
2185
2015
2184
1476
1994
1980
879
2057
986
963
1951
2114
961
898
830
1458
932
904
1415
1445
1582
1013
998
2102
1887
1881
845
1944
919
963
899
970
915
844
2042
1938
1477
1955
905
1999
2123
922
932
2010
1992
872
835
2076
2131
1995
1445
1941
2119
997
964
940
1862
1971
827
1990
1992
962
952
997
1040
2009
1598
1473
2097
837
902
860
1964
2118
923
2038
2154
2031
811
900
912
933
1452
1931
1527
978
1015
2018
1940
2028
826
867
903
1009
2045
926
1956
1894
2095
1539
1956
2007
899
890
1957
934
2126
2082
929
1936
1916
2001
2045
953
2039
2022
1531
2011
1986
1981
2036
862
1940
890
901
932
963
2060
989
937
1511
1515
1984
894
932
849
2054
929
936
918
1946
1961
892
2056
1952
900
1953
1974
1974
2041
945
955
969
2020
951
2055
899
942
1937
954
1946
884
1979
2013
1983
2084
895
1996
2040
2051
940
1936
946
2108
1950
1984
1979
952
1951
1877
1936
1963
961
948
898
2020
2024
862
916
938
957
993
994
918
2154
1522
1906
1913
874
871
2011
2117
923
985
2116
857
849
1904
2125
983
1966
1397
1661
1979
2276
2055
920
885
1999
1934
914
1950
1981
942
1493
896
1937
1996
1947
815
2078
2026
920
914
919
981
938
871
843
891
2073
2055
2567
2081
2076
1014
975
2080
2083
1885
862
1891
1910
2074
2025
2259
928
884
2097
2100
2038
2150
2078
1875
956
1993
904
967
2051
1878
855
2006
894
923
1424
1509
1558
2096
2045
2161
4809
814
1852
874
944
1977
2005
2055
2045
870
1504
1511
1466
1867
1936
1979
944
2110
2064
946
971
853
881
1993
886
966
2104
1967
2052
919
932
923
1013
851
830
858
985
1065
937
947
950
1856
1506
1544
1868
1989
1997
839
2168
1996
1977
1963
2079
1860
1975
966
2053
2105
1451
1428
1992
2160
1995
1961
899
2051
837
877
913
1996
909
963
915
853
1514
1523
1586
1935
896
819
2024
984
2054
1027
2100
1976
936
884
916
936
1430
1407
1930
917
947
921
978
824
1852
859
2200
2077
2081
967
1445
853
2704
1518
1499
849
1985
1856
1939
2048
970
2081
2066
911
1913
901
1978
2090
1381
1386
1508
2112
1976
1947
1948
1825
1996
872
890
921
933
1024
956
2001
1504
2053
2060
1863
884
850
925
1961
1965
957
2041
1980
2107
2024
919
955
1448
1475
1488
989
2029
1484
2012
866
835
1998
902
2070
2288
946
1990
1889
1969
2008
1941
1879
1965
1911
2127
906
2109
908
2053
2156
2022
1898
2064
951
1424
1386
2100
974
2052
956
866
1901
824
882
1952
1957
951
2103
1982
969
1839
1584
1449
1871
1900
2006
2045
926
899
2176
897
2011
2032
860
906
942
2064
1913
2047
947
933
875
897
850
1979
1998
2043
2085
1969
1993
2096
2068
1541
1508
1485
829
867
2038
2075
1942
900
923
895
883
1881
1933
914
2015
1448
2000
2054
985
976
896
899
1941
1381
836
890
1970
2032
1997
905
851
1491
1966
1493
1876
886
850
943
904
1932
1950
934
2026
1989
879
977
947
2076
1352
1645
1408
1007
2127
2007
1969
830
1940
926
943
2003
2113
1003
887
1606
1494
1443
1959
877
1950
2041
965
880
950
855
878
1931
885
900
1915
1481
1406
1554
1932
1928
915
1999
828
799
1963
870
961
927
1372
956
886
1570
1478
1501
836
877
860
943
902
2030
2116
937
1663
1931
860
1959
1989
1550
2067
2165
2058
2186
2093
1983
825
1812
2064
923
2115
2027
2259
2016
862
2008
924
913
1974
848
1892
963
1936
1901
929
895
1927
919
2001
2086
945
1407
1389
1561
1004
2059
2032
1905
1874
870
881
1996
2210
2039
2062
2010
884
2075
1606
1909
848
1857
832
957
2051
2084
1969
1934
867
817
1943
1958
948
1394
1887
1634
925
2062
2174
2107
1862
837
896
2090
932
959
2060
2107
974
1542
1486
1995
1920
2022
1855
951
928
1950
1987
1953
1918
1909
1964
1989
2138
2118
818
945
2101
975
934
1900
1934
825
1995
2025
1996
1961
945
1990
2049
2316
2145
2116
1959
937
815
932
2090
2076
2003
947
1927
1925
971
852
930
1509
1389
1561
1989
2143
1917
2011
1997
829
882
2109
2047
1016
2036
2177
2042
1984
1956
1846
866
984
826
966
1987
2163
2087
2093
902
843
2146
902
905
2248
1863
1943
920
970
1940
1981
938
1940
1986
1920
2186
927
874
894
897
1566
1948
1950
826
844
1963
966
927
1941
976
885
2106
2063
911
901
2224
1389
1381
1565
920
2094
910
1914
853
848
2013
2031
968
958
2048
1503
845
1515
1485
2000
895
890
865
2086
1917
2032
2150
2013
2083
842
855
1936
2048
1388
1420
2148
1933
994
942
901
2019
2025
2025
1828
2046
1975
1996
1968
864
2787
1502
1458
1967
961
825
2038
921
2058
906
919
2176
844
1909
938
959
2094
1962
1542
2057
2325
846
2026
2075
861
865
910
2002
1030
2002
954
874
2000
1508
1992
2012
1875
1861
2083
924
922
936
1975
2076
881
883
1945
949
1975
1983
1512
1969
1955
2050
868
1942
824
2027
901
2107
950
1974
1972
883
1899
1511
2005
959
2014
2229
2067
1938
1880
2031
2054
988
2137
2045
1934
1906
2013
1564
2099
875
2238
2066
915
2137
2123
1931
881
1846
897
2039
923
958
1367
2649
2092
964
2003
993
909
1902
903
937
957
2018
962
903
1988
2023
2004
2110
1560
2004
860
2059
1956
924
2100
941
940
1926
885
868
925
1975
1355
2005
1996
963
966
1006
2140
1948
1881
853
1964
2087
975
956
868
871
1454
2155
1482
927
1942
2022
1919
1929
982
1936
1984
1990
2138
1953
2140
1972
1344
1470
1457
2111
928
2019
974
884
852
860
975
909
1978
884
1894
840
2546
1935
1551
885
848
828
922
964
953
2110
899
878
1953
919
926
2034
2017
2075
1891
2041
972
2007
2106
2038
856
1956
1678
2157
960
2006
878
1840
1920
2059
1533
1446
1882
1983
931
916
943
935
1989
858
842
917
1999
961
2040
2029
1580
1506
930
2208
953
876
851
1856
935
954
1998
923
1956
827
2088
1525
1500
2014
879
2052
2051
976
932
947
2060
841
1880
2049
953
2196
2493
1847
1976
2072
1915
1966
877
1978
885
1965
912
985
2136
941
922
1943
2000
1523
1481
2051
902
2004
1879
961
961
940
869
846
1485
1970
953
1487
1362
1421
1975
2087
935
939
2051
1924
1954
1956
2033
1987
914
904
1924
894
2037
2074
2026
901
2159
2028
1952
2001
948
942
857
2161
880
835
2049
1957
1418
1960
1515
944
2134
2133
2020
1994
883
1815
973
981
1937
967
1970
1951
1448
1517
1493
1954
1973
889
967
2058
2184
1978
2097
1881
864
1960
2080
918
2064
1452
1467
1577
1972
2046
1984
1273
1892
2003
938
965
959
2159
2007
902
1510
2056
1527
1978
847
2019
2073
960
1947
909
2018
843
869
1977
2063
918
2562
2087
1583
1968
2287
915
2113
824
1946
1892
1925
970
1972
927
884
1938
1534
934
1971
901
1975
866
2247
948
2124
2058
1998
825
861
1970
1993
983
1380
2139
1493
1494
970
2130
909
868
1914
2036
2013
929
2015
1907
1957
838
1927
2056
1511
2217
902
890
911
971
916
2059
890
2044
890
920
976
899
1348
1500
1940
955
985
948
917
888
924
874
956
914
2092
922
1435
836
1450
2098
1461
1374
2029
1976
2225
2150
963
940
1997
865
838
839
2039
947
1946
1444
1467
2102
2030
959
2065
888
885
833
936
2118
936
922
1932
888
1961
1530
2147
1927
1927
882
925
1481
1933
896
2161
1898
839
2024
2024
1956
1934
1407
1607
964
986
970
2083
888
1934
842
2056
957
2112
862
1967
858
1461
1956
2073
878
2136
2111
2065
949
2077
979
947
1987
852
918
1979
936
1410
1923
1469
1964
2039
2055
2032
2006
1963
1936
2086
2032
2040
926
1424
1911
1452
2003
1528
1904
1913
1861
2038
944
2064
2093
874
795
870
1876
2046
940
2105
1479
1484
1979
912
2074
947
857
1954
2048
2037
1936
959
2071
891
2225
2636
1546
2009
1995
1965
1937
910
1995
2062
919
2064
870
2056
2016
2125
921
1360
1914
1910
1515
963
942
1971
842
2022
849
1969
1011
949
966
893
918
1970
2100
2018
1900
1879
2069
2000
930
2092
935
2011
879
2224
867
942
1956
1347
1517
1625
918
901
946
923
1873
949
795
948
933
949
936
1897
1968
2097
2064
1460
824
826
872
886
2082
977
976
1942
2086
2084
1977
944
2082
2077
1922
1926
1951
2117
2003
915
2165
889
903
939
1985
904
1939
939
915
1487
1532
1481
1924
853
886
931
961
2152
912
2028
811
874
854
926
932
2523
1939
1568
1948
948
925
1957
1984
2037
1859
2007
2174
956
2045
1971
1892
1523
1932
1515
1865
865
2002
2127
955
2088
978
2028
842
887
832
956
921
1989
1416
2089
977
1989
965
928
837
887
2017
2067
912
2007
926
1865
808
1943
1471
1970
2041
839
1959
2027
967
959
923
2023
856
892
845
932
2035
1398
1409
1467
2119
904
1000
1944
1930
1860
802
2031
2165
895
2078
882
1813
1463
1500
1967
918
1985
842
908
2061
990
2055
1929
823
1937
1932
944
954
1399
1470
1516
973
934
945
913
887
880
862
943
2075
2080
924
889
1944
2650
2097
2056
1971
1988
870
1984
945
2013
1979
1913
1397
1925
1971
2083
2115
1422
1391
1549
971
2042
945
851
2064
2031
1862
951
935
1993
1986
1913
1973
1575
2012
1572
871
1906
878
2040
2136
2088
928
892
1891
1884
848
2089
946
1947
1970
1487
2283
2016
1046
2109
1895
1886
891
1950
944
955
1944
1986
813
2726
1544
2091
872
877
2083
1986
2018
2129
2101
2050
1948
1903
1896
2017
1911
1441
2056
1479
1518
2028
968
951
2000
1933
1941
2061
1979
2008
881
855
843
2029
2079
2076
1884
1394
872
1996
912
968
2024
896
841
857
2055
985
2070
2076
1883
1916
2015
1911
1000
868
1863
2014
832
965
2229
2087
924
874
892
1986
2120
1570
840
867
1417
889
985
2001
1967
2013
1934
1887
860
929
2088
1861
1440
1902
959
925
923
2029
1935
856
1832
940
965
2063
2142
989
2014
1481
1543
1499
2015
2019
880
2104
1474
2138
931
2147
1940
1972
848
2016
1991
1934
1965
2057
948
973
1003
2037
866
898
901
953
2033
1502
2091
867
885
2115
1584
1943
1894
835
2249
906
965
987
1952
907
875
1915
847
2096
2064
1357
2010
1441
1476
2064
1977
1996
883
864
1936
941
1950
951
2034
861
881
1663
1696
1535
1966
877
887
895
1960
1928
2119
1976
1939
1912
846
969
1961
1466
1410
2050
967
959
961
964
879
2014
2020
921
912
961
934
1950
972
2043
1500
1531
1976
1899
1920
1951
966
1021
1938
907
1982
2084
1907
2144
1941
1977
1381
2022
1493
2069
925
888
1948
2007
838
900
948
2186
939
1978
2001
2052
2035
2086
870
851
1989
2072
1024
2108
1980
903
857
884
871
1930
942
1431
1412
1992
2017
2027
1031
892
1989
1983
2011
1938
919
945
1985
2042
894
2109
2096
2114
931
856
827
1996
1920
926
965
2034
1968
1966
1957
943
2125
2108
1588
1532
2013
946
975
1935
2068
1950
865
2110
969
925
925
2103
2076
2108
1509
2014
2003
851
2006
1956
1945
916
964
2028
2021
846
880
1041
953
2607
2012
1585
940
910
951
948
850
1997
1954
899
2079
1949
988
2019
868
1981
1469
1897
870
880
919
960
913
2047
950
900
869
894
899
2057
2046
1427
1365
1582
935
949
2046
2055
1835
1847
1914
1976
2077
1993
918
1965
894
1557
1989
2259
1979
854
896
2245
929
923
2075
906
893
862
1938
1888
960
1478
1446
1903
909
1907
923
1919
1929
813
1993
1937
2110
2113
2078
2200
862
1495
1454
1486
1864
910
906
946
2002
913
918
927
2037
866
897
2051
966
2570
1390
1485
2083
2091
2094
1899
836
858
1917
906
2010
909
1979
966
2014
1511
1469
1478
1950
1988
831
2074
966
966
2156
922
884
836
1991
905
977
1400
1410
1539
972
1955
915
1913
1912
1970
896
2075
1046
967
946
1900
861
1510
2045
1470
1959
879
847
2063
2012
944
964
1968
1903
855
1909
923
1506
2045
1439
1600
889
1976
2044
869
1970
1966
1989
899
2046
2146
2116
1985
928
2150
2040
2228
867
2111
855
968
946
946
2031
1915
897
860
2044
1963
931
1991
1635
1586
933
1002
1948
908
837
1406
1929
1987
990
941
1979
2010
850
1589
1489
1964
2013
2085
853
2037
913
2059
2239
1018
1939
1929
857
869
2057
1415
2072
1532
960
981
1953
1886
1933
2047
874
2063
943
892
940
1027
2063
2061
1506
2020
1350
2000
2006
2062
948
907
955
883
2006
2071
843
921
937
1483
1915
2172
904
2144
951
1931
1915
797
2062
2050
938
884
2226
1904
855
1935
1466
1922
1978
865
879
2023
2093
969
967
959
878
855
887
917
1664
1410
1991
1535
960
2178
1991
880
803
861
1949
926
2015
910
2025
1913
922
2162
2006
889
2054
1865
1932
2123
944
2001
939
2083
2041
2027
1957
2144
955
1414
1397
2176
915
2060
970
1947
832
820
851
1312
1017
1064
1983
893
1943
2042
1549
1996
876
864
2000
961
951
908
2151
906
2105
2122
851
935
2165
1540
2032
2181
1941
980
1963
880
2010
852
849
938
924
2099
2067
930
870
1506
2039
1463
1986
885
814
900
885
936
944
905
864
854
2223
970
970
1614
1904
1969
2206
2044
934
2049
2070
1952
874
919
2082
908
951
2071
855
1469
1479
1442
1355
1985
848
2034
2030
938
961
964
872
891
1887
894
1979
1441
1976
2113
2097
2069
918
871
818
2005
890
2004
2038
885
2003
926
1917
1529
1951
1957
1894
892
832
885
2086
933
2065
962
2005
818
915
938
903
1426
1946
2664
1923
1994
950
922
1863
837
877
897
2040
956
965
1470
856
1482
2147
1490
2063
1989
863
927
1914
1914
2156
1999
2105
1920
2000
1940
947
1564
1417
1545
1955
1966
1975
880
854
840
2077
1987
935
982
2142
2235
1934
1513
2026
2086
855
880
832
2010
928
2018
2149
949
1989
824
876
886
2124
2010
2058
2079
1944
955
913
2025
1988
1979
858
897
1988
1994
2099
937
875
2149
2082
1981
1350
906
2031
2139
2086
937
1992
1973
1944
1902
2023
884
2281
1929
1398
2131
958
953
946
834
876
911
863
885
900
2041
1039
899
884
1552
1513
1502
1923
1938
1854
2124
947
962
956
946
2064
832
1902
1911
968
2194
1968
1523
1451
2103
912
881
896
1920
1378
2088
977
961
1952
928
1946
2082
1933
1475
2016
866
2071
2153
968
1956
950
886
2046
1964
945
2022
2077
1930
2017
1600
966
949
945
2029
885
847
876
913
2058
903
949
2091
892
1560
2078
1924
898
1942
1950
2117
1931
926
1973
1935
1871
848
1944
2002
2036
1530
1976
2264
2087
939
964
906
1934
810
897
1444
980
928
947
1944
1966
2720
1477
1898
1996
913
1920
944
987
2108
982
1992
891
1960
867
2104
968
1415
1959
1554
2050
977
927
1983
829
848
1965
1955
968
1961
960
940
1957
1950
1952
1985
1971
1975
878
985
2137
927
1019
968
872
867
1933
952
2045
1491
1379
2095
920
1011
944
2024
1956
822
1920
2125
963
1967
961
2064
875
2039
2091
2080
1986
2019
1879
1928
881
1968
2037
967
882
1974
880
915
964
1982
1385
1528
1984
2110
1938
1993
1924
1936
891
2042
954
925
924
2101
2087
1549
1520
2069
1846
1912
816
938
955
857
2052
1984
886
858
887
885
2060
2024
2597
1477
1975
2036
955
870
1919
2047
2108
1928
1997
2012
2156
1997
887
2040
2065
1434
1356
2007
2079
947
890
2051
2155
2074
1963
1412
883
921
2137
2072
1415
1999
926
988
1980
2077
813
800
1948
2057
2121
1906
1951
898
1901
2602
2017
1559
890
2066
923
2014
948
2019
899
2054
899
1967
2073
2030
2007
1920
1362
2042
1074
936
1951
877
907
1981
869
885
2046
2123
2056
941
1904
2713
1466
1475
2048
890
1972
1964
2091
889
947
923
848
2033
1286
1917
990
1430
2118
2039
946
2093
2052
938
841
832
1965
1892
963
1954
2029
871
1962
1530
2107
1592
792
1854
821
954
2076
861
975
950
1988
908
1991
903
2056
1406
1431
2001
968
2074
915
898
1866
1862
873
1941
2124
2037
975
2146
2183
1575
1918
1946
863
2020
1981
1988
1936
965
1969
1923
1994
1980
859
946
2139
1459
1974
1923
936
1945
1936
919
2040
2185
2097
907
1880
916
862
2048
2306
1386
1398
1445
2065
2005
969
942
883
885
856
2088
969
968
942
2004
1884
1456
1550
1946
2108
887
1906
893
978
960
2042
2104
847
2046
869
1000
1969
1948
1918
1506
982
960
2130
941
846
861
1988
1998
1926
948
2093
874
1953
1493
1522
1472
1964
2058
867
2196
2145
1951
2025
918
845
1968
821
2093
1998
2086
1957
1477
934
2146
920
896
896
890
810
1038
2084
948
1972
1920
2030
1900
1543
1992
973
2080
852
2044
919
955
2073
878
2030
894
822
2085
949
1357
2057
1457
2009
1988
2106
906
1969
877
846
2006
1959
1999
906
1924
821
2056
2068
1522
2023
841
876
2055
1936
974
916
1932
1936
1917
932
945
2092
1372
1934
2011
2003
1913
1025
928
1899
870
862
2079
974
2120
909
867
1958
2786
1534
2031
2119
1937
1963
923
956
1958
1962
885
851
2001
865
898
906
2579
2004
1504
1525
2067
2089
1943
854
857
1859
2000
925
880
905
863
1925
2136
1499
1979
1948
861
920
907
968
1994
2076
904
1985
862
841
2090
926
1438
1438
1470
889
887
958
2038
882
1965
915
976
1959
936
952
1946
858
1506
2150
1999
891
2049
864
2028
955
965
2049
1984
1952
1915
1863
946
964
1889
1864
893
1997
2080
956
952
864
870
2029
879
2005
976
2025
2070
833
1544
1936
1651
1959
1996
892
920
925
2049
960
929
880
1910
849
2005
957
2093
1496
1987
921
1892
2114
919
1960
2024
1963
1972
1943
978
1006
878
870
1462
1539
1522
1880
860
851
894
974
2069
2045
920
856
888
836
920
1930
1877
1407
2093
952
2070
974
910
909
1976
1860
902
2055
933
1978
882
958
1604
1642
1996
2046
894
841
2107
2060
925
957
2270
843
861
847
944
2095
1368
2029
2083
2078
2138
952
2129
877
1286
859
1973
921
977
936
908
1873
2073
2152
2025
856
1939
893
2022
1015
2134
1939
2027
882
1976
902
2197
890
1360
873
917
2022
934
2000
1977
1959
848
2086
2119
1977
1935
2096
900
1811
1559
1599
2036
874
1918
2016
2032
925
976
921
2013
2021
818
1867
978
939
1942
1426
1470
2099
895
901
927
902
894
789
913
2020
2091
2066
2008
830
1927
1957
1560
1911
882
871
910
962
2028
1989
885
2125
894
1941
939
2003
2014
2103
1945
2001
1963
963
2076
871
907
854
962
2031
936
979
1914
883
2108
2032
1479
1984
1949
860
927
2051
985
1917
910
880
1887
1824
951
969
1388
1434
2016
2076
2088
2039
2076
873
2095
1864
924
932
2040
2131
2096
800
1484
1973
1488
1954
794
900
2005
2046
2110
966
2083
856
908
1816
944
1949
1383
1424
1963
1964
2029
1001
1986
870
893
857
928
2008
935
1912
1906
821
2227
2085
1458
1368
2078
936
2131
1976
961
1378
1849
841
1900
873
1002
2068
2111
1436
2045
1906
1037
1926
895
877
1930
1932
2026
926
1989
950
1932
907
1526
1554
1571
1486
878
899
2004
2063
2106
2074
2042
863
895
849
954
994
1397
1480
1486
1548
932
987
1995
1880
1989
1943
906
911
2018
913
2021
1970
1468
2056
1490
2070
1983
2096
2045
975
1997
916
868
810
1890
1872
2041
960
2780
1998
2045
964
971
932
1946
898
887
1930
2079
1998
1980
886
939
1883
1460
2074
1999
2070
1850
877
1977
952
938
956
941
846
898
1840
941
2131
2020
2500
1913
949
953
975
969
1952
845
952
2219
982
2040
897
903
1943
1562
2119
2233
2054
901
878
1924
1963
947
1916
877
839
1876
830
2096
2064
1424
2031
1496
2060
906
1950
1909
1899
2039
1886
2013
961
2108
2091
2044
1954
2605
1537
1517
1916
1946
850
900
2151
934
961
870
2021
1903
816
939
2110
1935
2005
2107
940
2192
966
1082
874
1938
868
1931
2017
2019
2057
2043
2074
1945
2145
1519
882
811
1986
913
965
2058
1030
889
848
852
1923
1958
1951
1379
1886
1477
927
1991
932
880
861
919
856
922
925
980
2105
942
2047
1443
1543
1999
882
888
2015
2080
2055
2124
904
1978
1869
833
1891
947
2012
1351
1389
1470
985
2214
1974
2003
1897
907
869
924
2067
925
2275
1973
860
2643
1670
2075
1858
1955
1944
2053
949
949
2049
858
849
1950
1938
934
1964
1396
2068
1507
1989
954
986
2107
1875
895
1841
2068
1035
942
894
873
850
1500
1995
2002
1969
1919
2036
2001
943
956
2012
883
2045
848
2149
1984
918
1355
855
952
1397
2150
1029
1928
878
2037
1930
2111
2072
2121
1970
1900
1978
1952
1509
1538
2034
860
1998
947
1994
945
2060
903
842
885
828
2066
928
2083
1427
1515
935
966
1399
1903
1895
1969
856
957
1963
944
958
1976
2002
1432
2036
2146
862
2047
864
925
967
947
2056
1878
1975
927
858
2036
953
1350
1415
2069
2178
958
1949
1995
2128
880
925
960
2124
960
1990
1990
1877
1904
2005
1514
946
1970
869
933
2024
1017
968
1894
819
857
852
941
1992
1925
1941
1958
982
915
896
909
892
1960
1960
979
1999
951
1988
894
1921
1463
2100
2104
881
1998
2083
913
949
2031
1921
871
847
1994
831
2044
936
1877
1452
1498
2146
953
977
1925
2078
2017
949
947
2104
2074
1993
894
2067
1900
1959
1487
2030
890
872
912
975
971
918
2048
852
858
1972
947
2098
1883
1956
1894
1463
941
955
1981
888
960
1945
987
2037
2104
2058
1905
873
2023
1560
2056
869
862
1988
894
957
1978
1907
1904
869
903
881
2109
939
1411
1437
1496
2152
928
1041
975
2033
2027
1947
964
2064
939
964
911
896
1524
2528
1945
842
875
1968
2102
909
2015
919
1910
2021
1954
906
2046
946
1424
1887
1983
933
1958
929
843
837
1922
2064
1903
1936
922
956
2052
1355
1983
927
1997
1928
1909
1405
2023
952
2007
935
962
2076
1960
2018
900
2148
1419
1988
2172
912
2022
939
874
1842
1859
934
1959
951
2019
947
1971
2093
2073
1491
2029
839
885
825
968
970
907
2059
2130
1921
827
887
1946
2018
2048
1432
2078
941
2054
943
2015
840
1889
883
902
2030
1921
984
924
2059
1493
2054
1479
1927
870
2059
963
2077
940
2109
2083
1864
2028
973
1984
949
2095
2061
1522
947
950
913
2017
837
828
2063
1948
2342
961
2122
903
917
2111
2024
1441
1992
858
856
1944
908
934
2059
890
2011
873
880
2065
965
2733
1465
1579
959
1942
1918
2006
1980
1927
2031
919
941
954
2006
2049
1958
2065
2008
1930
877
925
1808
969
949
911
2001
1949
862
910
2007
2035
973
2130
1456
1487
924
974
894
905
1938
828
860
1986
2043
956
1999
956
1837
1982
1507
1488
1936
871
862
956
2038
1892
965
905
2110
1281
874
875
911
1921
1990
1999
1444
958
1947
1912
809
2002
1998
2007
934
2100
907
2000
881
1982
1658
1467
847
831
897
1906
1897
901
966
1984
2030
806
855
2119
2015
1417
2044
1503
1995
1991
1962
1959
851
869
1865
2021
959
2048
948
931
888
1513
1483
2020
1926
2003
2154
1959
938
946
967
894
1862
857
1921
1976
983
1415
2005
1568
2577
965
2044
905
1855
865
896
1897
983
2261
920
973
1977
1532
1687
1445
832
2009
852
922
925
907
1995
972
1880
1921
1929
918
1065
1418
1499
1560
2012
2140
932
859
858
833
2020
986
924
2111
2196
2001
1929
1988
1524
2049
1338
1878
826
2039
2049
1998
2060
897
2036
830
864
1934
1940
1410
1392
1534
1953
929
1956
2051
1962
2099
1980
1923
2190
937
970
2026
869
2715
2045
1877
855
1868
1957
1985
945
2056
2094
950
2013
946
2014
914
2058
2035
1849
1489
2085
2058
928
1035
868
1918
889
911
1959
2018
951
2106
2014
1505
1483
2109
1295
898
1928
1968
1976
2101
2088
2010
2051
2041
1883
1929
1949
1440
1397
1573
1987
2046
2031
891
864
1964
1958
928
1008
972
935
904
1987
1506
1478
1992
849
861
1989
906
2063
2190
955
941
1904
868
883
1939
1971
2730
2040
2061
972
2139
1988
1898
850
2085
859
905
965
951
969
948
884
1525
1562
1895
1967
864
1929
2119
2110
926
1064
978
1335
868
889
901
904
1433
1413
1540
2104
1023
941
1884
1979
1943
2021
923
2075
2029
962
913
867
2045
1631
1483
1954
1928
2007
931
937
908
2061
919
815
862
898
911
2110
1437
1389
2114
1943
2044
914
2033
1957
846
1910
2061
957
927
2020
898
2109
1928
2037
1468
1994
865
864
2077
2273
1942
934
1998
2013
851
2053
889
2127
1403
1928
2555
2113
2152
2033
1999
1978
848
937
2057
2123
1978
1928
964
883
1547
1506
1484
1873
2061
2019
938
2026
901
1976
2008
910
1978
937
1969
2131
1397
1446
2147
981
925
941
1979
870
864
1999
2060
977
954
2036
925
869
1518
1504
1466
832
1940
1938
962
1951
863
2047
1998
2089
887
887
1954
921
1931
1385
1969
948
2122
2132
2003
1932
2092
1990
916
1989
915
949
877
880
2104
1452
1455
1346
892
1884
2048
2189
922
2088
1979
872
1870
1987
967
990
1960
1994
2056
1989
2007
1928
953
849
854
881
906
2087
931
950
917
2001
1516
1450
2022
1354
2050
885
920
2018
918
956
2050
1975
1890
885
905
978
1934
2023
2181
1984
2079
2254
2027
1887
838
856
907
994
1977
942
2063
1980
2134
1490
1492
1332
932
873
973
947
2182
1027
1926
864
801
876
2053
2117
2064
2146
1513
941
924
938
858
824
837
2069
886
941
970
1022
907
1260
1968
2024
1462
1991
2068
1958
977
943
2185
980
1051
2039
1976
915
2069
2032
2649
1816
1967
936
1968
2095
885
1992
1966
2004
941
2177
925
941
1933
1901
1562
1954
889
1869
895
809
923
2055
2040
931
938
1859
2093
2005
961
2060
1413
1985
1566
998
2030
1937
878
1887
1864
1841
2018
2066
1008
957
943
884
1541
1506
2045
886
1893
1841
953
961
898
992
842
862
1924
875
1925
954
2568
2032
2203
1473
961
2035
895
1848
864
875
1894
971
2037
951
953
816
2868
1470
1502
971
869
1937
2044
2028
906
987
2193
873
864
1911
1976
960
1958
1930
2319
2031
963
938
913
905
2107
880
909
1517
1936
1989
2170
1904
2042
2045
1461
1332
1988
1942
2028
961
1946
966
904
1924
879
862
898
2023
1531
1810
2005
2076
2081
947
1925
1927
1851
2038
2114
2073
918
2168
922
2090
2021
1904
1635
868
886
845
978
2031
910
2138
2083
2042
837
1981
2016
984
2252
1401
2103
2099
923
2031
884
838
823
830
2047
981
2045
2112
889
846
1525
1686
1488
834
863
2005
965
871
928
1909
1992
2084
1839
865
2005
950
1414
1387
1584
956
2017
954
2057
834
848
897
1963
951
965
1072
1993
912
1548
2082
1480
873
1973
2178
1942
979
2041
2070
958
2015
1980
2084
893
971
1927
1961
1491
1421
2030
2130
904
868
833
1982
936
971
918
2048
983
874
1558
1530
1499
1968
859
2048
958
967
925
938
1938
938
1928
1838
833
2049
1566
1414
1493
976
2107
2092
900
828
836
1843
890
1034
932
985
905
2042
2055
1465
1971
855
2080
1895
1992
2134
2025
2123
1902
1852
860
880
1994
2044
2033
1868
1555
2000
2025
1946
910
826
813
837
1905
960
2089
2087
939
2012
1945
1410
1669
1502
979
2058
2233
872
1919
1852
1983
2004
1981
2135
939
869
1448
2023
1924
909
879
879
1908
2182
2040
912
1919
873
1896
1893
2008
2046
1947
2046
936
2287
2076
925
904
2200
2081
1840
2056
2012
2058
2160
1880
870
1423
2016
1479
874
1894
898
939
964
942
1054
871
813
2074
862
2067
2031
1388
1976
1545
2150
915
965
916
1920
863
1956
1961
2002
2002
1000
2025
1931
2042
2039
1981
1880
820
1874
985
2144
876
933
837
2043
1957
1930
2093
945
2036
1867
1957
942
929
977
1893
2031
1964
2115
985
2003
2084
893
1940
839
1504
1489
1518
891
2027
1918
932
947
973
2073
892
877
849
866
944
934
1346
1382
1915
1028
1983
2030
2184
1968
1962
858
1996
1927
978
1970
1972
1926
1952
2118
2119
870
2027
1929
952
957
904
1886
899
857
1884
1940
963
926
1361
1443
1681
1488
2053
986
886
906
1983
1988
2082
965
2078
943
1931
837
1594
1959
1599
982
881
918
914
963
952
982
888
1980
878
839
928
1914
1437
1441
2097
1537
2101
2090
922
1361
1871
860
2020
2004
914
899
886
1864
1475
1944
2099
893
880
1919
1937
912
973
899
1898
858
902
845
1911
1917
1381
1519
1439
1516
949
1995
891
1966
880
2093
917
986
2089
2001
2011
1817
1979
1594
1528
1961
1952
911
871
1002
2083
2000
890
1989
1890
1861
949
1929
1980
2009
1472
2096
2164
925
1983
1892
880
861
965
1999
1945
1975
1961
900
1453
2139
1511
2041
1853
868
938
951
957
935
901
2027
869
891
910
919
1500
1405
1998
2156
933
2066
2051
964
1878
1897
922
1954
956
1989
872
2046
1996
965
2039
2061
1997
1874
976
950
1967
2040
881
2015
866
878
2110
2072
1369
1900
1969
2224
2018
2144
967
1984
1897
834
937
1926
951
1973
1888
1947
1629
1996
2056
2136
2098
1949
2080
2202
2115
897
961
2012
885
1836
946
1946
1913
1995
1442
1449
933
2062
882
1976
2024
2001
942
954
2081
2136
864
1972
1460
2082
1950
1353
2025
2038
873
964
952
882
823
1941
878
2008
976
939
1383
873
873
942
896
2160
928
819
877
1925
964
1925
2007
1957
887
833
1611
1959
1492
861
836
900
936
894
1997
1976
868
852
874
2035
964
939
2127
1402
1477
2000
948
914
2066
946
885
2033
2020
931
1946
2149
869
1915
1475
1502
2059
896
843
860
1950
2130
942
872
1995
1949
887
872
963
976
1947
1410
1916
1962
927
1372
2145
887
2024
1983
968
940
1924
1367
1920
847
1979
1575
1558
909
1994
2026
905
998
1971
2097
867
862
840
851
2063
2105
1394
1414
2016
1473
924
926
886
1874
1972
798
2055
2044
2185
2124
884
844
1881
2192
2056
930
1990
910
2096
1965
1982
967
863
829
827
1882
967
1957
1894
1975
1428
933
961
2087
2063
889
1933
1964
2086
2017
957
962
887
1841
2032
1522
1483
1987
1909
1939
902
1980
2057
2274
867
1989
2031
2009
929
2161
2438
1470
1467
2042
940
1984
2132
1967
857
1852
933
1975
2111
956
1939
843
2115
2059
1551
861
814
883
942
940
944
2035
2033
838
2066
982
2192
2015
1377
2008
1542
1930
937
1997
2081
903
885
2058
910
1961
975
1957
1919
2025
2095
1480
2032
827
1919
921
890
912
2071
2080
930
2075
900
1275
1911
893
1368
1432
1878
2018
2063
2075
911
885
894
2102
2006
920
1966
975
872
891
1543
1497
1461
1905
2039
931
911
930
2080
956
833
840
881
847
979
941
1938
1453
1977
1943
2126
2028
1941
1966
2046
2038
2078
2044
2062
914
911
1839
1894
2162
1536
854
1413
1984
1999
2117
2077
939
942
834
877
875
927
2108
1380
1877
1996
2086
2120
1086
890
1922
874
849
952
1974
2067
952
915
877
2558
2149
2045
1986
1959
865
945
940
930
2148
889
837
1890
880
2040
2011
1390
868
2097
973
944
972
2027
859
934
1909
2105
917
953
935
1855
871
2552
2061
1516
926
886
858
2103
2064
2074
937
1908
890
891
1995
918
927
1336
1454
1522
2053
947
928
923
873
878
2043
951
944
2087
2072
2025
1832
1919
1501
1569
1981
1910
883
919
940
2050
2004
909
1941
1889
1886
1056
1995
1998
1451
1456
980
917
2054
2040
824
2098
1872
881
867
954
1954
898
833
1953
1974
1560
888
1895
1960
884
2020
2043
937
897
1343
1885
866
2064
907
1357
1417
1446
2108
909
2040
910
1951
2076
861
2053
2058
1945
1006
1909
1864
1935
2112
1610
1962
2102
881
915
967
2243
973
879
965
2052
2003
1987
899
1942
1902
1452
2025
2076
1985
942
1893
1981
1980
2099
931
953
955
918
813
2080
1961
1567
1938
2107
1908
2031
2051
2194
2020
2061
810
876
1944
2024
942
2063
1989
1473
1919
1880
982
931
907
841
2017
948
1933
2071
2081
1971
1854
1529
1943
1562
1910
2036
2008
920
2035
996
1972
1914
1866
867
1964
944
946
1483
1871
2067
2119
2047
2103
2114
1847
870
854
2053
2022
1002
962
1895
1994
1472
1552
2123
2024
915
886
900
2117
957
2063
880
885
2136
870
2034
1996
1572
1422
1454
1897
2056
2057
937
1983
885
881
965
2084
2007
2037
912
2022
1533
1600
2090
1934
902
1972
1942
1964
979
975
1892
1884
1869
864
2119
919
1382
1381
1479
2094
2063
2093
1992
961
881
1866
924
1931
899
1989
870
1964
1530
1536
1511
966
1986
974
887
2090
2171
909
2034
837
886
1917
1947
1486
1357
1419
1446
971
885
1923
1914
1903
2031
836
2146
929
1942
2085
868
812
1427
1543
1492
914
1938
870
1973
966
2089
932
1952
2058
1283
840
2088
914
2587
1422
1520
2097
2104
2088
896
1862
819
873
942
1080
966
1987
918
854
1977
2040
1462
875
1945
862
2060
899
909
2246
925
859
846
1942
1917
952
1386
1450
1532
1480
965
936
936
828
823
1876
2098
973
943
976
2020
915
2797
1949
1498
1315
1916
1876
998
968
2000
911
929
890
893
847
1012
958
2023
2020
1478
2094
984
1980
1921
1911
2005
2013
899
2086
985
1947
918
2009
1761
1933
2062
1930
869
883
2110
917
2047
2144
2046
2010
1953
805
2019
966
2141
1976
1587
937
2145
2102
1897
859
1888
854
1905
927
981
1938
913
900
1511
1949
1473
1936
863
1944
986
928
930
2034
2065
863
880
2014
2032
970
1971
1449
1984
2030
975
969
1917
822
1472
1926
1988
2005
912
1954
2239
836
1999
1486
1535
869
1968
2061
2092
1896
901
1007
1950
873
871
823
1882
926
1955
1401
1561
2019
2105
2076
2028
1960
1958
2017
915
936
896
2157
1874
881
1533
2017
1496
842
836
995
1966
926
2028
932
2020
2098
826
2087
2066
2005
1488
1854
1643
909
2108
2120
1966
888
1908
1859
903
2052
899
1980
2106
871
2069
1478
1509
2070
1873
1930
968
914
896
971
933
1942
860
2033
2060
938
1467
1401
2010
2098
950
931
866
826
1939
2135
1948
1982
905
949
904
862
1604
1939
1433
919
985
1832
942
1987
899
926
867
1917
2025
1995
884
2066
1522
1393
1518
2086
1917
903
857
807
1833
2008
913
2049
1967
906
1987
1912
1478
2070
1463
1971
1989
850
2082
1952
921
979
2012
878
864
1939
2106
2133
1536
1969
1560
2003
936
970
1889
861
1889
885
920
1960
909
1473
1490
1905
2026
2036
1468
2017
2078
865
2046
1991
2122
908
925
881
851
1998
1969
1943
2035
1531
1583
2026
1966
935
884
848
2044
838
914
2037
1035
2082
2074
855
1539
1994
1934
1917
1902
902
953
1029
909
1031
840
1953
877
1898
2033
975
2071
1453
1552
927
2150
950
1986
1863
863
2023
888
1051
2127
948
2066
894
2739
2067
1882
842
1850
850
2033
2101
926
962
2021
874
1999
2031
2036
953
2122
1391
1536
2096
968
897
1926
2025
835
877
916
2081
917
2001
2058
1882
2111
1935
1889
1922
2036
2014
1959
1958
2053
938
945
887
2027
879
2053
968
1408
1383
1522
1010
2223
2075
2059
870
850
1957
1396
2015
1330
953
1900
886
1523
1969
1474
1954
2012
825
978
2050
940
1027
2117
877
892
1923
1909
2157
1975
1855
1528
957
897
941
890
881
820
1937
896
1984
953
994
945
894
2097
1508
1496
1907
884
914
2091
899
910
2090
2036
1942
844
865
1918
903
1376
1411
1989
928
2047
956
2041
840
873
1857
2089
2071
932
914
889
887
2696
2649
2021
890
1989
845
972
1985
1927
2085
1982
2064
837
1970
925
1970
1903
1368
1564
2012
2040
1962
889
888
779
859
1906
2142
923
2077
932
2002
1533
1628
2013
852
895
2153
2088
1948
1956
972
1986
875
886
1984
992
1509
1400
1469
2007
1983
1070
943
2077
895
878
888
889
917
929
2129
1886
843
1515
2066
1507
1975
942
2028
972
1961
1937
1944
1947
867
877
1918
920
940
1537
1968
2034
989
2139
2168
931
2062
1989
2044
870
2066
937
1994
2079
2068
2065
2138
1452
2039
851
1964
1998
1994
2046
2022
897
1907
841
1987
2066
1508
1503
1994
1960
924
977
2076
914
841
1821
886
1959
948
961
2060
902
2040
1526
1510
1703
849
908
937
2098
2085
2105
1994
1972
1998
828
1945
873
1968
1595
1390
1936
1992
2029
929
849
845
943
2002
897
971
994
1956
2111
833
1527
2094
1454
1522
926
856
952
911
894
2103
922
862
1941
874
918
2117
1413
1355
1683
1982
2114
980
1431
1818
1308
1985
1938
2066
2050
2036
2059
881
1634
1515
1964
1356
845
1936
965
932
1928
1919
928
1935
846
1977
907
909
1449
1386
2106
2030
2055
941
899
1933
839
881
2031
2144
2038
964
1940
879
1965
1736
2053
1367
2026
1996
1940
929
910
2028
856
1953
1824
918
894
2116
2062
1377
1637
994
985
2031
2311
1902
1914
1887
1912
925
933
2064
937
899
2757
1635
2053
836
857
873
2053
2128
1907
2036
921
895
922
1959
932
958
1405
1929
2044
923
965
1899
886
2002
1967
875
2020
2006
1988
2010
2042
1944
1517
1480
2078
845
1853
1871
2120
2061
914
2056
2041
1903
865
873
1987
946
2129
1406
1560
2093
944
951
872
851
2005
862
900
2096
905
2026
1949
2033
2684
1962
2091
2004
897
1880
980
1968
2069
961
910
877
806
900
2136
2116
1418
1401
1516
2131
988
954
2088
1986
1874
1914
1981
1993
965
1996
2051
931
2059
1635
1479
1990
890
939
2066
937
1981
1979
2095
866
1959
870
848
2041
2032
1390
2110
1435
1045
965
2175
1840
1875
883
2051
2132
937
2084
899
1982
2127
1565
1900
865
1874
870
1052
1963
986
958
2070
2039
887
905
2150
962
1959
1839
2081
927
2064
2061
1942
882
821
1994
1898
939
2073
1995
933
880
2011
1965
1937
2031
876
1996
943
896
2024
1039
905
1861
1849
933
933
1924
1453
1879
1522
2080
1011
2174
872
1968
2029
871
2032
922
1035
950
2003
873
2063
1496
1506
2092
854
838
992
947
899
2131
930
2006
830
870
1931
1999
1420
2005
2054
2086
977
2016
870
883
1819
946
907
2055
2003
903
945
1947
1998
1960
2648
1980
949
1952
2052
939
2045
938
972
1894
843
866
907
967
1903
853
1000
986
955
1989
873
1995
2015
861
903
936
904
2088
965
1963
2748
1952
1465
1320
1962
849
2046
872
921
2070
916
872
2016
2089
921
978
1475
2046
1494
1872
866
2045
907
2064
1968
889
918
973
865
1883
936
942
1906
2055
1580
1496
919
2076
961
1926
1979
1993
939
905
2014
1904
874
910
1432
1549
1450
879
880
874
2067
975
985
927
1972
887
868
2018
962
2070
1438
1419
1448
953
1992
2098
898
1900
1906
1898
947
2019
1974
940
2057
825
1451
1525
1970
1364
885
2016
930
2199
2120
950
1884
860
1946
875
2003
2120
1567
1969
1949
991
2076
1967
2087
2010
817
2051
2148
1985
1021
2022
2035
1857
2011
1490
2037
885
2105
1954
1942
2189
2152
957
2028
842
859
2019
911
959
1921
1889
1571
1938
916
1951
938
2050
925
1930
975
950
2063
2048
913
2002
1923
1985
1543
1001
872
877
942
959
2102
894
892
1967
2088
857
1972
933
1372
1429
1902
2009
2021
2018
1959
2031
895
1931
2029
959
2115
1925
1986
1893
1646
1959
1466
893
912
861
904
2047
1984
2148
872
1982
1886
1971
968
910
2014
2027
1474
2103
2056
2014
949
890
1839
897
987
2036
2052
967
2023
1935
1692
2175
1989
926
869
1895
905
930
2153
944
1999
857
2077
884
2029
992
1358
1393
1916
1478
978
958
1916
889
2067
895
2098
926
2149
2056
940
832
1471
2016
1488
1872
1950
842
1973
943
955
953
2034
1962
854
1901
931
2059
1390
1403
2034
2061
942
1985
1924
894
898
873
927
979
954
1959
850
1910
1982
1661
2085
861
1856
922
961
932
2148
1986
914
1944
859
1949
948
945
1912
1400
1916
958
891
2248
2071
1969
901
1888
936
1978
919
943
1924
854
1450
1993
1668
874
1949
900
1919
950
972
2095
909
2058
859
2144
1006
959
1894
1891
1458
2000
1943
1944
938
1904
1949
869
2033
961
2120
2098
864
835
1918
2039
1525
881
2086
884
919
958
2080
2053
1977
1894
853
1857
960
1000
2615
1403
1460
982
1958
2138
2138
895
860
1982
916
2054
2200
856
2085
874
1454
1983
1515
1842
874
890
897
957
2043
2066
1974
863
1986
878
968
959
1356
1410
1454
1989
948
1947
2094
1964
2091
855
2069
905
2234
1939
1866
1886
1434
1936
1991
1360
1912
1962
2056
932
2142
1963
883
770
828
1893
2141
954
2001
1413
1987
1468
2044
1993
908
834
895
882
981
924
944
2144
1902
860
1426
2067
1475
1402
851
888
2065
2125
2112
890
2031
876
1868
1840
1975
2082
1918
1983
2089
2106
893
944
899
1898
893
1962
997
2087
1000
2002
888
893
1472
2039
1523
1979
844
878
2179
944
944
982
897
878
1931
832
910
1923
1343
1453
2020
2062
931
2064
936
1998
1946
842
2146
1528
908
914
1977
783
1428
2031
1555
1968
2000
1969
2038
887
969
962
820
1920
1921
888
987
1975
1987
1459
1593
2106
952
940
901
881
931
1988
934
1991
1974
2112
889
1976
1459
2060
2049
935
1848
882
930
971
2009
960
2001
1988
2027
1860
1987
914
1349
1921
1920
2068
974
979
947
882
1945
867
1935
932
2051
936
2000
826
2639
1640
1999
976
833
1885
1985
919
2022
900
1985
841
859
845
2147
1053
1410
1960
1460
2079
2119
921
943
1983
2030
1877
2022
954
2020
1966
890
1903
1477
1567
1979
856
849
2056
2027
2113
943
1996
2031
835
2000
1965
920
1975
2447
1400
2104
1515
2031
2051
895
1888
1964
817
969
2112
1997
2064
891
1971
2058
1511
1501
2044
1849
2047
1987
2095
941
2199
975
871
1886
839
970
936
1514
1977
1477
1948
945
2026
950
872
2016
1939
2123
908
2068
2102
894
1929
1487
2072
1503
870
1885
2074
1924
901
882
2045
1971
1885
2003
843
889
1948
2443
2066
1500
1936
1984
987
2069
1960
2023
1925
983
1026
2001
2073
2067
875
2003
1608
1477
1980
1944
854
1384
2029
1956
996
1875
1853
1975
1980
966
951
1985
1975
1487
2047
2155
1985
2025
1914
1953
867
975
1961
967
941
2006
840
1469
1532
1540
2027
890
2015
918
971
967
2062
930
859
900
1986
925
1952
1355
1416
1450
941
1987
1026
1024
887
937
789
2009
925
1934
2148
2020
880
1467
1932
2019
880
2023
1989
912
1937
970
1917
900
1846
859
927
2123
2099
2044
1419
2022
940
959
916
2015
842
871
1970
947
897
2085
2009
933
848
1489
1526
1565
1949
1912
894
1932
2079
961
939
848
1998
2011
819
886
884
2546
2088
1948
1974
1989
943
2011
1978
1976
876
946
1980
940
2044
909
1833
1993
1959
1516
855
1898
902
1904
886
930
1991
900
847
839
1406
2045
1978
2049
1421
2037
2094
2083
931
2028
2011
890
828
2081
1982
1970
1948
880
853
1456
1540
1967
1991
1936
1969
952
2147
977
970
870
2027
1925
1931
973
1950
1967
884
1946
970
2066
931
2046
907
1937
1909
907
2061
2058
958
1970
2043
2044
1490
2078
1396
810
892
1948
1959
2035
2069
2030
855
858
1977
2021
2124
1553
2050
1613
947
902
973
899
915
1938
831
974
961
1992
2050
983
2021
1505
1550
1626
894
1911
896
892
973
2003
930
2020
897
2015
1918
2039
941
1445
1896
2024
986
969
991
915
1909
948
1942
2074
940
964
917
2090
1939
1555
1688
1510
1982
891
896
926
957
982
951
1899
2050
1895
889
2109
942
1355
1420
2034
1019
944
995
932
922
1860
840
983
1942
973
940
917
876
1472
1594
2022
1905
877
860
914
2040
1996
2061
922
1877
869
2014
2021
1942
1402
2009
1464
965
937
2052
949
1901
1921
1968
908
2068
916
953
886
1978
1518
1565
1482
949
1946
869
2029
945
2126
1308
936
847
2004
847
963
906
1378
1581
1988
957
942
2088
1986
2079
1913
1956
1983
2076
2055
2077
892
857
1950
1926
2044
1884
1923
1934
979
2042
2017
2126
2002
873
1856
877
932
2065
2656
1939
2088
1960
2008
1984
909
836
835
885
926
2038
2068
973
2075
2005
2129
1549
2095
1880
855
872
1961
2076
1948
2043
971
1907
902
1985
2004
964
1967
2069
2069
2093
961
918
2055
1998
838
840
1958
1982
2018
946
1931
1936
1496
1489
1921
849
2019
2009
2063
1926
910
1975
2117
1976
1919
963
2086
2084
2059
1372
1508
1969
1953
921
1938
886
815
931
915
1979
1908
2047
2062
2033
2092
1546
1462
889
2002
1956
1996
945
1935
1058
1908
2037
1832
899
1914
1038
1433
1375
1577
1434
2102
2026
887
1884
842
892
895
927
957
1928
1917
899
1504
1498
1451
1932
853
882
974
943
901
2080
2110
2057
859
846
915
976
1380
1427
1579
942
955
942
897
1985
839
862
896
2210
911
1005
899
835
1653
1514
1503
1971
2042
868
951
925
2014
917
2057
1895
2017
884
890
2030
2097
2045
1549
1922
927
916
909
1951
1877
1972
948
990
1926
1974
922
1460
2808
1440
1985
859
886
851
943
975
965
934
906
1885
863
1993
1991
2027
1445
1382
1571
929
940
959
2030
890
839
961
944
2024
1037
976
1958
850
1558
1479
1525
1987
891
813
962
2069
906
2065
1973
1884
880
2068
910
2048
2081
1996
2066
932
962
2141
2065
1998
1957
900
934
2030
2026
1991
1298
859
2589
1564
1496
1906
1999
1971
933
948
2002
2045
2086
881
1975
1964
2074
2030
1892
1499
1560
1334
2170
920
876
1893
1926
864
917
2037
1975
2050
957
879
1933
2051
1437
1927
2073
820
983
2032
2080
923
1949
1923
1946
2015
2087
2135
1516
1375
1560
956
967
954
2040
2052
2005
888
1935
2011
1986
926
916
2045
2095
1632
1962
849
900
847
1980
2182
2016
947
1922
2044
1952
1973
2085
962
1430
2045
2283
1999
964
2027
1887
870
1925
1994
924
2047
2118
2093
2162
1883
1979
1479
2080
826
2117
2021
1995
2002
956
1005
1947
2010
1959
859
2003
967
2051
2012
2087
992
977
963
886
833
820
842
1006
941
910
931
887
869
1529
1516
1433
2024
2011
845
930
910
958
965
927
1026
2040
883
1013
991
2101
1825
2031
2140
1326
2050
886
854
801
870
2033
2046
921
991
1919
1824
1650
951
875
892
1896
856
2079
944
912
958
1961
870
876
886
889
2197
1419
2004
2066
2048
1072
1016
897
949
838
876
2168
947
935
942
944
891
2119
2090
1535
1327
841
894
926
947
880
935
2039
1942
854
864
960
1956
2010
2078
1544
1992
934
930
2005
850
1971
1979
1976
2112
2002
969
1909
1902
2809
2011
1990
855
1914
840
971
937
2074
969
916
872
849
834
922
1989
1428
1425
1547
2022
1985
1964
1953
2048
861
877
2012
927
2010
922
947
1995
2089
1936
1682
1873
1980
1884
1945
1981
1926
1933
2063
1962
1999
895
912
2081
1429
1947
1557
988
1964
2162
894
1941
821
886
1937
2045
2011
2277
2082
1940
2102
938
1903
872
883
805
968
939
931
2043
1994
874
1969
888
902
2043
2058
1565
1990
1931
945
1942
1924
1865
1920
881
925
2007
2108
2146
2060
865
2145
1957
1956
2001
892
850
2015
1930
1936
1985
2127
1904
2009
896
945
2076
1416
2043
2026
1979
943
1888
891
1969
840
1983
910
955
2087
972
931
1932
1995
1486
1906
831
851
903
966
2116
2121
2043
2035
2043
2007
1990
2086
925
2523
1852
1956
982
2134
921
2047
1969
1980
1949
918
2055
2223
2033
904
1960
1775
1503
1470
1330
848
852
930
903
918
941
960
872
845
2014
871
929
1439
1455
1546
2058
1007
2101
2080
847
838
833
1470
951
947
940
949
866
1499
1536
1466
838
880
883
968
1923
916
967
890
873
2011
924
2012
2013
1574
2020
2096
892
2087
2033
1859
1898
1911
1982
879
2029
954
937
1010
883
1601
1999
2005
847
891
1918
928
2035
876
969
1914
883
849
1970
1912
1989
2037
1644
1488
1426
937
895
830
2068
820
2153
2024
1030
1939
1989
1463
897
1515
1636
1489
810
921
860
963
925
2076
926
2013
1961
1994
2006
2007
2038
2054
1373
1497
1955
2100
2051
1998
843
836
1920
1930
1943
2071
949
991
872
1499
2021
1981
1977
1974
931
959
2020
2062
2087
928
1950
1998
1893
1952
1983
1975
1934
1532
945
2166
2102
902
846
1932
1978
1895
1957
2073
964
2173
857
1544
2070
1500
819
1911
1873
941
2150
1952
2044
1971
2064
1996
2076
941
2164
1473
837
1969
2032
2058
2101
2034
1894
852
918
1204
940
905
1021
2056
869
1539
1749
1971
2058
2082
1919
2069
966
918
2077
2075
857
2028
1895
1911
946
1662
1922
1505
1903
1938
1999
1917
866
1959
864
2137
2116
2126
2039
923
2004
1985
1961
1889
1819
1854
1894
2040
2037
2016
943
2065
868
2054
1003
2041
941
1422
1384
2103
958
926
968
922
1872
834
887
2095
2007
923
1473
946
886
2757
1613
1489
852
903
1895
934
954
912
969
2224
1958
1843
1863
890
2003
1415
1963
2109
1930
2087
915
1449
870
2049
1850
2036
2076
2076
946
896
1986
1794
912
929
816
1391
1956
920
1976
1013
951
926
891
1907
886
937
1958
1433
1462
1520
1455
2123
923
892
804
1909
1965
899
1973
900
1930
1903
965
1508
1488
1922
837
879
823
930
979
2050
2106
1944
1954
826
1859
909
941
1501
1935
2005
1995
1953
2124
877
1356
1962
2068
1996
2001
928
941
1947
1884
2022
1543
2024
1934
894
2003
971
923
2030
1504
939
883
1406
878
901
2069
2054
1834
1964
2011
959
2012
2006
952
1877
1930
1915
2250
918
2073
2024
854
1414
2107
2014
975
2032
2006
1948
2092
891
1545
1984
1978
2102
1991
878
1922
1456
2031
1488
903
863
852
952
1952
982
915
1894
1990
1953
843
2071
2119
1354
1943
1955
1521
1960
1990
947
1899
869
849
945
890
1539
1978
931
1947
2715
2137
2127
2043
1861
859
901
956
957
1932
920
860
2022
2036
1971
2140
1353
1977
1927
2134
2032
974
2135
896
1875
892
2037
2032
2028
1980
965
857
2030
2062
1496
848
2023
1944
2100
2007
981
934
1967
944
2022
853
2111
1918
1401
2067
1906
1997
940
2210
918
1912
2037
1962
2095
900
935
1939
997
1951
1522
2043
1577
888
884
1903
2051
2105
2066
918
929
1873
895
856
906
840
1358
1402
1525
1914
996
2030
972
876
873
1855
966
1044
959
912
1963
831
1484
1502
1522
1959
1916
875
2097
954
960
893
2122
856
883
853
952
956
1357
1425
2554
952
1031
957
2047
895
871
1989
2070
927
2056
2015
1994
1945
1485
2096
938
2001
1948
956
2021
1064
977
951
871
1909
1990
2048
937
951
2100
1960
1468
947
906
936
945
871
849
809
986
925
1042
2082
891
2003
1485
1522
1497
832
1914
890
901
2012
2196
965
866
866
2060
821
1965
932
1952
1941
1475
2052
960
2247
930
2026
871
1394
1903
906
968
1973
2209
1976
2035
1993
1957
1937
1979
879
1998
979
2056
2075
1947
854
910
2062
1103
952
1952
1417
1988
1018
1971
945
1936
1905
1962
854
1929
2078
967
2046
1997
908
2741
2068
2104
1906
1875
1897
2014
2007
946
982
919
869
1947
1980
1973
994
2002
2043
1976
966
2299
976
927
2001
1990
825
971
2098
972
1949
873
974
1961
1520
1501
1884
1967
842
963
2049
962
916
894
852
2026
1980
922
918
2025
1949
1501
951
973
967
2064
1985
1987
882
2005
932
2000
2135
903
898
1459
2068
1590
1395
2105
1967
879
946
2051
2121
2052
1900
844
840
1002
2106
1877
1922
1989
1463
901
2038
2048
1947
864
1947
1986
924
956
909
2081
817
1538
2142
2008
2069
815
2021
2014
998
1960
976
1902
935
872
870
1921
901
1481
1496
1461
1517
1933
2058
2022
2043
2017
828
956
854
930
2071
947
865
1661
1547
1511
1425
869
829
2026
934
1983
2020
1991
840
874
863
958
1953
1513
1410
1895
2107
961
2017
2206
1423
975
2030
970
1996
1948
2034
1935
1904
1541
942
919
853
1984
859
908
980
979
1022
891
855
864
1985
1498
916
1494
1438
2055
1551
934
2163
951
874
1479
804
2036
2072
954
947
913
1937
1954
1550
1868
880
1862
16954
949
934
946
1953
897
815
1962
871
2110
1986
2084
1436
1888
1932
2104
2060
2091
838
1878
1919
2009
1897
948
2038
2006
1828
1918
1505
1485
1372
1994
927
2030
960
956
2011
1994
858
857
841
910
2035
2000
1968
1486
2173
1905
1925
1929
2026
864
1960
930
2217
2118
1969
1981
828
1501
2004
2069
1992
816
1933
861
920
961
2108
1843
856
2044
831
961
2153
1352
1437
2023
983
1942
979
971
2029
1923
860
2093
942
956
940
2000
839
1484
2042
2195
2076
1985
884
922
1957
943
936
875
875
2047
1939
2030
2129
2008
1894
1959
956
1954
1946
924
878
2130
1933
2080
956
2189
2096
1922
1846
2714
2100
1518
1914
846
2052
914
939
972
2112
1986
773
840
2055
2067
986
1350
2047
2073
2121
1970
2019
1999
1975
1925
882
1984
924
2173
2018
875
1895
1473
2607
1487
856
817
865
2101
958
1059
2021
2217
1865
1996
834
2058
941
2033
2018
1509
977
2093
925
1976
2067
1955
1924
928
936
1012
933
1903
841
1985
2109
1503
1951
895
1861
914
948
964
2038
1904
861
1966
1980
2143
2053
1380
1409
1522
1966
930
976
901
1921
888
850
957
937
2061
919
2064
1994
1938
1528
2082
878
1961
1998
2086
2051
2059
2032
1987
1897
2035
819
967
2028
2656
1431
1442
1512
967
942
923
859
873
863
969
939
961
938
902
1853
1628
1469
1535
835
2031
850
893
954
950
862
912
813
846
872
2034
945
1961
1391
1887
2002
965
2049
946
1960
2040
870
967
2098
2011
1487
1857
1869
1988
1988
1942
1905
2007
899
2011
957
2064
892
1995
1958
2023
1873
1008
2009
2674
2004
1464
2034
1017
2126
896
1936
1957
861
966
1972
933
911
823
841
1553
967
895
1974
1997
1987
2093
2145
1983
940
1987
2027
875
827
948
944
1966
1955
2099
2063
2037
2146
1989
879
872
1966
2128
1041
1001
2116
1922
825
1592
1967
1983
1899
1934
854
959
2018
2217
895
882
2044
1873
1922
2001
2100
1377
1633
1485
2104
2066
2001
1958
1990
1915
1933
948
914
941
2143
904
818
2089
1483
1477
1936
1921
1849
1906
905
2079
2071
1981
1979
1921
1867
1959
910
1940
1439
2113
2054
2099
976
958
2026
898
1847
1925
2057
963
1020
905
923
1485
1528
2074
888
1950
2029
892
957
910
1977
919
2135
1937
1866
1924
899
2005
1872
1900
958
1979
2027
942
880
971
1876
2122
2084
977
1997
2016
860
2611
2137
1516
864
865
1869
2000
1547
991
942
893
1848
1926
887
2034
2065
1389
1427
1952
989
1962
2120
2031
901
2038
878
946
932
957
2113
2011
1927
1947
2042
1531
1897
1949
5618
921
952
2053
2062
2001
858
1901
1884
1956
2066
1371
1957
1976
1558
1956
2074
1414
1915
911
875
2153
2057
1028
953
892
1936
1492
2097
1483
1867
1951
1885
924
960
1961
2026
1964
857
923
1992
2022
937
1509
2050
2037
2085
2049
958
1989
856
1910
1838
2105
889
987
899
1940
2035
1993
1535
1692
854
838
1959
977
2160
1022
896
893
910
1939
1904
896
1951
2515
1421
1539
914
1938
973
835
850
1942
2038
922
910
922
928
2002
1907
1485
1549
1494
1952
898
1884
2059
2113
920
963
958
1892
851
895
877
2054
1420
2121
2010
1454
902
1919
858
1976
1924
884
2102
965
2079
2140
2190
854
1514
1484
1895
1910
2033
1856
919
916
917
1960
976
1890
1998
836
888
986
1408
1855
2142
2061
979
2073
906
2018
870
930
959
1999
1944
2033
960
908
1562
2764
1950
907
1998
823
948
2182
926
949
932
2007
1852
887
2114
963
2638
1857
1497
1939
1949
970
896
854
1914
2005
903
2066
988
2112
1983
2005
1474
1964
1444
849
2048
2008
2148
1999
1919
970
946
1908
852
877
860
2039
1980
1840
1601
2034
2071
932
2084
2027
804
2064
1998
1916
2023
2198
950
2039
2120
1993
1462
1886
1995
2021
970
917
922
2084
1997
855
890
884
1978
1929
1403
1392
1603
1949
2054
2100
2019
891
823
922
888
2105
949
2081
2009
1865
1575
2083
1972
917
984
1994
2044
916
910
1996
999
1903
2129
2012
898
991
1490
1999
2107
1492
2090
952
908
868
1891
854
1976
2092
1998
2061
887
853
1522
1515
2025
2076
861
1960
974
1079
1955
953
1972
851
1865
1852
919
967
1420
1426
1547
2136
2094
928
1997
867
1939
2007
893
983
936
2080
1015
858
1674
1460
1484
1919
853
868
948
1961
2101
983
1373
848
1883
1967
925
954
1520
1974
1535
2111
2020
982
920
872
1866
893
967
942
974
2049
963
885
1529
2121
2120
1934
877
2003
962
2057
907
2001
945
854
847
1885
1914
925
1467
1402
2122
974
953
2031
904
858
843
2072
2099
2071
2106
2176
2110
2214
1489
2055
2019
861
854
845
917
1953
1923
945
931
1971
821
2108
886
2087
2148
1348
1552
1926
1940
942
1988
1909
2081
1958
893
1033
952
1957
2088
2230
2008
2211
2043
849
858
1891
979
1964
923
1076
931
889
1836
1847
1969
926
2066
1388
1501
969
2087
2088
1928
889
1861
1913
2059
984
928
2098
2031
876
1948
2043
1952
1961
2034
2002
945
1992
2099
1925
942
889
1966
1920
1972
1996
1411
1943
1555
2107
1992
932
1974
1958
1970
1931
854
937
885
958
2021
951
2126
2048
1976
1297
863
889
2216
1936
922
1975
926
2001
1970
904
1982
2068
1903
1512
2067
900
2075
1005
915
909
874
1964
2058
2087
943
2119
2045
1981
1499
1474
1460
2039
902
1861
1970
1960
888
944
1915
879
858
1873
922
960
1407
1413
2046
933
952
2123
899
2117
839
911
1905
951
955
968
893
855
1649
1937
1600
2044
896
859
2092
947
2017
972
947
1918
1845
851
2117
922
2645
1935
2286
1431
967
952
889
873
1989
1947
1930
976
1027
963
2052
1931
1992
1984
1531
1964
1979
1987
887
2031
911
957
931
859
846
867
2021
904
1507
1409
1546
923
2059
2079
1002
833
827
860
1933
2021
2022
932
920
1974
1508
1631
2098
891
853
1912
959
916
881
977
1964
889
844
1952
1921
958
1451
1890
1963
1560
2018
2121
1427
826
1969
1986
2084
2112
920
2003
951
869
1508
2004
2056
881
1876
859
2070
894
907
953
1926
849
883
848
919
966
2132
1941
2038
957
2110
954
938
2022
871
888
890
940
2248
1997
898
1950
1532
1506
2135
1930
1892
829
2176
924
920
2162
945
1976
2134
1915
1887
2118
1435
1980
2072
2006
928
1904
899
851
1927
876
2176
961
2051
957
2019
2167
1965
1950
1489
2014
1975
1895
1970
1936
1002
943
944
878
920
884
1994
1993
1409
1941
1515
2049
973
2011
858
1991
1970
866
2047
933
1880
1947
983
1916
1942
1933
1484
1917
909
832
2068
953
1990
965
2287
2032
835
889
882
971
2056
1969
1502
1506
926
960
2146
858
850
2025
1993
1999
1961
965
1926
865
1540
1442
1668
1846
857
1888
2053
946
2053
2093
905
1956
825
866
932
961
1522
2018
1546
2135
984
955
1906
1941
1913
942
1909
1983
2020
925
1906
881
2024
1934
1947
850
883
2030
2119
2047
938
2085
933
891
869
889
885
938
1403
1478
2163
2228
890
2183
883
848
1851
842
916
1953
2090
2089
984
937
2696
1893
1594
1857
879
844
2030
929
924
2013
2053
1956
856
1939
1929
979
2013
1403
1574
2079
2087
1994
864
902
1850
872
915
940
1934
2008
1998
836
1525
2161
1471
1944
880
2014
941
996
2083
937
889
1955
872
998
2011
1057
1436
1833
2002
898
1971
883
871
2131
836
874
2010
2128
2141
2079
2112
1954
1524
1950
1503
2050
2183
817
962
917
943
979
2048
868
1902
864
2260
959
1418
2053
2082
931
2076
914
908
2043
1872
907
1964
1466
897
1985
907
2132
1994
1506
2029
1930
833
1874
2072
2088
916
926
2093
1961
885
2070
932
976
1460
1415
1713
2081
2106
1944
887
1860
815
865
928
983
1931
2056
2051
847
2065
2089
1467
1976
904
938
2138
1993
1938
1996
967
2158
853
860
1913
1014
1404
1914
2056
1961
1922
963
2218
784
838
948
920
2024
2020
2094
2004
2043
2018
1514
1868
855
866
1858
2104
929
941
1998
867
2263
827
858
1938
952
1435
1386
2066
1991
972
2057
958
2023
1965
2022
2079
980
1013
948
955
2003
2013
1963
1887
1859
1958
850
955
2038
928
2099
2083
2087
828
1885
1982
934
2124
1384
2072
2086
1340
1935
891
1839
2030
2085
2002
981
2081
2063
2114
1965
2042
1962
1947
866
1453
2006
926
2040
2100
2084
873
890
866
2001
2117
949
2005
1953
1982
948
1972
1915
1868
834
1859
1958
2108
952
1942
948
897
868
1488
2159
1894
872
904
1896
960
961
859
982
931
882
1959
895
2040
898
2077
947
1973
891
906
1966
945
2077
872
2097
910
1868
1945
909
1906
942
2693
1924
909
2041
952
935
911
2035
1934
1904
1751
955
2047
2184
910
1964
1977
1513
1956
1975
841
1994
2009
930
920
955
915
872
2016
938
1932
972
1427
1450
1564
1489
980
952
913
975
2000
874
916
939
2062
2122
1963
2170
1520
1494
1480
1956
872
865
1992
2075
950
963
939
850
1863
923
2015
2063
1992
1413
1529
919
1968
1958
970
2018
2072
2036
898
980
1980
960
2015
857
1620
1525
1896
1318
868
1951
2083
2102
2044
949
2168
886
2009
1884
2188
930
1397
2024
1581
2016
1945
912
1967
830
848
880
884
2100
891
2142
2020
2038
1919
2014
1888
1977
1970
1873
2070
1023
2108
2097
1983
873
1893
1997
2001
956
1434
1394
2060
951
1936
1951
1438
1821
894
870
1993
2043
1953
958
2044
1958
1524
2108
2093
2082
929
823
1993
904
923
2022
2086
880
1977
1968
888
2039
1444
1393
1982
2015
1998
2049
1997
845
879
880
2077
914
1945
2032
2019
1879
2601
1558
1971
1920
2043
2030
1919
920
976
1984
926
1960
849
913
2021
2144
1401
1430
2033
1923
1908
945
878
1963
1986
839
891
970
968
2063
2077
2001
2079
2073
1488
823
2017
1838
951
946
1014
2037
2017
902
806
2026
920
958
1379
1408
1674
1038
1999
999
2002
1944
2097
1903
917
896
928
1949
869
1907
2041
2041
1464
825
885
1949
2107
1999
893
967
944
888
852
1861
900
2088
1577
1432
1554
2037
2126
907
900
863
920
847
883
964
924
1993
962
1933
2089
1518
2056
1393
918
837
989
925
2097
2096
2093
1988
885
920
905
1959
1388
1397
1550
2049
1012
1970
889
868
1874
872
1948
972
2029
952
1926
1998
1518
2247
2037
1956
855
817
882
2005
903
2085
1935
2193
873
1895
962
960
1948
849
1974
917
950
933
2170
1987
1840
1897
900
2117
922
2097
951
1920
1668
1956
1888
1348
1918
904
1943
2100
1984
1994
2206
890
1933
1910
936
900
2506
1942
2116
880
992
2029
843
834
874
831
2067
904
2085
1978
928
801
2077
1972
2034
2015
890
850
943
1982
2058
971
919
2020
846
2046
2001
2161
1936
1400
1492
963
2003
1966
1990
856
835
1980
2032
2050
981
2046
911
2107
1519
1486
1919
1847
1943
921
2104
2143
897
955
2067
941
1933
1990
920
2130
1450
1383
2024
1962
1040
1956
903
932
847
1930
907
2061
2041
2071
1943
1906
2011
939
898
1912
2005
1840
2080
2018
2029
2178
2065
861
1946
1865
1983
943
1450
1378
1969
2069
954
2024
2066
871
1958
869
883
2089
1442
958
1949
1955
1525
2007
1934
1875
884
873
967
973
1966
960
2040
1831
1983
883
908
2050
2029
1382
1662
1516
938
988
2007
834
837
877
844
909
963
1978
919
1915
1543
1948
1476
1314
900
1949
953
2009
2103
947
2022
856
2013
877
2020
985
1400
1442
2032
1439
1972
2002
2062
840
829
891
902
2071
963
2210
1958
858
1532
1476
2140
873
859
1884
962
985
932
954
1946
1903
2039
882
2009
940
1423
1430
1664
957
967
2023
908
869
853
857
2055
980
2067
2000
903
917
1492
1505
1483
874
864
836
1962
2029
865
938
1075
2001
850
1989
2048
1993
1417
1463
1489
1930
1960
938
2074
1969
816
863
912
1953
2094
939
927
950
2081
1625
1454
1955
1933
845
965
1941
915
1985
2154
1972
1930
1911
1912
957
1975
1872
1556
918
1984
956
875
868
1841
1942
2160
2006
1906
2007
2032
1968
1961
1985
1442
1850
1981
2010
2120
2013
1893
1950
1900
2036
831
1912
2032
2067
1475
2006
1512
958
2064
2029
885
834
874
2053
2106
1989
2114
2146
2018
1963
1544
1695
1474
905
1883
1870
2131
2082
931
2060
2032
2063
1998
1923
2147
947
1387
1527
1978
1973
950
969
1934
826
1925
1967
926
963
2076
924
888
907
1574
2077
1487
826
927
829
2032
1946
869
938
1941
877
2057
2023
945
1001
2577
1978
1543
933
2083
882
2140
1958
1941
878
1945
1954
923
1939
2080
871
1600
2111
2041
848
2000
864
959
2034
2041
1501
916
837
905
2010
2016
943
2057
1433
1526
942
970
2040
1898
833
858
1844
2023
2078
927
888
864
871
1485
2056
1446
1925
1910
812
958
1988
891
2043
1010
1969
833
876
898
974
1491
2050
1491
2017
2118
963
880
1957
1930
939
2085
2136
937
963
933
874
2042
1512
1610
1886
1886
852
2013
892
931
942
901
2075
852
876
926
2101
2040
1882
986
957
976
928
2030
846
839
847
2065
2056
1972
2150
959
908
2135
1514
1452
1349
856
885
978
933
2019
2028
885
1893
2041
902
894
2124
1421
1881
2098
922
965
2067
1968
1841
862
1931
933
949
971
959
878
1957
1540
1466
1550
1321
1963
852
2181
1966
917
919
904
865
1908
863
1909
2026
1429
1974
2114
2107
986
2031
2176
2066
2002
2078
918
1987
2080
2109
914
1947
1962
1445
1891
1904
839
1883
939
2157
1942
957
1925
2026
1921
880
1378
2032
2076
2017
1561
1985
2036
1946
909
1912
1849
874
2016
2074
2013
937
2310
1896
1977
2073
2093
861
2002
2114
930
2055
2006
2204
887
2094
1862
1860
912
1940
1915
1888
2080
963
2059
2116
875
1977
848
1985
1979
964
2049
1994
1950
896
1999
2100
1468
2021
1952
1931
1901
2000
1930
1959
2156
981
1997
1978
2025
937
2552
2043
1957
2082
923
2183
1927
1912
1910
1966
944
2050
2147
2058
998
1959
1600
1923
1526
2026
1964
1977
2082
2150
921
2021
2012
1922
872
1894
1890
1962
2114
2033
2284
2041
2069
2044
887
2013
1859
1940
933
2006
2017
2060
918
1942
2025
1565
2078
1887
1962
867
1915
2061
2114
960
1975
1970
876
1978
2106
966
1366
2008
1486
1975
1975
950
2072
2038
1926
831
2000
2006
2030
912
2092
1916
2078
2086
2124
1385
1916
2064
2075
961
2045
2085
948
1902
868
1862
1971
979
2069
1895
1913
946
1969
2061
1983
867
2039
1959
2099
943
2137
1949
1917
836
2018
2176
992
2017
2126
2110
941
2001
1979
2030
915
1949
1909
2003
2050
2045
1393
2069
1937
1976
2007
1936
950
1884
1915
2023
1015
2027
2096
1974
914
1907
1476
2090
1509
1887
2049
1977
911
2017
2129
2096
2064
1913
1856
1820
2052
911
2018
1980
1470
2082
2064
2066
938
2048
1906
2030
1042
2123
1965
959
2030
866
2063
1632
2046
1920
1900
885
1909
2003
2027
929
1993
2165
2011
1961
2047
926
1946
2037
1901
1956
1998
1928
927
1901
1890
1976
948
1988
2129
2003
886
1939
1456
1970
2033
2032
821
1988
2007
2083
986
2069
6167
1899
883
1867
1945
2022
1948
1461
1925
2042
2043
982
2053
1986
2111
896
2201
1967
2127
1980
858
2109
1501
2099
2022
1403
1932
1854
1888
962
2027
1939
870
1901
879
1839
2148
932
2045
1991
1472
967
2078
961
2064
1986
904
2016
1964
2036
973
2062
1889
1903
1479
2041
1971
2001
2011
954
1941
1976
2149
962
2034
1971
1985
839
2148
2132
1991
1421
2067
1958
2024
1970
1995
1935
2028
942
2102
2046
930
2052
2238
1849
1467
1929
1999
885
1978
1965
1948
1010
1975
1926
1923
829
1932
1886
1891
931
2006
1975
2127
2112
959
2105
2047
1885
906
1898
2109
1995
949
1976
2154
2065
1494
2124
1476
1951
897
1968
1903
2051
2203
2131
2019
1982
1879
1895
2053
1932
1965
1614
1958
2022
2083
2076
2102
2034
1874
1906
962
1960
2269
2079
960
1884
1927
1522
1931
1989
1945
857
2058
2123
2170
1007
1980
1990
2026
847
2116
904
1354
2037
1937
2013
952
2036
1970
2093
887
1906
2062
2061
1033
2086
1922
1856
2135
2040
1529
1933
2071
901
2068
2065
2141
933
2076
1878
891
1842
1923
2022
1978
2055
2064
2086
1996
1955
1981
2010
2015
1914
2002
948
1999
1999
2246
891
2054
1513
1999
1930
846
1988
894
2043
2103
1957
889
1848
879
905
1992
947
2630
1854
1465
1971
913
2071
1980
1958
863
2007
2134
1969
921
1942
2021
2065
2018
2053
1972
1885
1871
1954
1937
956
2236
2087
2043
1975
864
1914
979
2061
2092
1431
1954
1007
1980
2040
1000
1878
908
2006
2222
940
2104
956
884
863
2784
1521
1992
1863
1938
1901
2062
2119
2079
2128
1991
890
2027
1953
1975
1910
2507
1956
2054
2095
938
1990
2046
1891
894
2015
2080
946
2292
930
2035
856
1474
1503
2153
1451
1944
1957
879
2175
977
1980
1907
1840
1904
2093
2099
2097
1385
2003
2016
2056
948
2105
1869
1974
2106
1999
2025
1984
960
1967
998
1883
1473
2017
1983
880
1938
886
1999
1989
2027
900
1967
2020
2095
832
2087
906
1611
1900
2040
1990
938
2040
962
2092
2114
826
2063
966
2007
2001
904
1964
2665
2642
1935
1981
2027
2067
2006
2036
969
1965
1903
1876
898
1875
1984
1985
2474
1426
2005
2114
2091
949
2184
2055
2033
847
1955
959
1966
2016
883
1902
2650
2125
2116
1887
1906
841
2028
1998
1985
949
2095
1950
1956
976
2192
1976
1369
1867
1934
2046
2013
2014
2050
1996
1960
1869
2020
923
2102
940
2063
850
2000
2032
2085
896
1983
2007
1961
958
1937
1899
1864
848
1972
1894
1011
2053
1384
2018
2170
2086
928
2041
2305
2030
860
1895
974
940
1098
1967
869
1899
1619
1510
1541
2062
1936
1920
1902
2016
2023
1919
2041
1949
2007
2128
1943
1995
1896
1954
2029
2041
2085
2036
2154
2012
1987
1952
946
2068
931
2076
918
902
1593
2055
1532
1988
866
908
1964
1922
1923
2050
1988
1947
2101
1988
999
2014
2040
1876
2064
2279
1907
1998
2077
879
2220
855
2034
2052
925
2094
891
1904
2046
965
2065
968
1819
1909
949
2011
988
1987
867
852
1910
855
1943
1974
1363
1934
1645
2019
2021
1080
2055
899
2013
1933
1921
2083
2037
2059
1967
1878
1909
1504
2116
1407
1940
2019
888
2040
1000
2069
2017
1953
882
1986
2103
1973
1559
1981
1989
2069
899
2048
2004
1918
889
1869
880
1034
999
933
1923
1858
1992
1706
1951
1999
1955
1974
1991
2076
2107
879
1887
1871
1952
1908
2038
2210
1949
2479
1938
961
2044
2055
2001
879
2066
1963
946
2106
969
935
1912
855
2053
1968
1978
890
1949
1907
2006
1039
2141
2141
2030
2032
842
2025
1981
2011
1565
1911
2139
2054
915
2137
1988
1892
1887
2015
975
2129
2058
908
1995
848
2001
2133
1516
2079
912
2044
1980
2000
941
2104
884
886
1934
851
1993
2024
1356
1918
1492
2106
2042
954
2055
1934
1925
830
2012
2064
2138
969
1989
2085
2067
1693
2034
1929
1919
891
1898
1934
1939
958
2076
814
1941
1934
998
2086
1422
1430
1764
2044
933
1969
929
1867
910
838
960
1987
2123
922
1946
840
1918
1996
1491
1911
2065
2032
914
2010
942
869
2060
1864
873
1839
1940
893
1938
1917
2047
1471
2075
2110
913
2007
879
1905
1969
1977
923
2122
911
1961
1992
1491
2033
2033
1917
881
860
1897
1974
943
1256
1872
1906
1959
2085
2073
1372
1663
1934
989
935
910
2016
2084
1966
1939
941
964
961
1907
885
1933
1933
1541
1533
1877
861
2111
2007
953
2020
918
906
1993
876
1861
956
918
1958
1881
1914
2012
2030
2007
939
2017
2158
860
1956
2041
2125
2035
2067
1960
2018
2010
1465
896
871
1908
1905
1981
1987
2112
883
1919
2084
840
2072
913
1361
1423
2056
935
1942
1951
940
2102
869
831
965
1309
956
1988
830
1881
1449
1449
1583
1965
2209
2024
904
1954
988
881
881
2081
1966
950
969
1910
2703
1570
1980
1869
1908
1964
2235
1998
918
2059
917
906
1970
863
1904
1070
1383
1994
1542
1500
979
2099
2005
1909
846
1901
2015
999
1954
2000
1915
2108
2013
2059
1512
856
2049
853
969
962
1910
2194
971
844
2008
864
912
973
1447
1982
1579
1938
941
944
2055
852
2047
1910
2008
952
962
941
2076
877
2140
1521
1926
2024
1956
1818
2033
1979
876
918
2008
1959
2073
1875
2152
2030
2084
1954
2092
926
946
958
1941
868
1830
1865
1920
2069
986
2016
1052
1980
2016
1482
1485
2047
864
900
933
1938
2123
1000
946
2067
839
859
923
2018
1441
1833
1970
2035
2039
903
1973
1980
849
2018
912
966
2102
916
931
2003
1543
1936
1943
1864
1899
855
2044
1979
928
2015
2089
836
2015
1900
2019
2087
2058
1977
2179
2043
953
914
858
1890
1826
1828
1966
2024
976
947
982
1888
1497
2032
1487
880
916
1998
953
2121
887
2193
923
892
845
1895
1995
973
1930
1998
1554
1993
1969
2081
2048
855
2000
888
917
1034
2083
955
2109
858
2653
2049
1584
2016
1961
1813
977
2148
2000
930
2155
2019
1932
2064
898
1937
1421
1387
2091
2089
958
2070
2011
1967
863
846
2007
2067
969
1981
1968
1960
2071
2028
1463
834
2134
841
1041
1985
2037
959
937
1936
872
869
951
968
1963
1499
1972
1950
957
922
905
1917
820
1883
1881
2021
916
950
1629
2004
1517
2086
1465
2027
1921
1850
2069
950
1938
2005
1995
2064
2057
1941
1892
2140
2013
1981
2037
1439
1025
903
1934
1918
1830
1947
1953
959
2054
2037
923
2044
1554
1552
1485
2038
875
1848
965
876
1916
941
927
877
2026
1885
937
1983
2007
2037
2059
2096
995
2057
889
871
847
1888
1942
942
892
1895
2050
868
2042
1962
2000
1970
1924
836
2048
955
1908
1980
2114
885
2051
938
925
2066
1422
1408
1542
2074
2136
1957
867
1852
1829
916
1883
1931
2060
2171
915
2015
1524
1639
2021
1945
1876
902
964
1969
931
1041
916
1896
2020
904
1996
971
1631
1864
1938
1987
2109
2157
882
1907
1997
1853
2094
2101
1943
2008
2071
1887
2107
2084
1981
892
856
2016
969
2061
925
2029
1036
951
869
2004
1891
940
2547
1960
2060
939
2077
2099
900
1972
1868
849
2047
2113
926
2132
990
837
2028
1993
2045
1876
894
837
937
2045
2039
2066
952
878
861
1973
925
969
1469
2103
1526
1948
1985
936
900
845
1912
906
903
2002
940
928
1940
1866
1565
1993
1535
922
842
1909
907
1019
2222
2083
861
1920
1981
2001
920
2055
2012
1924
1527
1479
2089
960
878
1882
1864
1892
1970
942
920
975
2080
940
2711
1609
1505
1957
1998
1843
1034
920
1896
959
895
857
1935
2013
1975
971
1469
1844
1984
1923
2087
2071
905
846
1934
840
845
2046
2023
1975
1956
879
2708
1512
1456
2029
1969
1930
2060
2185
909
922
896
1981
2005
866
1992
952
1438
1390
2107
2051
970
1976
914
1871
824
851
885
2175
1951
2119
986
6340
2119
1533
1891
1395
864
1916
2038
2157
1481
1960
979
878
854
1977
2102
1976
1423
1550
1561
1992
1014
2109
2031
890
1982
907
896
1007
2136
950
945
2052
1543
1488
2096
1883
1884
862
2037
2011
883
981
2010
1974
1888
892
2013
2097
1547
2065
2149
2047
942
973
1891
826
830
1867
1887
2034
939
983
947
885
2108
1625
1999
1987
2022
1920
912
920
1955
2100
2073
1951
829
872
915
2036
1400
1870
1973
1461
946
950
1913
855
854
897
2032
979
1922
2105
879
902
1571
2106
1573
1344
1945
811
948
2030
2059
971
2004
2017
867
887
934
2171
1442
1561
1960
1937
1978
951
1970
2014
1872
1883
2048
967
954
2091
934
1960
2073
2048
1467
863
983
848
899
916
1876
1950
2020
1885
855
1980
942
983
2133
1549
1522
1470
2120
2077
916
2045
851
1891
1989
2064
1930
961
2126
1916
2100
2053
2120
1843
1964
1905
2030
2077
2071
2043
906
830
854
1841
1923
941
1417
2038
1626
924
968
2023
2017
830
2065
2010
904
948
1968
2006
2080
2001
1597
1567
1438
2042
896
855
2031
1980
2008
1986
935
894
853
1922
1974
1983
1409
1409
1578
2086
2134
2052
927
1968
2115
866
924
927
2070
906
921
2027
1541
1542
1949
1852
924
1862
947
935
907
2030
947
876
1942
1927
2079
964
2558
2662
1503
2006
2081
2127
878
855
853
1941
910
2130
2019
2177
915
882
1567
1525
1450
824
1906
851
956
906
1997
2115
944
857
1980
872
899
911
2118
1988
1596
1967
950
943
2046
2003
1861
865
1981
937
2024
1966
2048
2058
2588
2008
1951
1382
891
835
1998
2013
2055
2074
947
897
857
1887
1993
969
2739
1431
1494
918
2029
2014
2125
844
1877
931
927
982
1936
2044
2078
2007
1565
2095
1485
1351
882
1975
2235
1081
2068
2041
947
1955
1929
1864
885
992
1440
1525
2007
2153
2110
999
1975
1997
834
878
916
920
888
1917
895
966
1546
1972
1497
851
911
1852
968
2051
1972
960
1933
2135
801
1987
951
2036
1505
1431
1541
1997
945
939
1893
855
1884
875
2001
2063
2087
2067
1970
862
1510
1468
1500
1881
1933
896
933
1002
911
994
951
1930
2029
2032
1367
971
2016
1390
1723
955
1988
985
1920
2062
1987
871
1063
906
2109
972
1363
875
1554
2002
1971
848
899
980
2213
1986
1937
916
1898
842
917
864
2049
2069
2037
1388
1541
2051
1062
914
877
875
1893
857
911
967
1939
1968
1969
2004
1549
2003
1485
2047
2036
1806
966
1986
925
993
2000
1895
1296
868
896
973
1382
1861
2025
2044
994
2148
2065
892
941
859
2003
1961
2007
971
1895
1882
1469
1488
1521
1966
862
2077
2078
960
2080
2047
892
899
1968
837
2183
995
1483
1381
2045
1017
1013
1961
1986
945
1925
853
2027
2039
2113
2106
2115
2024
1530
961
969
864
1998
1964
906
979
949
1018
910
867
2040
1982
2065
964
2566
1495
1460
961
2029
1033
1988
2049
2043
854
943
972
2116
2160
880
2010
1992
1977
2123
2008
877
881
925
2059
2093
920
891
919
934
876
950
981
2437
2035
2132
2117
2164
977
882
2010
1878
965
956
911
1938
2037
2038
1978
2020
1560
1521
1447
874
2058
1932
928
942
931
867
929
899
2023
2056
2099
1395
1447
1908
972
901
966
1967
870
1940
1883
992
933
965
944
903
1947
1988
2027
2063
1951
1917
1960
924
2045
2141
2111
922
1899
858
838
1095
1985
2045
2052
1570
984
2048
971
921
881
891
1829
1034
904
963
2112
1920
1975
2572
1543
2044
1376
894
861
2004
2188
943
2083
902
854
2007
1942
1948
968
1372
1403
1943
2136
2262
978
2068
892
908
852
1966
1960
980
1985
856
1943
1939
1500
1506
1406
1851
889
1941
2001
2047
956
2022
1954
1999
870
2076
927
2031
1483
1487
991
2130
934
897
1895
865
1908
975
1980
2087
2043
2129
1980
1504
1541
1616
887
1835
846
1887
1027
2071
903
890
854
1990
1944
1986
901
1898
1944
1480
1952
951
1914
2030
1981
902
942
970
2083
2227
955
1906
1869
1952
2004
2120
1989
903
990
880
2054
2142
940
936
848
1926
899
958
972
1870
1983
2090
1579
957
2092
2020
872
887
863
992
1998
945
941
902
1875
1945
1996
1940
1370
1896
914
957
955
2227
2100
2044
1892
873
869
2106
2057
1463
1976
1502
1456
896
944
2051
1926
1905
1908
932
2056
2153
981
913
881
1981
2048
2033
832
2048
2062
936
2000
1977
963
2080
1930
860
1951
1973
951
1959
1407
2072
1556
948
1005
2132
2093
2033
1982
924
1904
916
2077
2001
895
1974
1534
1556
880
836
852
909
2078
2075
2041
907
1951
1969
1826
1966
895
1395
2067
2011
2128
2093
1001
2014
2001
1936
855
964
944
989
905
864
832
1462
1505
1468
1449
2000
852
942
929
926
906
2084
872
4863
862
1975
1998
1530
1884
1996
2032
948
2140
955
2041
954
856
937
1029
884
1945
2040
1928
2006
1521
1993
1915
1856
1977
971
2145
934
2074
914
803
885
901
982
910
1360
1426
1469
1008
2079
2061
1932
1899
2026
2024
940
2075
976
1407
1917
1865
1441
1967
2097
1998
1918
1955
912
2037
2106
2021
827
838
1917
903
990
1980
2631
1959
982
2023
955
973
1956
839
1891
857
940
1065
1923
1915
1942
2031
1462
1514
1520
911
850
908
2099
2073
1952
2061
907
1969
1985
821
1972
1919
1947
1897
2048
2086
2040
962
1994
2004
881
932
934
913
922
2105
919
873
1926
2017
1499
852
849
868
888
1962
1089
2033
1955
821
1980
2035
2030
2052
1378
1860
1473
1955
1016
982
956
1995
1980
2025
2096
1926
952
2009
1971
1852
2235
1661
2088
929
1258
860
879
967
2012
954
909
855
860
890
1989
2131
2622
2013
1925
1996
939
2031
928
1987
2072
2044
980
882
969
2134
1906
1880
1972
1964
1985
2002
915
2012
1938
1924
939
931
1927
2024
1979
2060
1963
1999
1377
866
1882
968
920
1959
1941
870
950
845
939
2019
2043
2036
1919
877
1448
1499
1487
1875
874
865
891
972
1054
916
857
888
860
819
1950
2079
2037
1919
1989
997
2002
891
2030
2036
2034
836
2011
2085
1985
2053
898
2021
1995
2071
1553
1385
2049
1980
1998
1909
2043
930
879
840
899
1862
996
957
2003
1958
1495
1727
971
978
2034
1986
2000
1993
943
914
918
952
875
834
1993
1990
1477
1877
2004
891
2040
993
987
953
894
861
873
2032
2012
2046
1369
2041
2085
2033
934
968
932
919
852
823
977
860
937
953
872
1914
1455
1538
1690
853
842
1899
930
873
953
1991
1945
871
1940
1870
1962
948
1912
1420
2054
986
946
1020
2076
1998
1982
1947
1981
1989
963
2064
1926
1929
2629
2046
1540
1998
823
1383
900
1947
965
916
874
872
905
859
901
2010
1916
2041
1994
2045
1961
1973
979
1902
840
1902
2062
1975
892
1921
892
1983
1928
2021
2181
966
1938
2084
1920
958
987
2041
2055
1940
1993
1889
1358
1950
2465
1424
1447
1547
2011
960
912
857
881
1943
1999
2119
2139
939
2018
869
1509
1552
2085
1972
1951
909
1965
2052
961
1943
1912
2038
2097
1940
2149
2115
1391
2037
1930
2079
900
947
1930
1879
840
818
973
903
2033
923
823
1866
1455
2087
1467
854
806
1968
2045
968
2051
1943
2072
2046
867
1948
952
2012
1356
1419
1464
2173
2105
2080
1961
1875
1954
876
2076
2026
959
2076
904
889
1483
2026
1721
863
2015
1937
950
966
950
1924
1482
1841
1854
2049
2130
1925
1870
1425
1525
940
924
1980
902
974
876
865
952
930
2028
1982
869
1954
2047
1518
1540
880
1899
882
888
2083
2110
977
857
817
859
842
2066
1994
1931
1413
1605
1539
2047
950
2070
2074
876
1881
941
934
2130
2002
883
838
1466
2038
1532
1406
843
1961
910
1045
1986
940
877
1970
2064
825
942
933
1368
1409
1525
2066
2016
898
2047
966
893
1850
2028
2059
2214
2081
1929
816
1482
1602
2060
869
826
877
882
2110
985
912
1955
853
1899
1898
1993
938
1391
1446
1472
1490
967
993
1987
920
883
826
917
2070
2061
2038
962
845
2708
1958
1532
1345
2000
1903
907
955
939
1973
1955
844
1977
1873
2221
2280
2096
2090
1943
1321
814
910
958
1989
1070
963
1929
858
861
1916
1972
959
1970
1976
1573
957
965
1977
896
853
2027
1945
929
960
925
977
2217
1969
2067
1961
1486
869
1901
1937
953
2055
2078
2120
1999
849
855
858
1978
2114
1402
1438
1706
2015
959
922
879
1825
1852
1973
928
982
1944
1980
909
2031
1533
1503
1498
2059
907
1927
2069
949
909
1991
1944
1956
1924
1984
1988
1925
1446
1888
2063
1443
942
949
875
1946
845
1890
1929
940
1925
1924
1999
874
1514
1439
1496
1367
873
1897
2021
890
938
948
952
2021
839
2057
914
970
1575
1352
1976
922
976
954
1914
883
845
887
1994
1983
917
944
1983
2125
1546
1938
1502
836
925
847
962
972
1900
2231
886
872
1950
1841
1939
1963
1988
1405
1471
972
2112
918
878
818
843
2040
913
957
2094
2054
2029
1935
1963
1645
1452
842
909
841
940
932
2037
974
919
887
1948
2028
967
921
1490
1878
1550
948
2117
2027
880
837
1843
1876
941
2028
1990
2100
1957
1993
1518
1527
862
884
1915
852
947
1995
914
952
1984
1974
838
2168
938
940
1434
1410
1555
1905
941
982
1972
1949
831
876
907
1406
2051
959
1969
1905
1492
1466
1458
2002
1424
842
2085
2088
888
1950
2045
867
803
978
885
2065
1429
1368
1546
2027
957
957
906
1879
1877
1945
906
975
1944
1915
955
2068
1572
2048
1976
887
2002
1949
984
940
1920
1978
1960
1961
2083
2038
2076
938
1417
1379
2074
2131
976
958
889
824
1981
883
937
2038
2055
2029
902
2004
1961
2158
1473
863
915
846
964
882
941
991
917
1892
864
897
942
981
1890
1872
1637
971
937
2064
2110
868
809
2094
1978
931
932
979
2088
2001
1526
1981
1932
1897
2140
1869
2144
2143
2056
962
943
882
848
2004
905
926
2270
1416
1522
2190
2018
966
1978
1891
889
893
910
2049
1971
1982
1954
2049
1697
2131
1973
2027
2007
890
938
940
1995
2087
2064
850
856
867
2066
964
1551
1976
2023
942
2075
2000
988
852
846
1868
967
965
896
2049
2013
1897
1986
1624
1536
844
2151
819
979
1968
932
949
2003
2118
871
2054
2061
1005
1400
1376
1974
911
2160
2053
900
827
871
861
884
959
923
907
1945
1983
1630
1511
1559
1876
1981
2055
2161
2174
916
943
2084
838
1928
864
895
981
2045
1426
1572
916
1954
2053
909
829
1947
1992
929
958
933
961
930
868
1674
1626
1491
871
890
1986
1011
964
853
1917
1953
1922
1911
1948
2049
2067
2069
1554
1676
2081
953
930
935
854
841
861
900
921
1939
1949
1958
896
1471
2076
1496
871
894
861
923
936
921
948
903
852
1927
2042
2064
2043
2614
1983
2106
1940
2062
1971
860
1934
1862
2044
930
1956
1926
2114
1943
1960
1517
1529
1424
1351
1963
898
976
1999
1544
946
2011
1934
879
2061
2121
934
1416
1356
2723
2024
2047
2012
897
894
849
947
958
1951
918
2082
1978
853
1507
1474
1983
1993
1902
1873
2022
1980
2081
2090
2041
1989
1900
865
885
958
2533
1478
1589
937
1976
2080
2027
1885
800
870
2077
2154
1049
918
2050
867
1501
1465
1470
854
920
1990
959
986
2065
1929
1980
2052
1956
2013
2003
1024
2654
1377
1550
2157
981
981
865
951
1953
882
919
1979
1923
1919
2003
895
1532
2091
1432
1351
872
852
930
902
2015
1015
887
2078
1985
1939
2022
2123
2017
1995
1943
1466
962
960
1934
855
817
868
2029
2006
959
950
1987
1935
1500
1498
1506
1412
879
837
962
1024
928
980
910
1897
793
835
853
2014
2001
1905
2094
1973
2143
2077
866
856
832
893
917
954
965
949
920
861
1512
1663
1448
840
874
2014
2049
2027
879
944
913
826
879
962
920
968
1435
1419
963
960
971
948
880
850
2116
1941
2009
1945
1927
1939
897
832
1595
1970
1999
830
876
842
2083
922
920
907
2113
1879
1951
2121
886
935
1400
1994
1523
1498
2243
926
915
2015
1967
837
1969
2107
945
963
926
2036
1939
1472
1468
907
903
894
1027
917
887
1938
2028
870
850
881
2059
2060
2105
2018
2074
2045
2083
2070
890
851
846
1877
918
962
911
2110
1973
896
1580
2194
1955
856
1915
869
950
927
908
945
947
848
820
1915
995
920
1386
1996
2102
2090
2114
1920
1910
1882
1943
1949
2111
923
921
951
966
2144
1495
1700
1485
1930
2075
2017
971
970
1930
972
887
856
827
1880
1948
1953
2610
1888
1962
2010
2041
2109
2079
2015
1854
2034
954
939
979
2105
923
850
1561
2032
2090
2036
1903
826
965
913
1964
970
919
1939
853
868
1870
1934
1459
1921
1993
948
958
959
920
1967
1952
1982
1920
2018
928
968
935
907
2786
1511
2059
1994
914
801
915
1940
2028
2041
2110
886
1968
1981
2096
1016
1919
1419
1975
1004
928
913
2007
899
1909
1871
914
1971
1039
1962
2045
2059
1532
1524
2819
1968
2032
921
2141
990
918
990
1331
873
843
880
2000
2112
1977
2426
2116
2217
2090
952
1977
874
1961
1937
1006
961
945
1932
946
1858
1924
2012
1616
849
1983
2037
2064
934
2047
2078
943
2005
2141
895
2042
972
1426
1905
2110
2022
995
946
2003
907
1897
1880
1911
1051
2122
983
957
1997
1666
953
2004
825
1964
2027
2017
921
892
967
918
1917
872
948
914
985
1396
1946
2054
990
970
2013
2053
891
1994
1952
1890
929
946
963
1971
879
2853
1493
2012
1988
2001
2017
966
965
920
2007
1966
1829
1900
2006
2238
2072
2013
1391
1902
1465
1963
1073
920
844
1980
1947
1974
954
1974
963
921
906
1955
1965
1502
1513
1955
2012
2065
990
2183
970
902
855
1880
1865
954
1986
1941
2008
1482
2253
2136
904
2100
1991
1881
889
1079
2135
2062
2046
876
861
2060
1622
1999
1888
1893
1910
893
2029
1967
2004
887
1916
2037
833
2139
2075
1404
2082
1583
957
1936
2110
950
848
2017
868
956
2062
2153
1983
953
1959
1474
1507
2085
872
869
2101
912
2056
2103
2169
894
827
882
1881
2003
1939
1379
1528
1461
1970
1970
956
2024
869
1990
1981
2138
2010
953
910
884
837
1465
1547
1928
2065
2011
1996
2070
976
1961
2021
966
1847
1854
2088
2099
927
2032
2025
1506
2090
1006
968
2023
1892
890
874
1982
974
962
2090
2056
1913
1927
1527
1931
885
859
879
1948
2022
2041
930
930
843
2043
1923
964
932
1457
1963
2156
1943
960
972
949
1867
2037
2017
2065
957
1999
2028
2066
856
1470
1533
2160
1362
1862
2034
2016
2082
2240
908
916
878
1969
1906
1923
1914
1913
1952
2036
2118
913
2235
990
1997
896
838
985
1926
2107
2154
947
2014
1464
2004
1982
1910
874
2012
1988
2102
977
2064
901
856
1832
874
1995
954
1986
1896
1987
2016
908
2264
2005
1920
1873
845
2066
2060
2160
936
913
926
1444
2086
1522
1993
1935
1851
941
977
1910
1961
1932
973
2041
1944
955
2116
1993
1424
2030
981
1097
2125
1998
873
852
2003
972
914
2044
2009
2003
816
1956
2043
1917
872
858
884
2042
963
2072
2048
2047
825
908
832
1977
1994
2579
1401
1491
1002
1961
2021
965
1941
1975
880
2028
2190
2035
956
928
842
2060
1954
2016
1964
1953
871
949
2060
983
949
879
1986
1915
1902
1963
1996
1982
1946
2101
965
2132
1001
2154
923
877
841
2031
2066
2022
941
1994
886
1629
1523
1982
1947
1890
855
1941
2145
2049
964
1978
844
902
832
2123
1963
1375
1941
1938
2021
957
2047
2003
2028
2096
1866
967
2104
2032
981
1954
2032
1466
1544
2108
865
5248
1883
1915
987
945
1945
2043
2048
866
1916
947
2046
1430
1421
2061
2084
2027
934
2153
1934
894
1919
2083
2000
930
1976
904
893
1487
1962
1976
2088
843
863
1986
2007
2113
2065
858
1964
882
834
977
2170
1386
1499
1452
930
1248
2002
2083
1873
1863
935
978
913
977
2010
1279
2032
2772
1530
1548
2032
2021
1908
952
993
931
904
891
1992
1977
884
2074
923
2042
1945
1972
2001
1913
972
1953
893
1992
840
1953
1998
2169
2227
895
857
2027
1535
1490
2079
1904
2030
894
2147
2098
1993
1908
865
1985
2028
2109
936
1407
1902
1945
2057
940
2030
1963
834
1966
1998
1499
2034
944
944
1916
861
2158
1550
1523
2031
1944
1965
1952
972
1959
1968
1911
2034
1965
1997
970
928
1890
1864
1495
2040
2133
973
2019
1929
889
1891
982
1919
934
898
928
1906
2138
1948
1925
2021
1958
1987
2015
889
2053
952
888
843
1852
879
983
943
1370
1885
1936
2046
1002
2056
2157
2085
1933
1944
973
934
2156
1964
2079
2034
1508
1534
2052
859
1876
1984
1934
962
973
1943
1954
1917
870
1955
2029
900
2099
1416
1502
966
952
2090
2130
2056
1878
910
933
2126
965
2107
2001
1837
1546
1993
2094
2015
1876
1976
2106
950
2173
2083
2067
898
879
1846
1975
905
1386
1436
2000
2081
2031
961
2036
1905
1907
2037
2159
1995
946
2010
886
863
2221
1957
1509
826
1918
1852
1989
2029
2081
2096
2053
868
1918
844
910
932
1362
1659
1916
2001
2191
940
889
1992
897
838
2045
1962
2019
891
2200
1963
2062
991
2082
1925
2042
879
2059
1956
2047
926
1906
1914
2040
1947
2060
2013
1379
1864
1957
925
1997
940
933
1917
1981
848
932
2105
1037
2055
2052
2096
2558
2031
1951
2058
824
853
918
1957
963
2018
1930
894
2054
1952
2055
935
1997
1413
1453
1001
2117
993
927
1877
895
863
1951
946
912
2001
2029
838
1899
1645
1533
895
1899
862
869
916
948
966
2002
1921
2021
1936
957
929
1332
1450
2035
975
1997
1973
2078
873
2001
1997
2157
2173
993
943
1910
846
1908
1925
1642
1887
837
900
904
975
2007
2102
882
1954
2228
860
2053
2006
1366
1454
1999
2091
1913
2102
953
874
1992
841
966
2045
2018
1960
855
1939
2541
2058
1999
1986
867
2018
2202
1945
928
881
1936
1970
1945
865
2213
1928
1355
1437
1917
2053
2120
2096
1992
2131
884
1959
979
927
2138
1959
900
857
2122
1547
1999
1976
1997
2063
2021
970
2107
2070
1886
1945
2044
1960
943
2027
2556
1390
1932
2064
1973
968
1951
845
870
828
2113
2035
2011
892
884
1968
2048
2133
1929
884
1838
872
910
960
1957
912
907
855
884
1876
2176
2072
1984
1401
1452
1495
1961
2130
1950
1873
858
845
2130
2141
2033
2060
942
865
2063
1541
1948
1870
1828
896
922
2060
2025
2033
2071
840
2003
875
962
2059
1367
1934
1562
1519
1986
2005
918
837
2056
1997
927
1969
1979
965
1871
1936
2078
1524
2073
887
884
1991
2043
986
971
2058
882
2018
882
828
969
908
1977
2003
1481
1999
1363
1943
2000
886
1878
881
2071
947
933
2166
2020
1880
1490
1995
1567
1967
2087
2054
1998
2082
1945
1912
896
1926
919
1866
2045
1454
2025
1422
2139
1999
2076
2110
983
876
2006
1964
933
1968
1961
2007
947
1884
1500
1498
1958
892
1927
896
2063
2099
2045
928
1909
1928
2024
1926
2089
2099
1892
1420
1926
2032
925
2116
2028
1971
905
1982
963
966
972
1946
1908
823
2044
1983
1885
878
855
1958
892
1991
939
998
1961
2007
2146
874
2058
949
1376
1515
2044
976
962
1953
1915
891
983
2104
2056
911
2015
958
1977
844
1924
1894
1947
923
953
1949
912
1954
1956
918
2033
952
2051
1015
1018
853
2087
2085
1926
884
1949
1846
1960
905
1966
988
2072
900
832
2071
2170
2048
1941
1410
2059
2125
971
2030
1982
2005
1838
1901
907
1967
937
2028
2031
897
1534
2111
2053
1957
1936
1998
964
965
2022
2013
1925
1947
2115
911
1904
925
2680
1513
2033
1436
964
2016
912
2178
1898
1843
1920
2057
2088
973
940
1992
2073
1986
1498
1840
2117
881
2048
2020
933
2176
944
1984
924
860
913
2106
1406
1865
2236
1937
1950
922
905
1825
819
1950
880
2064
2047
957
2016
919
2798
1513
2121
1900
898
1983
966
1045
2047
2177
1897
1918
1942
868
1929
985
2102
1414
1986
918
908
2048
887
2004
1819
1858
1937
2054
1957
980
935
864
2139
2122
1491
1933
2054
860
2088
2031
2093
957
2072
876
884
890
2006
1473
1498
1946
1996
1897
950
1011
1926
847
1959
2222
2030
2014
928
976
2139
922
1991
1544
1494
1925
2029
847
2028
1988
1927
962
1326
895
1922
1911
2278
982
1647
2005
1474
2000
2094
925
1859
850
1877
860
856
995
2029
2022
2029
1962
1483
1548
1941
1336
2037
879
2048
924
925
1945
1962
2036
817
1974
2002
942
2033
1883
2159
1982
1978
2073
893
806
1943
857
2056
2052
907
2085
960
898
2137
1578
2013
2016
2027
856
951
952
2016
1982
1959
1920
1922
905
1933
950
2016
1433
2095
944
1023
2098
1032
1974
1885
1878
1952
2156
1986
2020
901
2130
2202
2004
1459
1850
885
1997
912
2079
2013
2137
959
1950
835
912
920
2245
1975
1571
1955
1957
2005
949
980
1973
821
2103
1001
2043
2007
2128
900
863
2097
1512
1487
2014
866
856
2125
1979
922
2139
2057
885
1974
868
1967
1953
1946
1953
1591
1047
2076
907
1997
2041
843
2008
874
2144
2147
980
1939
1901
1979
1461
1867
873
1890
1922
879
2059
903
2059
941
2095
1893
1889
898
2129
1409
2085
2089
2054
1980
1952
1871
2027
863
2014
929
2061
966
954
2070
1966
1516
1514
1965
876
1884
1843
968
956
2037
2049
919
1970
852
889
918
1944
1423
1849
2040
924
2127
950
2066
1973
1990
865
1900
1004
2041
2017
1895
2008
2003
2072
1438
2004
883
832
1971
936
1967
928
2070
888
1922
885
2061
968
1417
1941
2030
2005
1948
1954
1896
1934
1944
894
2033
2017
911
2067
949
1906
1591
1941
2051
1930
890
840
2024
1955
1929
904
2082
2029
824
894
2037
935
2581
1548
1557
2052
941
2144
920
1884
830
906
1961
1988
1914
2188
921
850
1529
2005
1970
2147
1912
872
1951
2034
864
27901
2048
846
2055
912
903
2049
1497
2114
2005
1913
1975
1973
1859
849
1849
905
896
2107
1983
2050
2086
880
1508
1935
1463
858
1882
1936
2203
2006
1976
968
2014
872
1880
1958
1018
2316
1396
1969
1618
2022
2092
922
1891
887
1965
882
1932
966
947
2061
1997
2074
2113
1538
2681
841
1910
852
2132
2039
1994
968
2079
891
1866
868
1960
1985
2676
1853
1993
2029
2035
2061
925
2011
2088
868
931
2098
958
934
1976
2003
2081
2023
1923
854
897
1878
1980
2208
892
971
920
1910
833
1898
916
962
2719
1457
2022
940
924
2189
876
2033
1872
866
918
2001
1980
1980
959
842
2074
2033
2038
823
2054
843
1951
922
2073
2130
2023
863
1993
855
897
2118
1463
1845
1992
1936
1932
1975
1861
872
2048
850
917
2078
2063
948
907
2084
1524
1532
1984
1867
1892
2000
985
2070
1954
2150
943
884
1937
833
1951
946
1443
2014
1522
2024
903
875
1970
852
1971
873
2039
953
925
1951
1936
1935
1957
936
883
847
1837
1906
1984
943
1980
947
887
2040
881
2027
909
930
1977
1449
1987
954
2092
2057
2032
1941
848
938
1956
987
1883
916
1000
1860
1532
1467
1973
2024
913
894
2130
906
1005
966
892
1992
854
858
2035
965
2106
1509
1984
956
919
1951
2098
1971
857
1867
1012
1967
1940
2105
920
1987
1514
2036
2020
2046
2114
1850
1997
898
1989
955
2074
2011
828
1942
1952
944
1932
1401
2080
1456
972
2050
2034
845
872
2095
2176
1983
1934
938
2025
884
1544
2017
1491
1299
1954
2013
1973
2003
928
963
2047
1948
1914
1909
2081
2040
1439
1983
1536
2060
922
915
2015
860
1966
2057
915
988
1956
1960
1990
1895
1486
1482
1473
1882
1957
1962
918
2102
894
2012
970
1947
1866
1996
949
2041
1445
2005
1573
2009
2065
1983
1875
1858
1984
934
1922
956
2180
2061
2153
2067
1534
1531
2036
1352
882
1846
1960
934
911
2091
2040
871
1939
879
907
2038
1950
1893
1539
2002
958
2003
914
2046
1940
1971
947
999
2114
2147
900
2061
2619
1955
2233
1949
1878
875
2082
966
2031
993
2014
1909
1871
941
2099
962
2148
1368
2081
2123
1982
1945
1880
1822
1949
893
2069
931
2055
975
931
863
2096
2010
1469
881
2005
2008
968
968
920
950
911
1968
878
850
1922
1010
1433
1882
1516
966
2051
971
1925
1888
825
861
934
2125
2178
2002
959
893
2011
1464
1517
1958
888
862
2233
1946
929
2097
969
878
1949
1996
1893
963
1486
1372
1580
958
1001
974
882
1842
798
1987
900
973
2013
956
909
884
2068
1960
1468
884
1903
830
948
941
2046
954
876
1938
895
855
919
1968
2143
1958
2096
2079
972
922
886
880
869
869
1918
2124
908
942
925
857
2607
1473
1943
868
989
2017
2098
944
911
954
1980
899
2061
846
2016
988
2189
1435
1577
937
967
943
2009
1941
856
1848
2077
953
936
1003
996
2135
2066
2084
1451
1336
2022
883
1006
914
928
952
1952
890
1934
859
2153
974
1373
1385
1901
959
2102
911
2026
850
1985
1851
1935
2014
990
917
1953
860
1470
1586
2114
895
957
2037
1908
954
2139
978
963
2030
2016
1919
970
944
1374
1506
1500
1025
918
2221
1013
1944
895
890
2165
2142
966
930
2061
1915
1481
1679
1994
1397
867
889
1977
961
1971
2026
929
866
886
1862
972
2179
1962
2041
2077
2072
946
978
939
910
879
1881
2001
904
935
910
870
1861
2658
1525
1582
1961
1908
884
941
971
2001
950
2004
870
1975
864
2164
955
1450
1502
1538
938
953
1938
929
1981
895
1944
984
933
2060
950
872
871
2623
2002
1488
893
1875
882
1949
2025
939
978
900
1848
864
815
952
1970
2025
2017
2046
2042
939
964
921
915
931
1875
2129
925
944
916
953
1858
2051
1618
1461
939
1961
1905
918
960
1003
1923
922
2001
881
2024
2094
962
1444
1428
1627
936
2004
1911
925
1966
894
856
2091
2078
951
957
884
1934
2029
1530
1493
1915
1875
2017
900
966
982
944
929
2128
1963
873
1970
934
1517
1938
1451
982
1982
956
1959
863
874
867
939
1942
2133
2068
1966
892
1488
2009
1503
980
1992
889
878
2097
1992
877
2062
870
873
2154
2068
964
1977
1412
1476
912
1978
949
934
853
1906
893
2075
954
2008
2063
903
851
1548
2061
2056
883
883
1872
923
940
969
2087
886
1904
1900
864
966
956
2460
1863
2020
2087
2036
2079
969
890
899
841
917
2143
931
949
916
874
1913
2043
1527
1370
2161
863
2162
2026
1087
2011
1000
2023
874
2009
910
2225
1393
950
893
964
944
1986
940
1905
2045
848
1011
912
917
1005
2051
2027
1576
956
2012
1956
847
877
901
952
972
2023
1290
855
2005
850
2037
957
1364
2093
1464
2247
962
2067
1022
2005
1965
863
952
2030
925
932
1927
846
1524
1570
2024
859
825
2010
1955
1957
915
2193
891
879
1977
2035
2017
899
1418
1532
1908
957
930
982
1925
895
865
1935
951
2105
1475
2120
1971
824
1454
1521
1953
1993
891
865
917
940
993
1982
2031
850
2019
854
962
2046
1405
1927
849
953
999
1033
913
863
2014
1819
943
873
1999
918
889
1958
1448
1559
1498
1915
852
875
2079
958
965
1922
1940
852
892
2049
948
2059
1918
1525
1529
1935
991
941
860
1831
873
848
930
917
1987
2018
2002
835
2157
1759
1499
2085
1973
876
2127
924
962
958
2087
873
862
842
1015
957
1346
2003
1472
1453
2027
1978
1930
2021
1949
895
903
901
1950
911
889
827
1481
2028
1922
2051
860
859
1990
2067
922
1934
895
834
2027
895
2062
2012
1356
1453
1426
1460
915
958
1994
1913
860
1938
2124
2068
2087
2098
1889
912
1494
1948
2126
1947
844
918
905
939
951
2031
1906
821
1905
2046
947
932
1943
1406
1710
2065
907
1937
883
877
853
1972
928
2062
907
856
1958
896
1470
1974
922
1949
1969
884
923
2056
962
951
1985
1879
868
829
2070
907
2629
1900
1484
939
1928
935
938
881
1937
845
927
942
950
1969
2080
2189
1923
2030
1514
871
1966
2010
2047
2298
1012
912
883
2020
839
886
974
2013
2088
1377
1898
2028
914
1982
2230
834
880
834
964
942
1956
931
872
869
1519
2022
1923
1945
892
797
2033
1421
954
968
1962
829
2018
900
2078
2003
1396
1573
1498
1043
928
924
2057
2000
863
1933
2078
2051
2125
2097
888
882
1989
2003
2048
2091
839
861
948
2122
2035
929
902
867
866
807
952
1405
1337
1907
1949
2211
2172
1934
951
895
912
1304
973
945
904
917
1985
2016
1671
964
1991
2031
835
1996
945
2118
974
2045
930
2018
923
845
970
937
1431
1577
1991
951
1969
923
2030
2120
1888
1877
2111
920
928
2315
1994
1907
1657
1526
2089
926
1937
2032
908
941
2030
933
865
1989
861
2000
981
968
1360
1408
1454
900
1946
1995
938
851
1976
841
919
2062
931
891
888
1899
1486
1539
1861
859
850
869
2032
943
987
2124
1987
1869
858
2006
947
953
1369
2031
1447
915
913
933
931
919
2011
918
917
2048
2090
920
932
1959
1906
2020
1986
893
884
881
1922
976
1030
927
878
884
916
884
943
995
1933
1842
2056
946
2137
2164
907
854
905
2084
990
910
999
938
2034
1886
1988
2045
939
876
2023
1917
2013
967
920
2048
902
2039
2073
2023
969
961
1385
1396
1509
985
1941
1982
945
1925
1981
1962
2123
2143
2066
2064
1922
860
1447
1931
1995
1987
863
886
912
934
995
2119
870
875
2117
890
953
2043
2017
1420
1470
951
1039
942
956
2033
1909
812
966
1989
904
907
1902
893
2716
2103
1522
869
1935
2079
2063
2038
939
911
1996
896
860
2075
1951
930
1442
1865
1433
970
961
2022
921
852
1968
883
972
2051
2100
971
1969
880
2686
1513
2027
880
1905
2027
892
2036
2126
2009
888
1880
894
2056
2021
889
1432
2208
1498
2076
1094
936
1974
857
904
1832
2067
1978
945
914
2024
1978
2057
1552
1510
1910
897
882
2105
935
1002
1967
885
904
890
2010
2221
2033
1382
1502
1905
954
948
932
1948
897
1892
900
2072
981
970
899
2008
845
2638
1515
2105
874
1914
1883
2149
2065
2125
957
1958
846
914
1850
962
961
1874
1991
1517
2240
2086
978
2107
880
880
825
1946
1971
969
925
926
872
1479
2067
1972
933
789
1914
1991
2041
935
1890
2023
1962
905
2066
980
912
2004
2156
1481
973
963
1969
920
1916
922
2078
976
2223
955
2220
877
2052
1476
2155
2035
2021
898
1937
923
1968
968
2057
2021
1986
848
788
2086
955
2070
1546
1516
1997
913
845
1991
1953
2084
947
2015
1874
1987
958
904
2067
1458
1960
1586
971
960
2100
909
855
1955
862
2038
975
1956
974
2136
1941
1518
1531
1469
1939
2081
835
2122
950
952
963
2087
905
1867
887
1964
957
1455
2009
1521
2069
2062
2131
871
877
1879
887
922
2048
943
924
2046
2040
1495
1995
2028
847
1923
867
956
947
905
2112
1935
875
857
1000
988
2062
2723
2095
1576
2028
933
2026
869
1933
2021
1997
921
2105
954
993
1966
1860
1717
1473
1493
1937
836
1974
932
986
2099
927
2049
888
1932
893
2093
956
1948
1387
1981
980
2277
1958
930
830
1857
894
928
2053
951
1965
1999
2009
2767
1966
1516
839
892
1856
2036
894
927
950
947
868
856
2006
2005
976
2658
1396
1584
1959
1975
899
2087
2045
1948
915
2126
970
937
1949
1931
859
1519
1512
1896
891
1958
899
2095
934
2118
949
1949
875
1909
867
2083
953
2753
1926
1567
929
965
972
1901
836
1982
849
2121
2276
909
938
932
1949
1552
2084
1678
1326
1971
889
950
940
1890
965
2040
1964
889
1931
2127
978
2007
1537
1932
900
936
2082
885
1996
815
912
905
2076
927
2156
2167
888
2076
1907
1463
883
904
1912
971
2119
911
2155
901
912
834
1981
883
2080
1388
1865
1568
1988
2092
2135
1964
867
875
1903
959
934
1998
888
942
1917
1896
1467
1984
1995
912
2107
911
1964
904
2096
1952
922
893
868
943
2000
1980
1940
1547
1994
954
2135
2017
1956
2029
1958
947
1945
968
1990
1953
1888
1538
2015
1520
2036
866
1992
948
1993
903
2006
1467
2050
878
1953
911
1009
2025
1957
1500
2010
959
2110
889
1849
1943
1977
931
961
2091
943
2256
895
1485
1967
1497
855
1920
1851
2018
2060
2041
950
2040
1876
2010
870
884
2144
1455
1406
2028
994
1055
2038
860
837
813
2058
910
2098
979
1953
925
1914
1951
1954
1429
1417
904
1940
943
2053
916
2082
1450
2004
849
2016
936
2240
1406
1373
1979
995
966
957
911
1858
863
869
939
964
962
2111
933
1979
1983
1961
1866
859
891
1900
968
2061
904
1023
1933
864
1916
1980
1938
1997
1971
1439
1990
980
2118
998
1443
1955
878
870
2035
992
2067
1015
2015
1921
1583
1725
1907
1837
861
893
1965
943
1949
910
931
1986
874
894
940
2120
1411
1996
2173
1602
2120
1908
881
1947
849
872
1936
2031
1926
2051
947
2022
1509
2051
1600
1871
863
873
941
1933
2231
2032
874
835
888
882
928
965
2057
1408
2003
908
938
878
863
948
1926
862
2026
974
2163
1982
2059
882
2069
1531
2053
832
1984
890
984
2034
1938
1941
900
1884
1437
2028
877
2023
1446
2118
1566
933
2123
939
882
850
841
1908
944
955
881
949
947
1969
1502
2022
1996
1902
1919
914
897
1976
899
2021
889
893
884
1911
858
908
1913
2017
2063
2039
2095
926
1993
1877
865
922
1949
975
2025
944
957
2076
1554
1534
2091
854
1969
979
1969
1023
2023
927
932
1971
897
1006
2090
938
1485
1929
1605
1971
957
989
872
1856
844
2006
1931
939
2056
2179
914
2038
1506
1488
2070
1974
2019
1995
966
2005
2242
2070
880
877
1958
2011
2068
912
1429
1389
2091
924
1990
1971
905
808
860
833
919
1937
969
2035
943
1954
2034
1946
1456
2012
893
891
2137
2113
898
955
926
1983
1908
917
1915
938
2480
846
2016
957
955
2081
2044
884
1861
2014
945
1992
935
991
1951
837
1510
1954
1486
1883
898
1880
967
2081
950
2128
1541
855
861
867
972
2214
1404
1379
1530
911
974
891
900
885
1978
876
1984
957
977
956
930
944
2159
1510
1986
1392
1977
2031
1008
1969
912
1957
2113
895
835
2018
2044
963
2534
1380
2009
956
2073
2028
864
855
1964
864
906
927
930
2213
920
851
1548
1516
1477
1982
891
1866
2070
2058
911
2188
968
1883
1422
2083
907
2051
1962
1855
2085
1474
1970
954
2093
816
866
909
936
920
948
2085
1031
1989
1482
2128
1493
2065
925
846
1991
925
1941
941
1484
1921
854
1919
924
954
1449
2001
1651
2098
957
2061
905
2005
1817
1887
2027
938
2012
950
929
1926
1998
1978
1989
858
1860
1951
997
2054
895
905
940
1955
2011
2031
958
972
1526
1371
1561
953
1998
942
1877
862
862
877
892
981
1982
1022
1966
881
2706
2109
2025
1354
1853
919
984
2081
2144
2062
916
872
1966
2015
898
1936
1398
1928
1555
2012
988
2201
887
1986
843
871
932
990
2158
2151
892
891
1500
1917
1467
1879
2022
2025
2040
894
933
2025
951
1916
841
891
1944
978
1955
2051
2167
1991
1977
901
1962
846
1952
885
2044
979
953
2034
915
896
1972
1477
1909
850
1970
1918
2169
2092
897
938
2085
880
833
1855
891
2057
1441
1403
2063
2090
981
1990
913
1879
1864
2013
2078
915
2032
937
883
1971
2011
1951
1447
1845
890
1895
926
903
1979
991
959
938
844
948
921
1985
1902
1371
1597
2119
2028
967
2045
2060
842
882
1970
970
964
937
2005
861
2033
1550
1450
856
1908
836
2059
917
1952
935
2062
859
876
873
2138
2088
1394
1377
1589
884
1960
1006
2065
1967
881
2033
948
940
916
950
2037
1973
1528
1486
1536
907
908
1893
921
1992
1910
940
1889
1970
1969
2027
2031
2048
2167
1946
1549
2157
1941
1979
1903
844
834
2059
916
947
2105
2103
870
1409
1948
2013
2027
1921
1944
900
2106
2134
2082
2180
925
865
1963
879
931
939
2024
1859
1538
962
1993
1950
1979
837
1941
872
2044
2115
2012
901
978
1948
1486
1545
2053
1965
1960
1965
919
1011
2002
927
950
1972
876
897
959
1986
1348
1983
1988
1033
1918
2070
954
2185
2005
1956
985
1002
2232
2087
857
857
1616
2026
1498
1901
829
842
932
1985
984
927
1937
844
1918
888
945
2011
1956
1430
1438
937
931
2172
2127
868
1861
2028
970
2029
958
2182
917
1968
2047
1508
1522
908
838
890
2000
1994
2015
955
915
1941
1996
1996
2131
2037
1397
2067
1919
986
2075
2083
1979
1898
858
1921
951
966
2041
1921
2068
1987
1543
1516
2106
1336
2078
1960
2007
944
980
2065
1933
1997
1972
1921
2124
958
1394
835
2036
2159
985
1970
896
867
882
841
1950
1940
940
941
926
854
1457
2071
1955
2005
904
861
2069
2082
2151
2005
1901
1993
1944
1858
2297
2021
1348
2001
1445
2104
2138
2017
1998
908
1915
1909
2111
1962
1973
2070
881
1998
2012
2073
1882
889
945
1961
999
950
965
939
935
1944
915
850
2044
2105
1382
2012
1465
2130
2085
1969
956
1425
1874
863
954
1960
2206
2047
925
1880
1454
2138
1536
868
879
2078
901
1000
964
2070
920
2134
2010
816
2146
933
2023
1396
1517
2035
1986
963
2011
868
867
957
2013
953
2017
910
948
832
2002
1605
2079
1968
881
1908
920
920
960
1952
1883
844
867
893
954
2021
1396
2112
1529
2047
956
980
888
870
1896
1855
958
949
975
966
916
841
1937
2112
2036
900
852
1966
2133
2051
1938
1964
2032
1967
1951
836
2007
2009
1925
2173
1485
2066
937
1003
2068
2003
1986
839
2118
1933
1982
2017
1948
1974
2170
2002
1486
1861
858
2067
2016
2031
2044
962
899
1905
890
830
973
2085
1926
1442
1551
2032
1982
989
2102
1894
1976
1990
988
944
2072
975
869
871
1445
2083
2099
1880
875
1871
2073
1981
929
924
892
1904
881
2026
2143
957
2013
2266
1539
2139
1965
2003
931
1941
1896
879
937
909
1948
922
1986
871
1472
1503
1994
870
1971
2067
892
2036
948
956
1951
1888
1881
863
959
2031
1442
1980
2075
1457
2110
1318
1893
1995
2002
2065
949
948
2044
941
2145
858
1511
2085
2266
1932
1002
1929
1022
1980
927
882
899
1857
950
855
936
958
1383
1465
1495
980
1949
952
934
1907
895
1874
917
1945
2082
2086
917
854
1988
1500
1515
907
838
2006
872
1998
955
984
887
2006
858
2132
1961
931
1933
1424
1488
986
924
2188
869
914
882
887
2077
1948
1962
2115
902
1972
1463
2053
2059
873
2010
933
934
940
1019
905
894
1953
2138
874
961
953
1942
1873
1994
2036
2082
2109
2016
1952
1878
1935
954
1966
1952
2127
2048
1959
2057
1492
2066
1892
1922
1984
900
2102
963
1968
923
2073
900
1965
935
1012
1400
1957
1949
948
945
1985
1931
1913
863
2076
2207
2129
2014
967
2123
821
1590
1540
1566
1971
1983
1922
1040
2032
910
943
1937
831
893
1877
932
902
1960
1905
1452
1609
2080
959
2052
1999
2101
1954
2067
2225
1970
946
863
1882
1473
2005
2120
892
1904
882
2162
2034
923
2165
873
857
2042
2011
962
891
1871
2006
2024
2084
955
1978
927
1886
876
1923
2064
925
1945
958
859
834
1537
1585
1681
1950
1870
839
912
961
2055
2120
2030
1858
1924
877
2035
2236
2468
2081
2012
1470
980
2078
2153
2070
2049
1872
1947
2012
953
2009
1902
1947
2041
2008
1523
1885
854
2068
2006
961
1014
2052
1963
877
890
831
935
2140
2411
1479
1901
954
1890
946
2035
1944
883
833
956
944
1474
914
893
814
1548
2104
2030
971
875
841
2036
2004
2029
1954
2002
1912
1983
1903
2130
950
2490
1990
2112
2032
2136
2108
2053
1983
2045
828
2024
948
1909
1892
888
856
2038
2061
907
865
873
880
2031
2053
2099
2147
1910
2072
1944
1939
2097
914
2620
1436
1466
1499
943
2054
2049
871
1977
869
2088
979
964
923
2061
865
1471
1550
1511
900
840
870
888
1944
977
928
1933
863
1922
893
1997
1912
1924
1415
1460
2037
966
928
957
867
1953
854
963
862
2101
956
2042
829
2590
1937
1624
2031
857
892
2042
2081
953
964
896
849
2097
1881
2078
948
1877
1842
1466
1972
930
2015
2010
2029
882
864
974
944
2084
2037
2021
820
1643
1524
2071
2021
1953
889
2009
2000
1990
1941
1979
2164
1898
833
1969
1917
1940
1946
1943
2132
2140
962
2057
1875
2015
1947
1997
932
2059
961
1911
1865
1989
2005
2015
1901
811
875
912
930
2059
2279
904
817
2017
2041
2106
972
2004
2026
1976
2035
1945
923
2027
899
870
832
910
2055
1998
2111
931
2066
1509
2041
1854
1433
869
848
924
953
975
897
983
1976
856
2187
918
1948
1367
1889
1984
2020
1921
1971
956
830
1993
1973
978
2059
2196
948
2014
854
1962
1961
1632
2054
856
887
2099
2021
2026
953
870
2047
2029
1829
2068
905
1849
1939
2015
2108
2021
951
951
1897
848
858
2001
989
943
980
1990
887
1596
1520
1527
877
1904
841
854
1986
1967
923
2032
1998
875
1008
2081
918
1985
1412
1454
2077
912
2070
904
861
908
1961
966
1985
927
1893
913
1952
1498
2071
1583
853
879
1890
2016
914
938
946
2032
1870
2011
829
973
919
1513
1384
1984
949
934
2080
1989
2001
868
1952
971
1998
992
1912
926
1845
1437
1517
1488
1951
880
1991
932
1992
2139
927
911
2017
2067
1928
2035
942
1346
1862
1618
959
1947
2190
923
1968
1987
850
949
947
890
912
2034
1907
1973
1992
2010
2014
1826
890
911
1939
2106
2041
928
864
861
826
959
1987
2451
1439
1931
1940
2003
948
2053
843
1972
859
2138
908
966
1901
903
948
1555
1838
1523
965
983
930
2014
2081
782
842
1993
2048
923
1971
1985
1907
1923
1474
2003
842
882
2022
969
2112
880
885
2208
1903
894
1899
966
1953
1439
1909
1546
2050
2017
951
2125
2093
838
877
2075
1943
963
950
932
913
1524
2002
1992
887
874
2012
2005
2038
943
1983
881
1892
1868
1912
931
940
1395
1379
2043
906
2100
2176
1948
864
834
1983
2085
1995
962
2068
926
1893
2009
1536
1463
1877
2065
812
2066
2126
920
933
944
2034
1863
1936
1918
1970
2048
1913
2005
1026
948
936
2059
877
835
2018
872
974
914
2111
2047
1823
1529
1931
1456
1977
873
1927
958
2048
924
2090
960
949
849
2104
867
1990
1956
1398
1544
1978
2105
1939
938
1972
1898
1945
907
920
2143
1963
890
1968
2708
1921
1480
833
862
1888
2062
984
2111
2114
1980
1986
2007
2007
897
947
1981
2000
2017
978
962
902
891
825
2002
1981
908
2094
2043
2110
1967
1932
1527
1479
2030
912
878
1966
939
906
1905
960
930
873
844
893
999
2164
1396
1418
1972
1917
976
2039
886
1995
2204
882
1983
957
958
2015
893
1925
1521
1523
1982
1960
2036
879
2118
954
2035
1004
1926
825
857
922
2039
2007
1468
1404
2078
1584
2062
2046
890
900
848
865
913
1982
925
959
2121
1887
2143
1485
1963
1403
2031
817
1996
926
2006
966
923
861
2103
1996
871
2060
2013
2524
1577
1560
2131
1982
1880
843
1808
907
2029
2045
939
2060
943
2024
1521
1984
1941
828
879
835
1984
1997
2017
2213
924
2157
1866
2009
898
2070
1436
1395
1602
2015
2145
2029
928
867
814
885
936
966
1966
1953
952
1930
2045
2295
2017
1343
2031
845
954
1953
2017
2112
961
878
874
1991
902
960
1448
1411
2063
1989
959
938
1898
1906
834
2043
1923
2093
2007
940
911
1962
1520
2124
1490
2035
900
829
2013
1929
1009
1947
997
1961
1972
903
2012
954
1514
1357
2042
1963
937
2278
2109
1933
829
842
896
959
982
1990
903
1883
1939
1528
1453
1827
1959
1971
939
2069
880
2162
881
900
1887
945
977
952
2505
1377
1554
1484
2108
932
2059
841
822
1984
1994
901
2147
2011
1479
863
2106
2093
1506
2061
1855
1332
2058
917
1937
962
889
898
1915
937
1892
1952
1434
1392
1544
2075
917
914
1960
860
830
876
906
959
2084
2009
1915
1861
1969
2028
1471
1970
916
1984
927
2028
906
975
948
1905
808
2025
1960
951
2156
1412
2149
1983
2138
948
912
847
860
2016
1977
1018
891
2083
975
2020
1548
1948
1921
1914
878
868
967
913
919
2009
892
1863
794
866
911
2056
2103
1953
2722
2004
955
949
1899
1895
845
961
896
949
952
1977
2035
854
1937
1944
1995
2086
934
905
2065
2084
1975
1046
1967
875
1991
1976
920
1054
1423
1907
2057
972
972
1988
1909
848
1814
2120
1995
2092
908
2078
1027
1872
1604
1946
2068
1951
2146
843
1921
940
1879
2056
868
2056
1979
825
923
943
2133
1362
2235
895
961
953
1962
1900
1862
1964
2092
2154
951
2079
912
2017
1976
1905
1976
883
854
863
968
2091
920
2183
2047
1927
847
1996
894
940
2139
1949
1652
925
2259
2071
2090
899
838
1909
891
2024
874
1923
1989
924
1673
1709
1470
865
1975
846
2072
946
925
935
1988
1919
1911
2041
2283
952
2073
1421
1569
2010
1922
1937
896
836
854
901
894
1983
1993
950
2029
848
2020
1519
2029
2134
2002
2196
968
905
913
2136
931
2019
1918
816
1914
960
1411
1420
2035
1987
2088
1044
845
814
863
2029
2007
927
925
2113
957
869
2036
1514
2070
1855
1870
845
970
924
917
904
2156
930
1839
966
879
914
2608
2015
2086
1987
2069
2007
1388
1949
905
871
924
962
926
946
947
1959
1906
1481
1900
1848
1890
1968
950
897
2024
2098
1026
1982
875
881
2102
969
1401
1403
1985
991
960
885
1951
1970
851
2063
1991
967
2094
1986
2048
895
2095
2058
1471
1985
1859
1892
2038
960
2004
900
907
820
873
887
878
1998
2457
1554
1526
948
1985
940
897
1960
820
871
936
2132
1980
1967
1924
1912
1489
2057
1471
1948
1955
1991
2231
929
906
987
923
1424
837
875
1970
1970
1973
1405
1544
2003
2036
1920
892
835
862
891
2091
2020
2036
2038
930
867
2234
1519
2703
1975
1900
853
958
980
891
939
2061
939
1882
1902
910
2000
2597
2057
2105
1958
2018
937
879
1931
1972
1880
905
945
934
964
1952
1903
1909
1952
1987
2106
880
882
2238
2057
1919
949
2048
869
864
852
2084
953
1497
1431
1533
2105
2009
944
869
1863
1841
866
1930
2134
2120
2045
890
1989
1546
2126
1609
2042
1913
1957
2090
902
2020
2176
834
1927
2059
888
1909
2084
1411
1423
1530
2099
940
2100
900
877
833
2018
2035
2054
930
1962
920
1862
1566
1680
1521
1991
2193
843
939
899
928
2053
2086
881
1999
1996
2025
980
1560
1865
1518
2126
2178
2092
2016
1932
996
1967
924
2010
2014
2118
2072
2020
2112
1603
2145
838
866
2005
954
2063
915
2296
2062
959
1872
1881
1992
1977
1397
1403
2062
936
912
930
2017
861
841
2088
1962
935
2249
2170
2006
1987
1954
1978
1496
790
865
1873
2154
2080
1988
950
2020
1976
1980
880
904
948
1408
1453
1620
1416
1958
2192
1954
849
829
889
929
2089
2036
2038
930
2070
1521
1674
1887
859
901
856
2050
2064
2048
997
914
890
878
851
921
934
1449
1524
1499
1446
936
910
882
1961
1926
871
1034
2066
1937
948
1951
881
1506
1532
1940
1947
864
854
932
937
2068
923
2070
1968
1946
2029
960
968
1940
2053
2078
2047
1995
2001
1948
958
2001
1986
2022
893
2105
2073
1982
1977
1462
1519
2119
889
871
1907
1946
2001
1010
1990
1983
2064
886
2028
2102
1947
1916
1916
1901
1643
929
1448
1969
884
2019
829
1000
2119
931
2076
887
1951
2104
2148
2020
2021
1873
861
1032
1999
2048
2051
1907
1885
939
2016
922
2130
2012
1410
1997
2061
2079
2007
1923
1944
954
846
961
1934
2098
2019
909
1974
1480
1614
1483
2103
1904
868
1910
2182
2194
1044
894
842
901
846
1042
971
2006
1454
1480
1037
962
969
2004
2124
2023
1897
1983
1892
951
2010
925
1937
2067
1516
2170
1917
1859
1890
2072
2052
972
917
913
840
856
964
2015
1980
1934
1536
1946
946
936
958
2019
930
1889
1830
2125
1978
2046
967
891
894
1476
1545
2080
2007
1961
874
1945
914
948
925
1909
846
880
837
2071
2033
1947
1488
1461
949
934
942
967
854
2073
830
946
921
954
967
2042
2008
1476
1489
1979
1980
954
1986
881
958
934
2019
1885
830
878
870
937
1928
2412
1467
2121
2047
1924
1064
924
1987
1964
1960
2163
1991
2155
947
2002
1907
1962
948
1966
1871
1983
886
889
2002
958
996
2011
1919
1919
877
1947
2020
1356
1944
1913
2175
2058
2000
963
836
1920
878
1009
941
1959
945
889
862
2040
2135
2057
1842
1927
1919
2053
2017
976
963
2008
1874
1891
1894
1971
908
2036
1426
1912
2076
898
2129
2018
1990
2010
866
973
2141
2111
901
1916
1998
2132
1527
1946
906
845
879
1986
945
1020
2105
2016
1923
886
841
953
981
1906
1401
2020
977
950
927
946
878
2045
1971
2017
1981
1956
933
1469
1870
1479
1537
1493
848
1880
1896
897
942
948
917
2009
2004
861
2051
2146
2059
1354
1426
2087
1932
1939
2026
2010
2061
2007
1925
961
2129
1982
2029
886
2014
2091
2156
2016
1384
925
1993
912
973
2121
2130
1951
843
1939
861
2006
896
2552
1949
1916
2116
2070
2114
920
889
1888
836
906
944
1961
1321
1942
2011
1505
2111
1536
871
889
855
891
942
2091
909
1957
1999
2077
840
905
2092
1588
1420
1952
1946
893
2010
947
1896
1880
2012
958
2108
2055
1976
2029
1984
1521
1517
2139
886
846
882
929
1953
993
1968
1996
1892
926
1945
2127
929
1924
1980
2033
1983
977
950
1881
845
861
806
935
1935
983
964
868
1896
1486
1551
2036
1373
2062
1889
1984
1962
2080
961
891
854
883
875
979
2007
1358
1429
1480
1948
2004
1954
2078
2010
2020
1977
2081
2098
2097
966
1946
1926
1561
2050
883
894
1997
952
2038
1946
1930
980
2024
911
804
883
956
2047
1438
1391
1451
1551
951
936
959
1995
1987
863
926
2032
1934
1947
1002
863
2112
1518
2278
2004
901
889
2003
2063
967
2061
2118
1846
905
837
1965
924
1921
2012
1474
1545
2046
2040
1959
909
1306
813
2199
1993
1009
2036
2009
1952
2005
2038
1591
1372
1967
947
923
2075
2040
940
1931
843
1891
1896
929
2047
1432
1932
2034
2054
2051
2115
867
894
870
1873
971
919
934
939
1940
859
1425
1996
1925
897
1889
1963
2102
2147
2152
2068
1896
1917
2036
845
2052
1990
1917
915
1942
2047
1974
936
2099
932
899
1935
2067
2039
2105
2139
961
1855
1888
2119
1488
1912
802
908
2208
2064
2177
1973
2027
860
892
830
954
913
2054
1431
1729
987
918
926
951
854
2084
1934
961
2070
1956
991
1986
1964
2024
2004
1972
1929
2021
2029
1969
964
934
936
886
803
950
1915
1995
867
1962
1860
2080
2018
2073
2106
2110
1915
2024
1910
938
1970
2137
917
1917
870
1470
2595
1967
2046
1941
2042
885
1007
962
941
908
827
849
858
942
949
1357
1398
1482
2066
2036
962
2006
2046
1984
2092
2149
934
990
920
1918
844
1539
1983
2024
870
1891
2014
2083
949
986
2006
880
856
1885
1868
2140
911
2039
1438
1985
952
2015
2049
896
1964
2032
2030
1962
2017
972
939
1325
881
1553
1514
1474
1874
854
1958
984
2011
2137
942
2043
1864
1866
1945
2001
933
1387
1466
2078
988
1631
1042
961
1951
883
824
947
2108
2035
909
2086
2025
1901
2053
2066
1984
1876
871
945
981
944
909
955
1928
1907
1907
990
1974
1399
1831
2010
972
2045
2055
1993
2173
2034
1845
1961
882
2028
2038
898
2048
1457
1588
2686
1884
1990
1980
2005
973
965
935
2063
1966
855
883
1584
1507
1478
1432
1451
2042
2053
998
2038
1893
894
841
2047
1980
2088
2033
898
1979
2215
947
976
2001
1862
851
1911
2047
983
963
902
837
1912
2039
2015
2052
1936
1414
1914
1437
2125
2054
2015
906
1998
1997
2133
2205
1988
922
885
1891
1486
1497
1619
867
1821
876
1945
962
2098
2037
854
1959
905
1987
1954
2133
1878
1898
1894
970
970
989
1947
856
917
846
2036
907
2007
2079
2019
861
2026
1525
1968
893
1957
2065
927
1990
1971
940
2050
1986
878
1932
957
909
2472
1434
1983
1953
2084
1113
2037
1946
910
800
1999
2015
1075
2093
1908
1840
2106
2093
1443
875
2008
1964
2020
958
2035
1917
887
2006
922
927
997
2057
2016
1413
2149
2144
971
1998
1061
1896
1894
2051
2032
2174
2019
1913
909
933
1585
1969
2078
888
1979
871
929
967
2117
2119
1944
910
1959
1901
974
1960
1419
1393
1470
972
957
968
922
1960
870
877
960
2164
989
950
918
1995
2047
1538
2004
895
1867
1936
911
2091
2079
2012
2026
863
2178
842
980
950
2080
1387
1467
1527
956
945
1988
1868
1891
941
2106
2018
2060
2028
969
1956
1515
2073
1506
2084
1983
870
1911
2049
1004
2065
2019
1915
852
1915
974
928
1992
1960
2104
1847
2021
845
2056
2071
923
956
859
2002
1956
920
2019
2002
2006
1937
2068
1002
1002
2100
912
827
1906
2088
1994
2062
1936
948
1961
1934
1519
1658
1473
1887
1954
2033
2063
970
2086
972
2100
1941
1917
2068
2026
2062
1880
1879
1551
1938
2011
1975
853
2112
826
973
2004
943
2066
2104
974
2046
1984
1940
1450
1364
870
1858
1002
933
1956
956
940
882
1981
878
914
893
2024
1947
1565
2039
988
2033
1901
1954
1925
894
2101
960
2091
964
915
878
2904
1950
1477
890
893
1848
1908
937
2009
948
2079
1974
899
871
2064
2099
2046
1886
1967
2082
972
940
2035
1952
1992
1863
914
2194
970
981
968
1872
2729
2099
1485
1906
2016
882
2172
958
939
953
1927
891
881
1946
883
952
1486
2081
1584
936
980
1913
899
868
877
1895
934
2047
2047
925
2010
2059
1984
2636
1492
834
876
875
945
873
1962
969
921
864
842
888
1990
2091
2031
1438
2075
1999
1953
1888
924
1853
894
1961
893
1979
2050
970
2058
858
1572
2031
1999
1997
912
1874
944
947
2052
943
2211
2005
1932
893
1948
2064
1470
1411
1541
1951
2112
897
1966
1973
1924
1929
1988
1989
902
2022
2046
2133
1502
1999
1974
856
1920
848
980
916
1919
1976
934
1894
1895
899
1956
977
2117
2046
2025
2032
2111
1924
1962
2024
828
1994
1975
2012
943
2020
940
886
1534
2064
1444
1909
1887
841
2097
2015
2058
967
938
887
1987
892
931
1981
1575
1874
1999
931
1899
1997
888
826
956
1965
2016
2135
2097
2027
1889
1867
1567
2058
2094
888
2059
957
962
2092
921
1991
1975
1909
843
1906
1968
2053
1970
1408
2102
914
2151
949
2001
1987
838
2031
2057
962
1951
2021
1983
887
2062
1481
1945
886
1279
1907
1983
977
2006
2106
945
902
853
1998
2069
953
1955
1962
1929
1997
2057
2148
1959
830
1244
1898
2222
958
2096
2001
2072
1980
1511
2073
1869
844
894
866
1908
1866
905
2089
2057
868
2008
2037
2008
957
1523
1374
1527
2110
1960
918
861
845
1996
909
1987
2098
2082
942
2047
867
1600
1490
1459
1858
1878
1911
1977
888
1300
2113
1990
1993
1943
1979
2093
1991
2079
2000
1683
2030
966
919
2037
881
1984
1999
2001
1930
1893
1986
1931
1994
1527
1502
1450
1987
889
1933
942
928
952
2073
921
1978
834
2085
1902
2105
1992
1999
2101
2575
1939
2053
859
850
1977
896
2221
2114
936
2187
1986
856
2034
1958
1517
1827
859
855
972
927
1949
950
861
891
828
1934
870
973
2574
1384
1578
889
2227
936
2170
1875
783
2039
2021
2282
901
2103
2123
838
2070
1465
2021
830
877
904
2221
2121
2054
978
1964
1965
1970
2008
2063
967
2106
1479
1913
1895
974
958
928
1965
851
875
1954
2096
2047
928
2041
948
1534
1962
2032
1877
2144
1823
957
2076
887
2039
833
836
2014
1911
1899
937
1990
1946
1559
2150
2056
2046
870
1843
834
890
892
2084
2083
2050
2147
1927
1507
2026
1952
1891
862
890
953
2002
1935
963
1998
1901
888
1972
942
2037
1420
2007
2097
1926
2110
2073
1937
2014
1852
872
899
1983
925
1027
1947
883
2787
2162
1533
1985
1959
893
2136
933
1971
900
947
867
872
1890
1983
974
1882
1412
1570
2016
919
926
861
1914
866
1978
2028
1966
868
1936
2232
905
2108
2015
1506
2196
2025
1991
944
2070
1978
1960
1938
890
1822
1911
887
971
2057
1450
2061
2036
2095
5029
1957
1907
1936
1903
1995
992
931
980
1896
861
2218
2111
1529
1947
2001
882
2038
2067
934
910
905
891
797
939
948
2148
1434
1411
1616
949
1938
986
871
869
1919
891
930
931
2101
953
1998
1922
2006
1475
2203
1980
863
1902
1994
932
1951
2082
2080
1977
2189
1979
2096
1091
1961
1835
2134
1980
2045
985
899
874
841
1977
2064
1063
886
978
2070
901
1535
1515
1466
1941
1964
856
2067
2169
906
1944
2093
1997
1950
867
1956
1951
1989
1978
1971
1957
2059
2058
1955
800
1877
874
891
945
1944
2099
2063
2002
2200
1548
1976
1953
884
1940
1969
960
2060
2008
941
1956
1882
874
1956
936
2078
2034
2044
2058
2122
1942
2004
1962
1921
1968
1987
1975
2054
1975
1877
885
2085
2005
2016
1972
896
2006
2132
924
1938
993
878
843
909
1866
895
1016
1393
1471
1980
941
981
1974
899
888
872
1937
935
2028
2035
1981
922
1995
2068
1512
1915
1964
888
883
2129
2027
1987
933
2163
1891
1890
878
1978
1997
1916
1931
1521
2006
937
2109
901
2038
1981
828
2045
2298
947
971
2086
1898
1958
1509
1968
1894
865
855
2140
2091
2048
2113
946
1893
892
1960
1969
2097
1898
2000
2032
1981
1991
1981
885
1931
1972
2149
881
2073
959
935
901
1924
1985
1944
2650
2090
2080
1973
2107
914
926
960
1949
1899
853
1873
2098
965
1923
1594
1546
2051
2099
2040
913
1982
1890
879
907
960
2059
2052
1986
865
1547
1590
1875
1980
889
836
2175
972
912
2098
935
1907
2007
890
913
2028
1422
2033
2177
930
2048
960
1969
874
843
1867
930
957
4481
2037
1988
873
2100
1542
1485
1365
2113
919
2095
963
918
977
2128
877
1934
892
1915
2233
2197
1576
2068
1478
2052
929
886
1980
841
873
903
949
940
2055
921
872
1955
2101
1461
1924
1928
1926
1007
1964
2286
2061
900
2084
848
2015
930
940
2096
1493
1979
936
2022
2002
985
879
1953
867
1968
1896
922
2034
902
2019
1489
1498
1471
837
2158
873
961
1965
910
1938
969
889
1900
859
912
975
1440
1431
1558
1927
2047
911
2004
1961
836
868
926
1985
1971
926
1031
885
1961
2069
1543
1857
848
903
945
2052
2057
2078
918
895
2105
838
2133
933
1894
1439
2111
947
1965
1993
2004
856
920
2057
2118
2027
1981
901
905
850
2694
1623
2133
1944
856
865
1908
979
2026
984
1942
2009
2072
830
904
930
1359
1884
1433
2023
917
964
947
851
1458
1924
937
2041
922
1971
846
1953
2047
1506
1930
1986
1960
2004
948
2060
965
1980
894
1821
891
1933
977
2082
2756
2120
1562
955
1980
942
1311
1889
902
2029
1052
2138
951
2076
922
961
1481
2108
1962
892
836
1915
904
2066
987
950
1955
838
861
875
2084
2059
1365
2009
1467
2068
955
984
1442
871
1909
877
941
2289
973
932
925
1370
2021
1465
1926
1254
825
1932
2048
2087
2032
951
1964
927
2062
865
1967
970
2401
1978
1969
2053
894
953
2174
875
2006
1979
1616
2034
2066
957
855
862
1501
2123
1527
1434
1865
878
1959
960
950
2041
858
2097
865
878
934
2075
1964
2010
1475
1980
1950
2078
959
883
910
1979
1985
982
976
960
1921
2021
1482
2097
1523
973
941
890
913
2017
2098
916
884
1959
881
1853
952
2036
1390
1954
1457
1948
1978
2016
942
872
2154
847
957
2044
945
1908
910
847
1625
1973
1513
889
1982
866
907
957
2075
930
1952
844
1870
1996
2091
2010
1991
1412
2151
950
953
1964
922
878
908
1874
2127
926
2016
960
1981
833
1946
1993
1488
1903
1923
2183
2001
942
2117
972
930
1884
986
2007
1035
1953
1417
1906
1951
2046
888
977
2056
1972
1871
1971
963
2116
968
2031
886
843
1474
1554
1938
896
854
2079
894
1995
962
1999
915
841
974
884
923
919
2530
2057
2062
953
2003
2118
2078
868
904
874
2060
1927
1987
950
883
1379
2111
2127
1489
1883
903
929
938
2131
2348
2025
895
2081
896
1925
979
1958
1333
1870
1465
2144
2083
2062
914
861
1971
841
976
965
2097
905
1936
879
1487
1578
1952
845
2246
874
884
947
2170
922
1922
878
864
1812
2031
2047
2546
1508
2095
2092
952
982
2038
2004
879
862
995
2167
2047
959
1983
1840
1543
1508
2097
878
883
922
907
957
2131
2012
910
887
879
1973
881
2122
1531
1876
1452
952
2012
1041
1993
880
870
1924
960
956
988
927
899
839
2046
1540
2154
897
826
943
923
2123
974
2142
1959
831
906
1997
968
2038
1430
1428
1479
2116
2076
2023
1904
1876
888
1803
942
1942
945
2051
889
853
1466
1620
1630
1985
875
887
908
973
981
991
878
1921
2249
1853
1987
1962
1874
1895
1537
2123
933
2071
986
1950
2065
2030
980
908
944
2035
875
1999
2073
2025
1559
1393
825
1973
2001
948
961
2072
896
1867
1888
852
2153
921
1371
1475
1942
1553
2085
2100
949
2001
1959
2060
1936
922
988
968
1964
1962
1974
2585
1487
1904
1886
881
874
1956
923
916
905
933
1966
1980
968
1026
1978
1417
2046
1608
2027
944
918
2023
889
2009
938
1047
1990
914
874
849
1447
1582
1745
879
1870
1962
931
941
923
903
1932
846
2016
1949
915
932
2009
1921
1530
2075
956
980
905
2051
1981
2033
2043
1971
1989
900
1923
1901
1932
1475
1483
1931
843
2018
2121
942
941
2087
914
2076
2021
1855
1965
2150
2023
1420
2024
948
1987
981
2044
913
1878
861
2171
965
2064
2253
886
783
1994
951
2004
924
1913
1886
884
962
1011
1947
2069
1915
2026
811
1981
1962
1335
1863
2012
2213
2070
959
2094
2001
1976
864
938
964
953
937
2001
1906
1471
1490
1524
970
880
859
920
2112
2119
2010
1908
1818
1928
912
2041
928
2087
1409
2167
1948
1958
949
1135
2114
853
2031
2136
975
2060
915
916
874
1459
1550
1994
885
1847
1819
902
2079
2140
918
2026
1990
892
2003
975
2103
2125
1416
1953
1996
2020
2024
915
2032
882
890
923
2090
2054
937
898
2008
1501
931
954
892
880
1987
2012
950
1004
941
2220
982
1923
858
2021
946
1625
1920
1463
1975
917
933
1994
886
922
853
989
941
967
1007
2123
1943
1458
1673
1534
1873
937
1990
2224
948
2143
2002
901
2137
848
1565
954
2049
1936
1883
2044
2121
2001
956
2064
1977
1995
814
977
2031
2025
939
983
887
1499
1508
1548
1373
1985
1970
1988
947
1995
1929
2000
1941
2003
861
2106
957
2086
1411
1956
1968
1969
916
919
2082
2032
921
1937
979
2138
2055
883
838
1457
2083
1558
1979
2059
880
2009
968
2043
955
2050
2056
872
1966
957
2100
2024
1412
1945
1957
2053
993
949
875
853
1939
1969
954
2089
2117
895
971
2002
964
950
905
847
902
2036
2063
962
2042
2087
837
1899
867
1995
1003
1393
2085
2080
985
1527
2033
916
861
2106
869
957
935
2041
1947
843
890
1613
1537
1920
889
1914
2259
915
961
2109
2094
921
2019
888
901
1959
1940
2006
1542
1478
2088
974
2152
1941
897
1877
1955
2109
2056
941
1981
1915
940
2146
1494
2047
860
923
890
983
2025
903
1934
926
1929
1960
2080
975
958
2019
1924
1898
966
973
944
2002
1956
862
1967
1035
2045
956
2247
913
958
1484
1961
1537
1846
861
1931
938
2081
2014
926
883
879
1912
835
941
1988
1363
1437
1937
2117
2023
2201
1981
961
1991
895
936
982
2035
1976
2094
890
1490
1529
1523
1998
837
876
904
2130
943
904
1920
872
1958
873
997
959
2533
1887
1965
2160
966
924
930
900
1942
885
984
920
2048
1960
2060
875
1998
1650
2010
842
873
1926
1949
971
1958
934
927
798
869
889
1973
2087
1965
1374
1618
2078
915
2164
1950
881
1958
2046
962
2032
910
1950
2020
941
1393
2020
2082
935
1060
901
895
1986
797
1914
941
1990
946
2184
961
907
2041
2019
1888
1364
886
1939
2125
964
934
945
947
1962
822
1912
941
1000
1451
1851
1950
922
1992
2150
2147
869
1870
1910
1485
943
2053
964
876
1970
1651
2014
1902
1856
877
862
2180
930
920
971
1943
2049
861
892
935
1051
1411
2036
1975
978
2088
916
906
1967
813
1953
916
964
932
940
2041
2010
2209
1527
1516
880
2129
1894
957
953
1003
2118
2044
865
1985
890
1956
904
1428
1425
1933
2051
957
1984
865
828
846
895
921
954
2050
952
900
875
1528
2053
1497
1438
2068
841
929
2093
919
1983
2080
895
832
1957
950
962
2002
1846
1952
2064
1530
903
914
2032
907
878
925
2021
942
2124
927
2038
1496
1526
1527
891
1937
1822
2129
950
913
956
949
1951
851
856
902
2147
2508
1860
1519
2098
989
2062
895
882
1944
1969
874
1910
907
957
890
879
1592
1951
1930
853
895
1993
961
2064
2137
975
1938
890
961
872
1918
977
1970
2026
1661
1989
900
1321
1905
884
862
863
1903
2119
927
2107
927
915
2723
1579
1969
1300
857
2053
2027
1999
883
933
873
1895
1838
895
1935
978
2053
1396
2055
944
1082
947
1987
846
1951
883
1957
983
1982
2076
910
883
1530
2046
1501
907
2072
850
972
2128
1919
2056
2064
916
859
1935
913
955
1426
1930
1967
1955
931
916
918
1887
2156
1973
947
2087
1002
946
1992
863
2090
1483
1892
889
1925
1867
2098
935
1002
953
929
2024
849
888
1023
2164
2558
2436
1539
2086
973
2096
1998
838
1930
1906
870
1978
951
938
918
891
1550
1965
2002
1326
886
2008
971
2125
956
2104
934
2026
1885
869
1987
926
2001
1898
1515
945
957
1979
2048
868
833
876
906
2090
2215
933
2050
881
2078
1470
2051
1859
839
871
1995
2018
2056
934
968
899
1912
2052
911
1968
1620
2106
1614
2027
982
956
882
1926
2052
948
2264
924
2106
1026
1919
1882
2723
2071
1464
2003
860
2014
957
948
907
933
1935
852
834
882
904
2003
1414
1562
2087
2056
915
2086
1920
854
897
854
2003
958
2017
2110
948
2010
1953
1511
1468
1308
1983
2038
2106
966
944
2017
2240
886
2018
889
1978
955
2093
1950
1589
923
947
2025
901
1946
842
847
2033
967
1901
2051
1960
906
2072
1527
2031
869
849
1996
946
929
1971
2050
926
1948
824
875
1906
2181
2503
1359
1527
1421
981
900
871
933
2055
853
941
956
1994
2075
2018
995
2061
1461
1576
932
878
844
955
2019
1971
910
882
898
1864
1939
855
959
1400
1979
2341
2002
946
1912
884
1874
1957
892
2156
2037
1944
905
976
861
1609
952
1903
1852
2035
828
2030
940
2050
927
863
880
909
2038
921
961
1402
1435
2102
1423
1967
2037
839
2000
1909
1923
879
1025
943
926
1949
884
1923
2036
1502
1935
1984
2066
973
983
910
979
1922
1875
1926
902
911
2053
2038
2075
2187
1509
2089
972
1939
813
854
875
866
937
2024
923
2086
851
2057
1518
1592
1965
2015
1994
953
1948
897
1992
958
889
2020
871
940
2100
2093
1368
1927
913
947
1000
1998
2011
1970
866
908
2061
938
950
1942
837
1495
1473
1945
1991
1917
911
2129
967
2112
955
949
2067
2016
811
860
956
2025
1921
1948
1494
1966
887
1985
2007
796
1979
918
922
1951
2143
2010
1972
1538
1508
2036
828
1886
870
998
1941
915
1960
922
909
857
1896
900
952
2048
2002
1509
1925
931
996
2107
2031
2044
854
928
977
977
911
912
868
2107
1526
1467
798
1881
868
1025
2139
915
2143
937
875
850
858
898
928
2125
1989
2158
962
983
930
910
840
2096
1971
901
2069
929
2154
1917
896
2203
1502
2001
2111
1916
1964
970
963
905
931
931
2044
1918
2074
1981
921
2482
1401
1494
929
984
1964
888
877
882
874
1952
959
1008
2078
2071
856
2059
2095
1493
828
2057
848
1944
943
2016
2146
977
1956
2025
1895
925
935
1886
2027
2052
2085
943
2022
881
1836
880
868
886
939
902
1960
929
2021
1469
2083
1488
824
1971
1929
960
1976
1928
953
987
1913
865
907
2072
2317
2703
1352
2126
944
954
1975
1982
1963
813
879
903
925
2005
2153
990
860
1516
2045
1917
1975
874
1950
936
929
929
954
943
908
2107
1988
926
1492
2033
1928
2164
927
2016
953
1966
871
2063
884
1999
948
953
2029
2008
1855
2132
2117
1495
885
2000
833
2052
1981
1935
961
924
1893
834
1918
910
2009
1414
2039
1496
946
938
924
2122
837
859
2057
2052
1003
1975
2097
2002
947
1542
1661
1916
1366
1899
2102
924
1925
2068
964
972
873
2029
1911
1947
2019
1432
1407
2011
1950
2005
2052
2039
900
1859
879
920
1970
2217
968
2085
878
2034
1476
1458
1845
1846
1860
2091
919
1868
995
913
1961
1915
879
909
956
2031
1996
2088
2022
2136
900
2031
1873
1856
873
2037
971
2039
1993
2003
945
2042
1531
1464
877
864
1991
924
926
988
945
1063
2007
1942
913
1960
2234
2010
1992
2153
2057
2214
973
1963
846
1948
1976
899
896
2080
943
2095
1901
1606
1998
1454
842
1982
938
2056
942
956
934
911
2148
2018
1981
1953
897
1914
1948
2070
932
2036
938
934
2064
1983
1967
2122
1961
933
972
959
1897
1500
1581
1456
2012
2057
1905
2001
946
1991
1028
2039
1954
1973
2023
1905
1976
2029
1410
2019
1946
976
924
928
1916
839
863
1969
2124
2030
1975
1960
869
1592
2042
1496
845
1989
1868
1982
1989
903
1353
997
1882
1925
904
931
974
2586
2004
2022
973
2041
2082
965
2146
902
870
1913
948
2160
907
1927
1863
2555
1518
1965
833
867
896
1932
1604
1937
913
898
1997
1954
933
2107
995
1443
2004
2656
2080
1966
1928
931
851
1916
1930
2033
936
2280
937
2045
1913
1482
1929
1502
1451
2000
2045
956
2042
1078
895
897
871
1978
2010
2040
1954
1364
1876
1935
2005
964
2002
952
1949
2149
1993
2134
1952
2017
906
2155
886
1537
963
2069
1967
1920
1980
938
968
2054
2139
857
1981
1988
1978
2291
2090
1374
1398
2039
967
2030
2037
891
890
1859
820
942
920
2059
2070
2145
2010
1938
1581
1515
2021
2070
1962
2052
2146
1990
2032
1974
1934
2020
2017
970
929
1436
1470
2035
2129
1974
1996
1957
2187
882
843
956
2107
2007
925
1908
1854
2599
2113
1449
863
1966
1969
941
2121
1981
1968
1981
1928
887
1974
2142
925
1382
1391
2039
930
919
1942
1924
883
2011
2019
2019
940
953
2020
899
896
1993
1984
1998
1926
836
1981
944
975
2084
2047
862
831
864
1974
2050
980
1352
1474
2064
1510
2000
1971
2127
904
1954
862
1969
1918
2068
908
2076
821
1484
1625
2025
893
1983
895
923
2052
2116
913
2248
1852
897
850
1961
2025
1898
1854
1452
2055
2093
1957
906
1891
890
2013
2085
918
2071
952
889
1956
1451
2015
1506
939
870
901
1948
1968
1957
2051
2013
2013
2006
1943
974
2029
1355
2003
1918
2063
2058
2036
1998
863
1936
850
943
878
943
1924
1945
1970
2007
1536
1708
2009
2180
862
929
2087
961
2062
1936
1946
1886
1895
939
2033
2035
1411
1446
988
2086
972
943
2064
864
2075
1962
1929
2122
911
866
2036
1489
1508
1968
1921
1899
1866
914
2211
984
2036
1952
882
2039
2019
2103
2083
1359
1920
1967
985
935
952
940
893
1947
877
2025
2052
2063
1946
1984
835
1997
1542
1526
921
2006
869
2103
943
2048
2129
2060
849
895
1899
1937
1999
1856
1922
1485
2060
1998
2059
921
1917
897
1999
2180
951
2157
926
895
2141
1458
1936
1483
893
849
1920
1881
946
980
945
1877
1955
1914
847
2094
2043
1364
2000
2124
2014
909
1958
984
880
2073
836
1996
2225
963
2125
1961
1900
1875
1520
1975
965
2031
894
1979
959
915
914
901
818
891
1856
2089
938
2019
1457
1474
1627
953
2092
2090
2072
860
827
2053
1958
2123
1010
1955
861
1997
2056
1492
1958
848
2016
924
967
951
2081
1863
6694
893
815
1920
1998
1911
2040
1501
1518
965
974
911
1986
2036
1976
2173
2103
2039
908
2037
2041
1450
2100
2107
2004
1851
1888
902
2074
987
2043
2017
2046
862
838
1982
925
1907
1961
1468
996
2019
998
954
2115
859
859
955
969
2111
919
898
1804
2579
1487
2685
947
875
1964
2015
2011
987
943
866
1866
1860
1882
939
2179
2036
1982
2054
1970
951
960
932
875
852
1959
1991
2014
2012
1982
1903
1885
1522
1982
1557
1956
853
1846
892
990
2057
2077
2023
849
1989
847
1038
972
1354
1903
1938
1981
946
960
1971
1888
1981
2149
2033
928
1939
936
1970
1989
1475
1988
1483
1352
852
885
1955
1960
2015
956
925
1891
1947
1992
2156
993
1378
1433
1461
1564
2091
2203
1979
2037
1993
895
936
2038
1997
963
1910
1882
1979
1981
2092
1478
1972
825
2018
936
2154
2164
1854
844
897
1883
936
1982
1980
2090
2036
957
930
2028
914
1901
2050
909
959
2074
2044
925
2096
847
1641
1500
2081
1900
1825
1967
2021
929
971
2046
2074
1986
1957
851
934
977
1462
1528
2004
2141
2078
1972
927
1863
1926
937
1990
1953
2100
2007
2008
883
1955
2003
1923
1950
1888
872
1956
2105
958
2039
1959
886
884
1974
925
968
1535
1442
2013
925
943
2170
1987
1879
892
886
965
1992
2095
2112
886
868
1466
2052
2107
1880
1942
1918
1953
1941
2109
940
900
861
858
909
2029
903
1579
1411
2063
966
1960
2093
1825
2016
875
2000
911
891
957
924
2137
817
1602
1535
1559
896
819
2038
1908
949
1971
907
900
831
821
2106
2035
1927
2483
1418
1990
2016
1986
2075
925
1985
983
2029
2074
967
1976
943
1937
1424
1528
1534
1466
1887
1837
2115
2026
956
2143
2050
2014
1991
890
854
986
962
1358
2884
1901
2053
949
2163
1944
844
2024
1900
1029
2143
2223
1935
1993
1979
1926
1529
1997
1928
1903
906
920
944
2166
934
2075
1894
1883
1950
939
912
2117
1424
1491
978
2105
2070
2217
874
877
1392
1976
997
956
983
1976
1902
2021
2022
1513
2050
856
2007
2066
954
2169
2077
2026
1924
1996
888
938
966
1377
1426
1921
1962
2143
994
2079
1896
2053
2054
964
2028
942
2052
879
2112
1493
1531
1542
854
865
2048
1935
975
2038
974
914
836
1888
1907
2057
929
1374
1978
2028
1994
1972
2127
919
888
2073
1921
977
2033
2112
970
1853
886
1598
1029
1928
2044
893
858
935
2025
2076
986
893
849
2151
1983
951
2063
1989
1417
1461
937
2120
958
974
887
1916
1916
2078
2036
2007
1983
925
852
2715
1946
2098
1414
840
885
945
973
2104
2038
897
849
1949
2007
2047
909
2654
1851
1904
958
2120
1943
2035
1915
959
853
953
2050
973
2145
940
2041
2065
1585
1976
1405
2098
1922
915
933
2122
2070
888
839
1958
1957
984
2036
1871
1426
1909
2003
2067
970
2017
1983
1968
871
1987
909
943
931
1924
2076
1458
1584
1516
1985
1917
1871
1925
2121
2036
2034
874
1951
1996
1932
890
1965
2000
1920
1744
1970
1964
1037
1986
2004
1903
1883
2096
2026
2117
2147
895
1974
1547
1342
1899
1913
974
894
920
1985
2108
948
928
860
849
1978
2342
932
2727
1962
1495
1513
981
2221
939
905
879
1997
1945
1968
2054
1983
1917
2004
2661
1543
1969
1954
1870
932
922
2029
1003
2033
2024
871
1971
1994
2036
923
2626
1909
1902
977
1987
2039
2136
1914
891
900
2054
946
2162
1994
2021
866
1881
2147
2109
872
896
837
1994
2112
999
941
2039
903
1900
1891
2021
949
1915
1944
2082
971
2106
1041
1942
1956
894
1927
945
2099
2098
924
2010
815
2648
2025
1541
1860
1876
1997
1929
2186
2022
2271
895
2000
2078
1899
925
2089
2508
1850
1560
1951
2017
1536
1989
2004
920
1941
2012
947
1969
2086
2091
855
2006
2072
1526
2024
1885
1848
1993
975
2050
2162
902
1991
1970
2065
957
1988
1989
1921
1496
2016
975
1951
1969
900
1930
858
2047
1972
962
2101
2032
1958
2038
953
2114
2158
917
1858
942
1997
2040
896
1975
1880
1949
858
2134
2186
1412
1907
1946
1491
2116
2040
2116
1987
1974
1929
958
1970
2082
972
2001
1999
1512
1492
1500
2006
1946
851
919
996
2088
2166
879
1851
1945
840
948
926
1943
1442
1549
1033
2126
2080
2130
1914
1971
1884
1980
2268
2025
2104
2037
869
2030
1559
2134
1877
894
1950
966
924
2000
982
1862
1910
1960
895
2048
2067
1985
1896
1484
1575
1955
975
2067
892
1995
1987
939
2084
963
2044
1991
838
1580
1493
2018
1915
928
1901
1296
1919
982
1956
2049
881
1994
1965
964
2078
1380
1900
1461
2094
2024
988
2032
846
1976
1924
984
1983
1015
1954
1918
867
2628
1965
1900
1580
2079
2040
2056
2101
962
2175
1937
1875
843
1933
2083
2014
1392
1945
2007
1545
2006
924
2096
921
1959
1867
2072
2043
2151
2108
880
1934
2053
1656
1978
1966
1892
870
940
951
2024
1939
912
865
841
1983
2155
2126
2074
1423
1492
1973
924
1625
945
1901
1942
2025
2149
1973
2121
1922
2050
858
1940
1978
2144
1436
1965
998
2023
2268
998
2128
2080
2000
879
1913
2039
1887
1369
1961
1950
2039
2058
910
1911
881
1961
836
2099
2101
953
2130
905
2025
2119
2107
2076
1884
874
1921
1886
2071
2062
2067
868
863
2126
2041
984
2056
2180
1422
1485
959
2138
995
967
1913
1587
1920
2055
1985
1966
1955
2032
2029
1975
2054
1503
2035
1869
1933
2064
1998
2056
923
1966
841
2051
863
1972
1998
2049
1552
2053
918
2028
2086
2079
900
1979
2077
1916
2101
2050
1967
926
1993
1515
2086
1490
2008
865
2087
920
1977
2109
1935
878
1931
1878
829
2027
1992
1360
1440
1518
1978
901
1954
952
881
867
2023
954
2117
920
1993
2031
821
2024
1513
2089
2042
795
1863
911
2072
2049
969
1960
1902
919
870
2016
2033
1382
1418
1501
2112
2204
1956
1956
2032
869
1957
2067
2038
961
2173
963
1967
1993
1527
2052
892
1891
1888
1906
1965
970
2102
1958
1966
1973
2004
1959
2039
1978
1539
1462
2096
2049
2060
2015
1989
2023
912
2148
2031
2106
1954
949
1875
1925
2036
1985
1966
841
2067
2022
972
2028
1369
1983
1933
2123
861
2090
915
1976
1930
1926
1597
1950
1964
2003
1911
1952
2047
2093
947
2144
2068
1970
902
2004
1988
1518
2119
864
2022
2008
949
2086
981
1942
1859
884
2014
961
2069
1398
1417
1927
956
2092
951
943
923
2092
845
2051
2040
2127
919
2089
869
1955
1958
2018
877
1835
1901
2011
941
2112
972
897
1978
951
1996
2167
914
2071
1907
2079
2058
2027
946
2125
2012
2022
795
2208
926
1989
1983
914
1829
1618
1956
1884
897
1931
1939
2012
2085
2129
965
2096
2034
1922
839
2140
2022
1360
1943
1446
1982
949
993
960
1874
882
1929
986
908
918
1945
913
1902
1472
1981
1926
897
1993
889
1983
2043
980
2081
898
1985
2037
888
2121
896
1898
1534
1632
903
1908
966
1986
875
898
858
2011
1958
2042
2117
2049
1882
1924
1485
2018
1405
2017
2018
955
2027
977
973
893
811
2035
1951
2077
968
1956
1397
1950
2131
1908
988
2122
1884
914
823
982
2029
958
903
2032
2001
1913
2053
2132
1922
1868
1872
1964
1977
967
2127
1987
2040
1946
2004
1948
2053
2112
1446
1985
2046
2092
974
919
868
2042
872
2052
1884
1982
932
2071
2004
2046
2197
2102
1872
863
1876
1934
2082
963
2184
2084
891
1995
876
2079
2065
1361
1890
2035
2060
937
2021
972
1970
1904
894
1960
935
909
1046
2038
860
2071
1967
1953
1358
1995
875
2004
2103
943
2057
885
2020
2012
854
2138
955
2078
1889
1961
1487
1936
2007
865
1986
1961
1931
2124
2047
938
2071
1870
1971
1485
2133
1535
1972
1967
916
2051
2101
1010
1999
1890
1864
932
1941
1963
1935
2559
1420
1992
2202
985
981
927
1998
877
928
927
2070
2106
1982
2027
1876
1930
2185
1641
1979
1885
2077
903
2045
2075
2151
2053
1861
1958
1845
2166
949
1940
2029
2117
2056
2021
960
2150
922
1875
2033
2143
975
2038
2104
2172
1977
1952
1508
2052
924
857
1997
907
962
2044
944
2043
831
1974
1940
2076
987
1911
1891
1631
943
2117
2089
1998
1893
867
869
1934
1997
2142
2091
2043
859
1510
1545
2056
906
831
959
888
2022
957
969
907
1873
1985
1869
943
940
1342
1992
2082
1465
2120
2076
2056
863
912
818
2109
940
960
995
902
1967
2036
2002
1900
1854
1917
1968
924
2100
988
936
933
856
2017
1972
978
2055
2015
2091
1558
2072
1065
2031
2068
1971
1947
878
1913
911
1941
952
2024
1951
1479
2276
2048
1995
860
883
900
1083
931
914
1945
1819
1900
864
2011
922
2522
1430
1979
2086
928
966
2050
1916
1985
828
963
884
2076
939
2111
1949
1533
1976
1483
896
873
1882
2018
2110
2020
927
2046
801
1955
840
2054
2123
1874
1958
1700
2072
942
2027
2034
1877
985
897
2127
2043
1946
2288
2016
884
2049
2053
1487
872
889
2012
952
954
876
1973
1951
1941
2058
856
909
2139
2056
1857
2097
2168
2044
941
868
839
1971
897
935
953
1972
2099
2168
2095
2033
2028
1975
1385
2060
876
932
1008
973
958
2046
2052
849
2000
1983
978
1986
1382
2069
2002
938
1969
1945
842
2094
2061
2101
1006
2017
2045
963
2026
2770
2229
905
1884
866
872
971
2067
2154
935
958
880
881
2194
895
1968
1475
1391
2159
1993
929
926
936
1912
867
1867
1937
937
2016
980
2033
906
1530
1537
2030
2013
1918
1851
956
925
1986
2198
919
872
1970
904
2010
942
1422
2092
1581
1957
962
1945
1936
1837
810
2071
943
2120
1984
2026
856
1993
1521
1492
1474
1872
893
1953
1997
938
2031
987
2024
1935
1896
824
2038
2122
1416
2003
1588
935
981
940
890
891
1950
1859
1294
977
986
968
1931
1977
1997
1521
1997
2021
864
2068
1012
2007
969
2001
1966
2029
1979
1978
907
1990
1438
1385
1523
1886
2043
2067
1922
878
834
2023
2054
981
2071
2096
941
861
2105
1916
1906
2036
822
1919
959
962
928
2054
2290
1923
1853
1893
2027
932
1438
1412
1578
962
2067
944
862
866
1858
1908
2010
955
915
942
915
2003
1542
1635
1458
1947
2047
1938
2085
1931
902
918
1916
1959
992
858
2104
2048
1428
2032
1498
1946
1455
1952
1974
841
1851
879
1899
945
2062
2064
2086
2009
1552
1509
1510
1873
1906
1879
996
2103
913
990
977
2040
845
1968
2117
2198
1434
1926
1941
989
1946
985
912
907
863
918
926
972
2020
2060
1936
1893
1623
2006
1907
1866
900
1880
1993
949
2257
2129
924
902
2007
1898
1489
953
2611
2017
1521
2114
936
943
865
1979
1953
878
1943
2081
962
945
942
1867
2076
1576
1930
2162
2086
1950
2070
1986
1455
1043
860
1923
841
912
921
2001
1446
1451
1950
1986
2110
2172
1987
842
1978
867
893
2016
919
986
919
2045
2064
2086
2028
829
873
884
2154
2085
922
2124
955
898
1835
847
1947
983
2084
2000
2073
2151
2062
2012
919
1907
1873
2034
912
2076
922
908
942
2004
2033
1949
1481
918
1915
846
1518
880
899
2032
980
884
865
895
940
975
1403
1398
1644
1955
2119
2022
2032
1936
863
954
2046
967
1937
973
2060
1911
1992
2119
1465
1282
827
832
978
2074
908
1987
2010
1923
2041
2051
1986
2074
1420
2001
1540
2038
1498
2030
910
1846
847
1846
1882
2128
945
2042
947
1991
2117
2003
2084
1328
1868
1960
2037
978
2098
940
1986
1883
860
1875
1936
982
2071
1938
2018
926
1987
955
1909
1915
868
2024
1009
2061
1933
1041
920
849
2722
1474
2870
1976
2084
1951
965
942
2001
932
1926
860
832
1884
973
1978
1426
1837
1978
1989
2107
2296
878
2049
856
808
2041
1946
1924
1033
2008
864
1639
1762
1946
1956
1946
1897
2039
942
895
902
1958
863
872
858
923
2069
1409
1534
2091
2018
2114
2022
2021
1982
1850
892
898
1976
972
2106
1924
1957
2113
1507
1495
1957
888
858
958
959
2014
1941
2019
2071
1942
2071
2030
940
1411
1435
1581
2010
962
947
2199
820
1859
891
1909
1985
1950
2033
919
1964
2125
2122
2046
2020
886
846
2138
2053
970
2060
2046
878
1852
930
896
950
1975
1391
1528
1689
1988
2088
2138
1965
1967
841
2101
951
2113
2035
877
1976
1509
1952
1998
1963
882
838
970
2041
907
972
942
1966
2003
1967
2089
2077
1915
1857
1943
943
954
994
2010
1968
820
854
1978
1677
2083
2295
921
2162
2127
2049
1703
1971
889
1903
1960
896
1997
960
1340
1948
866
1978
908
2053
2061
1413
2042
2054
1975
1003
1920
853
904
888
2093
947
928
2119
2005
2041
2043
2168
1518
1947
2000
1942
959
1932
928
2086
1993
853
2077
1907
1922
1948
2662
